{
    "label": "InfluxDB_i=24h_chained",
    "error_metrics": {
        "mae": 2.0325283759,
        "median_ae": 2.280882771,
        "smape": 0.6007039035,
        "rsme": 2.3661410964,
        "mase": 1.8160590692
    },
    "runtimes": "Training: 10.03 seconds",
    "length_train_dataset": 5319,
    "length_validation_dataset": 20,
    "parameters": "order=(2, 0, 1), seasonal_order=(2, 0, 2, 4)",
    "prediction": [
        5.1166583803,
        5.4883217458,
        4.3124698868,
        4.5435984105,
        4.6890513233,
        5.1900109714,
        4.1731288789,
        4.5145176704,
        4.6687935343,
        5.178203067,
        4.1295554729,
        4.443785344,
        4.61482217,
        5.132577182,
        4.1134225359,
        4.4477359569,
        4.6132433597,
        5.1277616207,
        4.097132771,
        4.4208663435
    ]
}