{"label":"InfluxDB_r=2h_om=lbfgs_order=ArimaOrder(order=(0, 0, 0), seasonal_order=(2, 2, 2, 84))","mean_squared_error":2.693169074,"runtimes":"Training: 695.21 seconds","length_train_dataset":917,"length_test_dataset":200,"parameters":"order=(0, 0, 0), seasonal_order=(2, 2, 2, 84)","prediction":"{\"917\":4.1570393365,\"918\":4.3996394934,\"919\":4.3544478228,\"920\":4.6605238545,\"921\":4.8051036804,\"922\":3.8713490512,\"923\":3.7038953569,\"924\":3.7004913239,\"925\":3.4584909502,\"926\":3.590381203,\"927\":3.7350720103,\"928\":3.690924734,\"929\":3.8514967865,\"930\":3.7437832624,\"931\":3.9068214724,\"932\":4.1248016973,\"933\":3.9817102157,\"934\":3.9947236914,\"935\":4.2849652163,\"936\":4.685589122,\"937\":4.571994797,\"938\":4.5048525882,\"939\":4.4997681648,\"940\":4.4750294114,\"941\":4.6958185375,\"942\":4.6503631643,\"943\":4.7669734974,\"944\":4.6164241643,\"945\":4.9777480963,\"946\":4.8663799284,\"947\":4.9538790139,\"948\":5.1639190647,\"949\":5.1562793001,\"950\":5.2121837914,\"951\":5.2899039823,\"952\":5.448409802,\"953\":5.4831821671,\"954\":5.4065514078,\"955\":5.4128964773,\"956\":5.5714910733,\"957\":5.6695168752,\"958\":5.6685244794,\"959\":5.6249494124,\"960\":5.7747466856,\"961\":5.6852493459,\"962\":6.683471488,\"963\":6.8162676341,\"964\":6.6669541697,\"965\":6.9048030489,\"966\":6.9722908016,\"967\":6.7970642772,\"968\":6.9949118415,\"969\":6.9781522455,\"970\":7.0884373853,\"971\":7.1975660888,\"972\":7.2588006307,\"973\":7.3170124035,\"974\":7.3732742943,\"975\":7.4867331976,\"976\":7.5040863248,\"977\":7.7494054715,\"978\":7.721008708,\"979\":7.8076343226,\"980\":7.7982145345,\"981\":7.9014040448,\"982\":7.9572860274,\"983\":8.1983691769,\"984\":8.1740615542,\"985\":8.0563724996,\"986\":8.4848250941,\"987\":8.4571245588,\"988\":8.4756030753,\"989\":8.4628259523,\"990\":8.5945830251,\"991\":8.7297443752,\"992\":8.9542740765,\"993\":6.3500302735,\"994\":5.9595029375,\"995\":4.4883986693,\"996\":4.6310302008,\"997\":5.0641725748,\"998\":5.2301579183,\"999\":5.2795850011,\"1000\":4.983776172,\"1001\":4.0208603053,\"1002\":4.3914359126,\"1003\":4.2664086513,\"1004\":4.6585943754,\"1005\":4.9865208109,\"1006\":3.7695076505,\"1007\":3.5730822263,\"1008\":3.5034577611,\"1009\":3.3079771481,\"1010\":3.441144135,\"1011\":3.5724855195,\"1012\":3.5621886886,\"1013\":3.7538354502,\"1014\":3.4969158335,\"1015\":3.784366251,\"1016\":4.011401947,\"1017\":3.888640212,\"1018\":3.8773284392,\"1019\":4.2254688346,\"1020\":4.5090249305,\"1021\":4.3812444206,\"1022\":4.3308906836,\"1023\":4.3126172758,\"1024\":4.2311791343,\"1025\":4.5684040032,\"1026\":4.502600356,\"1027\":4.6155076913,\"1028\":4.4281893821,\"1029\":4.785208798,\"1030\":4.7059385495,\"1031\":4.8703365796,\"1032\":5.0164916133,\"1033\":5.0074270516,\"1034\":5.0621763632,\"1035\":5.1663518414,\"1036\":5.3387569612,\"1037\":5.3571288719,\"1038\":5.2763098119,\"1039\":5.263673217,\"1040\":5.4392266822,\"1041\":5.5556067787,\"1042\":5.5099402113,\"1043\":5.4961621587,\"1044\":5.629477585,\"1045\":5.5376673813,\"1046\":6.6818801101,\"1047\":6.8755540694,\"1048\":6.6139294155,\"1049\":6.8703404539,\"1050\":6.9733594085,\"1051\":6.7557740638,\"1052\":6.9810208417,\"1053\":6.9390088919,\"1054\":7.0586200498,\"1055\":7.1628188929,\"1056\":7.2239530809,\"1057\":7.2643905056,\"1058\":7.3362997069,\"1059\":7.4291431199,\"1060\":7.4601065276,\"1061\":7.6816600375,\"1062\":7.6738927376,\"1063\":7.7495840687,\"1064\":7.7434153847,\"1065\":7.8306609196,\"1066\":7.8933984215,\"1067\":8.133126311,\"1068\":8.0746267952,\"1069\":7.9444631654,\"1070\":8.4248465667,\"1071\":8.4171481762,\"1072\":8.3786417618,\"1073\":8.3481419433,\"1074\":8.4663372621,\"1075\":8.6972080573,\"1076\":8.8546614173,\"1077\":6.837659609,\"1078\":6.5365309141,\"1079\":5.0265391983,\"1080\":5.1829954149,\"1081\":5.6072753493,\"1082\":5.7174843181,\"1083\":5.8460254183,\"1084\":5.4691218802,\"1085\":3.9458169391,\"1086\":4.2898433137,\"1087\":4.2190840235,\"1088\":4.6265308856,\"1089\":5.2027431677,\"1090\":3.9630606359,\"1091\":3.7141685015,\"1092\":3.6356194073,\"1093\":3.3888788371,\"1094\":3.5284093442,\"1095\":3.6850768194,\"1096\":3.6351551648,\"1097\":3.859855027,\"1098\":3.6551902023,\"1099\":3.8973724754,\"1100\":4.1712670821,\"1101\":3.947380927,\"1102\":3.9663430968,\"1103\":4.3397927389,\"1104\":4.7306051417,\"1105\":4.5660629416,\"1106\":4.4919841712,\"1107\":4.4691020899,\"1108\":4.3913743777,\"1109\":4.7332266774,\"1110\":4.6438844712,\"1111\":4.7926210863,\"1112\":4.5651997946,\"1113\":4.9816329639,\"1114\":4.8799418113,\"1115\":5.006704397,\"1116\":5.2298639684}"}
