{"label":"InfluxDB_r=2h_om=lbfgs_order=ArimaOrder(order=(0, 0, 0), seasonal_order=(0, 0, 1, 84))","mean_squared_error":3.9903023324,"runtimes":"Training: 4.45 seconds","length_train_dataset":917,"length_test_dataset":200,"parameters":"order=(0, 0, 0), seasonal_order=(0, 0, 1, 84)","prediction":"{\"917\":0.5130027643,\"918\":0.9890527574,\"919\":0.6244424564,\"920\":1.1619736922,\"921\":0.4462396222,\"922\":0.283587208,\"923\":0.3616853663,\"924\":0.2897012179,\"925\":0.4406936804,\"926\":0.4440832219,\"927\":0.4444427111,\"928\":0.5973743041,\"929\":0.7350384165,\"930\":0.141824144,\"931\":0.6131863227,\"932\":0.7818275512,\"933\":0.8371798412,\"934\":0.6692864187,\"935\":0.9853272361,\"936\":0.4389094945,\"937\":0.3826124782,\"938\":0.5068203539,\"939\":0.4877713845,\"940\":0.3302439103,\"941\":0.7747986199,\"942\":0.6613704834,\"943\":0.7179474099,\"944\":0.5918125527,\"945\":0.4377611766,\"946\":0.6442730363,\"947\":0.8835668174,\"948\":0.8962709541,\"949\":0.9291042927,\"950\":0.8734473944,\"951\":0.9284078246,\"952\":1.0611603763,\"953\":0.9757410973,\"954\":0.9352743786,\"955\":0.8594048829,\"956\":0.774563102,\"957\":1.1048461096,\"958\":0.803031649,\"959\":0.9308916019,\"960\":0.8338072081,\"961\":0.898003107,\"962\":0.9271644461,\"963\":1.1376105835,\"964\":0.7422282186,\"965\":0.6528657746,\"966\":0.8208200378,\"967\":0.7449902182,\"968\":0.8241502721,\"969\":0.8240834586,\"970\":0.8238582743,\"971\":0.9019075447,\"972\":0.8894116237,\"973\":0.777660099,\"974\":0.845232761,\"975\":0.8319426989,\"976\":0.8707158851,\"977\":0.9111949181,\"978\":0.8514056716,\"979\":0.7201659228,\"980\":0.8863324742,\"981\":0.8094634134,\"982\":0.8885878743,\"983\":0.9194003839,\"984\":0.7522293314,\"985\":0.7443619003,\"986\":0.8918154446,\"987\":0.9819445679,\"988\":0.7823147458,\"989\":0.7237385603,\"990\":0.7167563157,\"991\":0.9603290371,\"992\":0.795366801,\"993\":2.8859456569,\"994\":3.4853931161,\"995\":4.5766607788,\"996\":4.4948159825,\"997\":4.5613414765,\"998\":4.2770857729,\"999\":4.4949356695,\"1000\":4.5595944196,\"1001\":0.0,\"1002\":0.0,\"1003\":0.0,\"1004\":0.0,\"1005\":0.0,\"1006\":0.0,\"1007\":0.0,\"1008\":0.0,\"1009\":0.0,\"1010\":0.0,\"1011\":0.0,\"1012\":0.0,\"1013\":0.0,\"1014\":0.0,\"1015\":0.0,\"1016\":0.0,\"1017\":0.0,\"1018\":0.0,\"1019\":0.0,\"1020\":0.0,\"1021\":0.0,\"1022\":0.0,\"1023\":0.0,\"1024\":0.0,\"1025\":0.0,\"1026\":0.0,\"1027\":0.0,\"1028\":0.0,\"1029\":0.0,\"1030\":0.0,\"1031\":0.0,\"1032\":0.0,\"1033\":0.0,\"1034\":0.0,\"1035\":0.0,\"1036\":0.0,\"1037\":0.0,\"1038\":0.0,\"1039\":0.0,\"1040\":0.0,\"1041\":0.0,\"1042\":0.0,\"1043\":0.0,\"1044\":0.0,\"1045\":0.0,\"1046\":0.0,\"1047\":0.0,\"1048\":0.0,\"1049\":0.0,\"1050\":0.0,\"1051\":0.0,\"1052\":0.0,\"1053\":0.0,\"1054\":0.0,\"1055\":0.0,\"1056\":0.0,\"1057\":0.0,\"1058\":0.0,\"1059\":0.0,\"1060\":0.0,\"1061\":0.0,\"1062\":0.0,\"1063\":0.0,\"1064\":0.0,\"1065\":0.0,\"1066\":0.0,\"1067\":0.0,\"1068\":0.0,\"1069\":0.0,\"1070\":0.0,\"1071\":0.0,\"1072\":0.0,\"1073\":0.0,\"1074\":0.0,\"1075\":0.0,\"1076\":0.0,\"1077\":0.0,\"1078\":0.0,\"1079\":0.0,\"1080\":0.0,\"1081\":0.0,\"1082\":0.0,\"1083\":0.0,\"1084\":0.0,\"1085\":0.0,\"1086\":0.0,\"1087\":0.0,\"1088\":0.0,\"1089\":0.0,\"1090\":0.0,\"1091\":0.0,\"1092\":0.0,\"1093\":0.0,\"1094\":0.0,\"1095\":0.0,\"1096\":0.0,\"1097\":0.0,\"1098\":0.0,\"1099\":0.0,\"1100\":0.0,\"1101\":0.0,\"1102\":0.0,\"1103\":0.0,\"1104\":0.0,\"1105\":0.0,\"1106\":0.0,\"1107\":0.0,\"1108\":0.0,\"1109\":0.0,\"1110\":0.0,\"1111\":0.0,\"1112\":0.0,\"1113\":0.0,\"1114\":0.0,\"1115\":0.0,\"1116\":0.0}"}
