{"label":"InfluxDB_r=2h-chained-2_om=lbfgs_order=ArimaOrder(order=(0, 0, 2), seasonal_order=(2, 0, 2, 84))","mean_squared_error":1.445550964,"runtimes":"Training: 425.14 seconds","length_train_dataset":1194,"length_test_dataset":200,"parameters":"order=(0, 0, 2), seasonal_order=(2, 0, 2, 84)","prediction":"{\"1194\":2.6592425371,\"1195\":3.0605074353,\"1196\":3.2369486901,\"1197\":3.2911738819,\"1198\":3.2291152332,\"1199\":3.3111252155,\"1200\":3.2424157682,\"1201\":3.3670101589,\"1202\":3.4466747781,\"1203\":3.452681316,\"1204\":3.5545346208,\"1205\":3.5820554546,\"1206\":3.464952295,\"1207\":3.5646885128,\"1208\":3.6889867075,\"1209\":3.7854427336,\"1210\":3.775036036,\"1211\":3.8460388456,\"1212\":3.8237873637,\"1213\":3.930831561,\"1214\":3.9371972943,\"1215\":3.9428134544,\"1216\":4.0134439412,\"1217\":4.1189352288,\"1218\":4.2424660605,\"1219\":4.2729695626,\"1220\":4.3602421689,\"1221\":4.4986518966,\"1222\":4.475998641,\"1223\":4.4770953117,\"1224\":4.5840159972,\"1225\":4.624465292,\"1226\":4.6693266737,\"1227\":4.7265256088,\"1228\":4.7598467047,\"1229\":4.8252376746,\"1230\":4.9060881002,\"1231\":4.449915928,\"1232\":4.5414826141,\"1233\":4.5991208276,\"1234\":4.6254826899,\"1235\":4.6318549146,\"1236\":4.7112012479,\"1237\":4.6115237414,\"1238\":4.6977868137,\"1239\":4.4263753674,\"1240\":4.5047630249,\"1241\":4.5244742389,\"1242\":4.6155262458,\"1243\":4.7037845336,\"1244\":4.6483048054,\"1245\":4.7635106399,\"1246\":4.7421896657,\"1247\":4.8053632429,\"1248\":4.8208618257,\"1249\":5.0114387095,\"1250\":4.7447339359,\"1251\":4.7551047441,\"1252\":4.8868350817,\"1253\":4.9048942376,\"1254\":4.9680850215,\"1255\":4.9221868077,\"1256\":5.0049816458,\"1257\":5.113417556,\"1258\":5.158927128,\"1259\":5.1481353785,\"1260\":5.0561236192,\"1261\":5.2983065938,\"1262\":3.5523721807,\"1263\":3.3759158042,\"1264\":3.4427711775,\"1265\":3.4103312413,\"1266\":3.3780969338,\"1267\":3.4438882829,\"1268\":3.4823817433,\"1269\":3.5139334183,\"1270\":3.6085227328,\"1271\":3.6090396083,\"1272\":3.6273515433,\"1273\":3.7475902525,\"1274\":2.8130760416,\"1275\":2.8756255937,\"1276\":2.9918908578,\"1277\":2.973044515,\"1278\":3.2039678184,\"1279\":3.389444017,\"1280\":3.4098414316,\"1281\":3.5133548026,\"1282\":3.47038711,\"1283\":3.5541666342,\"1284\":3.5609330786,\"1285\":3.6093073394,\"1286\":3.7976759005,\"1287\":3.7641055181,\"1288\":3.8089865573,\"1289\":3.8631050923,\"1290\":4.0100533278,\"1291\":4.082274427,\"1292\":4.1889340529,\"1293\":4.3005313874,\"1294\":4.317534249,\"1295\":4.3799194146,\"1296\":4.3679045476,\"1297\":4.4246578889,\"1298\":4.4877534239,\"1299\":4.4741448164,\"1300\":4.5671935345,\"1301\":4.6625043111,\"1302\":4.7848494922,\"1303\":4.8487088741,\"1304\":4.9254271158,\"1305\":4.9809120413,\"1306\":5.03602091,\"1307\":5.0480746631,\"1308\":5.0946912116,\"1309\":5.2226868424,\"1310\":5.1932688678,\"1311\":5.3006951813,\"1312\":5.3197733231,\"1313\":5.3764946419,\"1314\":5.4708473565,\"1315\":5.3387975828,\"1316\":5.4003452653,\"1317\":5.4669358767,\"1318\":5.5080463482,\"1319\":5.5340078967,\"1320\":5.5952684397,\"1321\":5.3387948731,\"1322\":5.4509863332,\"1323\":5.0060221882,\"1324\":5.1259960998,\"1325\":5.1283488411,\"1326\":5.2461363245,\"1327\":5.3371022779,\"1328\":5.2620910002,\"1329\":5.3435498413,\"1330\":5.326329419,\"1331\":5.4127597486,\"1332\":5.4744792053,\"1333\":5.0353202343,\"1334\":4.9577230783,\"1335\":4.9476281576,\"1336\":5.1265490649,\"1337\":5.0893195142,\"1338\":5.1115657128,\"1339\":5.1220329388,\"1340\":5.16115515,\"1341\":5.2767254448,\"1342\":5.3315837144,\"1343\":5.3405863894,\"1344\":5.3434714376,\"1345\":5.4355940664,\"1346\":3.5922734407,\"1347\":3.6865265223,\"1348\":3.679815147,\"1349\":3.6817549723,\"1350\":3.6900894287,\"1351\":3.7552332417,\"1352\":3.8381303643,\"1353\":3.8527741952,\"1354\":3.8871785458,\"1355\":3.9377482484,\"1356\":3.9896614953,\"1357\":4.0449186785,\"1358\":2.5974933073,\"1359\":2.5712122312,\"1360\":2.7472461722,\"1361\":2.7197107845,\"1362\":2.9423620822,\"1363\":3.0813602536,\"1364\":3.1830305741,\"1365\":3.2362008097,\"1366\":3.1751026001,\"1367\":3.2557550741,\"1368\":3.1879312825,\"1369\":3.3107213335,\"1370\":3.388717377,\"1371\":3.3947543475,\"1372\":3.495115191,\"1373\":3.5220954288,\"1374\":3.4060588408,\"1375\":3.5042411536,\"1376\":3.6265483021,\"1377\":3.7213649826,\"1378\":3.7110401705,\"1379\":3.7809008672,\"1380\":3.7589826647,\"1381\":3.864426991,\"1382\":3.8705022693,\"1383\":3.8760887354,\"1384\":3.9454817445,\"1385\":4.0492675777,\"1386\":4.1707662026,\"1387\":4.2006578447,\"1388\":4.2865265068,\"1389\":4.4229261124,\"1390\":4.400391919,\"1391\":4.4014346792,\"1392\":4.5067902776,\"1393\":4.5462865543}"}
