{
    "label": "Sawtooth[1,6,36], 3 intervals",
    "error_metrics": {
        "mae": 0.0151848448,
        "median_ae": 0.0123805333,
        "smape": 0.0025780648,
        "rsme": 0.0188819907,
        "mase": 0.0322215
    },
    "runtimes": "Training: 10.67 seconds",
    "length_train_dataset": 55,
    "length_validation_dataset": 35,
    "parameters": "order=(4, 0, 1), seasonal_order=(2, 0, 0, 30)",
    "prediction": [
        8.7567592084,
        9.0650152307,
        9.3725342546,
        9.6800598537,
        9.9878914429,
        0.9975905971,
        1.3068395571,
        1.616096554,
        1.9253807089,
        2.2347108061,
        2.5441010296,
        2.853562168,
        3.163099372,
        3.4727129265,
        3.7823975055,
        4.0921431327,
        4.401935526,
        4.7117573977,
        5.021589483,
        5.3314120294,
        5.6412060714,
        5.9509548068,
        6.2606446937,
        6.5702663952,
        6.8798153659,
        7.189292144,
        7.4987022579,
        7.8080558099,
        8.1173667315,
        8.4266517897,
        8.7322182628,
        9.0373428567,
        9.3410272893,
        9.6447696401,
        9.9491792556
    ]
}