{
    "label": "Sawtooth_[1,6,36]_i=100",
    "error_metrics": {
        "mae": 0.0885190014,
        "median_ae": 0.0898533936,
        "smape": 0.0176800854,
        "rsme": 0.0965208382,
        "mase": 0.1480866038
    },
    "runtimes": "Training: 315.13 seconds",
    "length_train_dataset": 2964,
    "length_validation_dataset": 36,
    "parameters": "Epochs: 100, hyperparameters: Hyperparamters(gradient_clip_val=0.01565726380636608, hidden_continuous_size=10, dropout=0.21608714783830352, attention_head_size=1, learning_rate=0.005623413251903493, accelerator='auto', hidden_size=223)",
    "prediction": [
        8.4667625427,
        8.8100137711,
        9.0562953949,
        9.3128232956,
        9.5759811401,
        9.8690185547,
        0.9508152008,
        1.2527952194,
        1.5514013767,
        1.885828495,
        2.2175302505,
        2.5169234276,
        2.8055102825,
        3.1029615402,
        3.4164757729,
        3.7316470146,
        4.0278096199,
        4.3232717514,
        4.6342129707,
        4.9566540718,
        5.2710494995,
        5.5653905869,
        5.8497595787,
        6.1441507339,
        6.4581689835,
        6.7798113823,
        7.0925970078,
        7.3991408348,
        7.7090215683,
        8.0308189392,
        8.3542947769,
        8.6343803406,
        8.9154539108,
        9.2337474823,
        9.5429286957,
        9.8524570465
    ]
}