{"label":"InfluxDB_r=2h_om=lbfgs_order=ArimaOrder(order=(0, 0, 0), seasonal_order=(0, 0, 2, 84))","mean_squared_error":3.0750274383,"runtimes":"Training: 41.52 seconds","length_train_dataset":917,"length_test_dataset":200,"parameters":"order=(0, 0, 0), seasonal_order=(0, 0, 2, 84)","prediction":"{\"917\":4.4820235154,\"918\":4.9797493427,\"919\":4.6453753778,\"920\":4.6747898178,\"921\":4.1743161036,\"922\":2.0199474353,\"923\":1.8877192315,\"924\":1.6830026562,\"925\":1.7311897891,\"926\":1.7438893792,\"927\":1.7626778844,\"928\":1.9011716071,\"929\":1.8957254848,\"930\":1.4452694913,\"931\":1.9273217623,\"932\":1.7603254906,\"933\":2.2355233971,\"934\":2.1129139303,\"935\":2.2392632078,\"936\":2.0718642399,\"937\":2.1596702442,\"938\":2.1523044034,\"939\":2.1415817238,\"940\":1.9973572752,\"941\":2.2186687737,\"942\":2.3709366151,\"943\":2.1951793202,\"944\":2.2520155756,\"945\":2.4008654926,\"946\":2.3604571935,\"947\":2.729787895,\"948\":2.242077045,\"949\":2.2374468976,\"950\":2.384457369,\"951\":2.6272088741,\"952\":2.7351847975,\"953\":2.5805338265,\"954\":2.6766637087,\"955\":2.7350259146,\"956\":2.8351977088,\"957\":2.6285900017,\"958\":2.6610311914,\"959\":2.9283882133,\"960\":2.9636549291,\"961\":2.9877728732,\"962\":3.1007247108,\"963\":3.5279859341,\"964\":3.0996196589,\"965\":3.3320537384,\"966\":3.5066775931,\"967\":3.295664812,\"968\":3.4710054795,\"969\":3.359571394,\"970\":3.4042145879,\"971\":3.3959299723,\"972\":3.4466976897,\"973\":3.5435365852,\"974\":3.6416156266,\"975\":3.5250309072,\"976\":3.5732904719,\"977\":3.4508363984,\"978\":3.6291161869,\"979\":3.6957287039,\"980\":3.7126659699,\"981\":3.618438137,\"982\":3.6727825434,\"983\":3.6761676882,\"984\":3.7610782848,\"985\":3.7441737498,\"986\":3.8353770704,\"987\":4.0351514265,\"988\":3.9028864806,\"989\":3.8069803475,\"990\":3.7698646013,\"991\":4.2591747289,\"992\":4.17482923,\"993\":4.6975868687,\"994\":4.6995103736,\"995\":3.589109347,\"996\":3.6837531695,\"997\":3.7746219946,\"998\":3.549378707,\"999\":4.0282738533,\"1000\":3.4318953091,\"1001\":1.3374121604,\"1002\":1.6597866466,\"1003\":1.4658880435,\"1004\":1.6424415669,\"1005\":1.2827601554,\"1006\":0.08076747,\"1007\":-0.0214118234,\"1008\":-0.2536291603,\"1009\":-0.10466822,\"1010\":-0.1162089542,\"1011\":-0.1593006426,\"1012\":-0.0458699308,\"1013\":0.0345807694,\"1014\":-0.3446570723,\"1015\":-0.0839804451,\"1016\":-0.0299531124,\"1017\":0.1352516744,\"1018\":0.025356768,\"1019\":0.0469839353,\"1020\":-0.2684526755,\"1021\":-0.217988561,\"1022\":-0.1242830574,\"1023\":-0.1240953471,\"1024\":-0.2687303876,\"1025\":0.0640972908,\"1026\":0.0272924536,\"1027\":-0.0073247613,\"1028\":-0.0610640868,\"1029\":-0.0982679814,\"1030\":-0.0331954372,\"1031\":0.2236251224,\"1032\":-0.112696679,\"1033\":-0.0512474347,\"1034\":-0.0147432799,\"1035\":0.120822597,\"1036\":0.0491283339,\"1037\":-0.0112784232,\"1038\":0.0944045098,\"1039\":0.1168396966,\"1040\":0.1551204951,\"1041\":0.1671911548,\"1042\":0.1011384621,\"1043\":0.2363652746,\"1044\":0.1954066259,\"1045\":0.2516363317,\"1046\":0.3284747367,\"1047\":0.516819815,\"1048\":0.2168849622,\"1049\":0.3247169491,\"1050\":0.4365422081,\"1051\":0.3087500289,\"1052\":0.4234048527,\"1053\":0.3344371974,\"1054\":0.3359977666,\"1055\":0.3137379498,\"1056\":0.3349344345,\"1057\":0.3311429611,\"1058\":0.4200194662,\"1059\":0.3021358131,\"1060\":0.377127532,\"1061\":0.1575133907,\"1062\":0.3668653902,\"1063\":0.3569795436,\"1064\":0.3450974628,\"1065\":0.302559018,\"1066\":0.2594426257,\"1067\":0.275479635,\"1068\":0.2456693338,\"1069\":0.2348998934,\"1070\":0.3255534316,\"1071\":0.3948729846,\"1072\":0.2569046494,\"1073\":0.2378433237,\"1074\":0.1889544868,\"1075\":0.4039379122,\"1076\":0.2147152335,\"1077\":1.8100550401,\"1078\":1.8193646198,\"1079\":1.6845794036,\"1080\":1.7013506355,\"1081\":1.5232747895,\"1082\":1.3914448482,\"1083\":1.6464172848,\"1084\":1.3596118924,\"1085\":0.0,\"1086\":0.0,\"1087\":0.0,\"1088\":0.0,\"1089\":0.0,\"1090\":0.0,\"1091\":0.0,\"1092\":0.0,\"1093\":0.0,\"1094\":0.0,\"1095\":0.0,\"1096\":0.0,\"1097\":0.0,\"1098\":0.0,\"1099\":0.0,\"1100\":0.0,\"1101\":0.0,\"1102\":0.0,\"1103\":0.0,\"1104\":0.0,\"1105\":0.0,\"1106\":0.0,\"1107\":0.0,\"1108\":0.0,\"1109\":0.0,\"1110\":0.0,\"1111\":0.0,\"1112\":0.0,\"1113\":0.0,\"1114\":0.0,\"1115\":0.0,\"1116\":0.0}"}
