{
    "label": "Sawtooth_i=5",
    "error_metrics": "RSME: 8.419329985523827e-05, SMAPE: 2.1676179522038633e-05, MASE: 0.00025572442662304953",
    "runtimes": "Training: 36.71 seconds",
    "length_train_dataset": 125,
    "length_validation_dataset": 25,
    "parameters": "order=(0, 0, 2), seasonal_order=(2, 0, 2, 30)",
    "prediction": "{\"125\":1.8332693297,\"126\":1.9999353839,\"127\":2.1666219807,\"128\":2.3332852102,\"129\":2.4999484396,\"130\":2.6666116688,\"131\":2.8332748985,\"132\":2.9999381275,\"133\":3.166601357,\"134\":3.3332645861,\"135\":3.4999278155,\"136\":3.6665910449,\"137\":3.8332542744,\"138\":3.9999175038,\"139\":4.1665807332,\"140\":4.3332439626,\"141\":4.4999071917,\"142\":4.6665704211,\"143\":4.8332336503,\"144\":4.9998968799,\"145\":5.1665601093,\"146\":5.3332233389,\"147\":5.4998865681,\"148\":5.6665494676,\"149\":5.8332114677}"
}