{"label":"Sawtooth_[1,10,10]_i=200","error_metrics":{"mae":0.0000013493,"median_ae":0.0000011299,"smape":0.0000004942,"rsme":0.0000016574,"mase":0.000000676},"runtimes":"Training: 9.67 seconds","length_train_dataset":1764,"length_validation_dataset":36,"parameters":"order=(4, 0, 1), seasonal_order=(2, 0, 0, 9)","prediction":[1.0000016659,2.1250018948,3.2500017783,4.3750003179,5.5000007145,6.6250004438,7.7499990814,8.8749996002,9.9999991586,1.0000011303,2.1250017331,3.2500011171,4.3749999994,5.5000006505,6.6249998657,7.7499988985,8.8749995636,9.9999986227,1.0000027061,2.1250035807,3.2500023858,4.3750002997,5.5000012915,6.6249998275,7.7499980186,8.8749990531,9.9999973296,1.0000022537,2.1250032669,3.2500013086,4.3750000941,5.5000010279,6.6249988706,7.7499979688,8.8749987707,9.9999964576]}
