{"label":"Sawtooth_[1,6,36]_i=50","error_metrics":{"mae":0.3578187718,"median_ae":0.1574836476,"smape":0.0808102925,"rsme":0.6046595965,"mase":0.6009253466},"runtimes":"Training: 167.49 seconds","length_train_dataset":1464,"length_validation_dataset":36,"parameters":"Epochs: 50, hyperparameters: Hyperparamters(gradient_clip_val=0.01565726380636608, hidden_continuous_size=10, dropout=0.21608714783830352, attention_head_size=1, learning_rate=0.005623413251903493, accelerator='auto', hidden_size=223)","prediction":[8.3090181351,8.7158823013,9.0354604721,9.2436180115,9.3017759323,8.8082065582,3.3213739395,1.8334128857,1.68029356,1.8671081066,2.121740818,2.3958752155,2.724247694,3.0634145737,3.3783352375,3.6757984161,3.9706335068,4.2707457542,4.5802750587,4.8970756531,5.2131147385,5.5187029839,5.8063988686,6.0738539696,6.3288574219,6.5840616226,6.8556089401,7.1563796997,7.4834480286,7.816742897,8.1449069977,8.4709510803,8.7517719269,8.9267272949,8.9186344147,8.0269908905]}
