{
    "label": "Sawtooth_[1,10,10]_i=200",
    "error_metrics": {
        "mae": 0.0311911901,
        "median_ae": 0.0287454128,
        "smape": 0.0085541028,
        "rsme": 0.0361695662,
        "mase": 0.0156266178
    },
    "runtimes": "Training: 361.16 seconds",
    "length_train_dataset": 1764,
    "length_validation_dataset": 36,
    "parameters": "Epochs: 100, hyperparameters: Hyperparamters(gradient_clip_val=5.567624753786564, hidden_continuous_size=41, dropout=0.15965296238642823, attention_head_size=1, learning_rate=0.0031622776601683794, accelerator='auto', hidden_size=104)",
    "prediction": [
        0.9804735184,
        2.1869180202,
        3.2516260147,
        4.3782687187,
        5.4989628792,
        6.6086649895,
        7.7066431046,
        8.792219162,
        10.0327510834,
        0.9727687836,
        2.142698288,
        3.2212600708,
        4.3279995918,
        5.4403204918,
        6.5820007324,
        7.7381229401,
        8.814699173,
        10.032125473,
        0.9710903168,
        2.1372439861,
        3.2146027088,
        4.3308539391,
        5.4496884346,
        6.5899014473,
        7.7581748962,
        8.822218895,
        10.0254249573,
        0.9690322876,
        2.1475741863,
        3.2332267761,
        4.3475446701,
        5.4712491035,
        6.6042647362,
        7.7778215408,
        8.8286008835,
        10.0186653137
    ]
}