{"label":"InfluxDB_r=2h_om=lbfgs_order=ArimaOrder(order=(0, 0, 0), seasonal_order=(2, 2, 0, 84))","mean_squared_error":3.9022720431,"runtimes":"Training: 39.36 seconds","length_train_dataset":917,"length_test_dataset":200,"parameters":"order=(0, 0, 0), seasonal_order=(2, 2, 0, 84)","prediction":"{\"917\":4.2927778494,\"918\":4.9170891298,\"919\":4.2073363721,\"920\":4.7255106476,\"921\":4.6404048177,\"922\":5.1255362051,\"923\":5.4831014297,\"924\":6.0197387152,\"925\":5.6344862835,\"926\":5.9072425959,\"927\":5.9398904727,\"928\":5.9750481722,\"929\":5.9851380286,\"930\":5.377993,\"931\":6.0551688061,\"932\":6.1288908549,\"933\":6.3409348312,\"934\":6.2314305398,\"935\":6.3608748745,\"936\":6.9409379793,\"937\":6.957645778,\"938\":6.7876663393,\"939\":6.6468122503,\"940\":6.5778451371,\"941\":6.8176344296,\"942\":6.6865789341,\"943\":6.7889917725,\"944\":6.8094274918,\"945\":7.0975970445,\"946\":7.0172232913,\"947\":7.2249931177,\"948\":6.8803396198,\"949\":6.892503358,\"950\":6.9172096466,\"951\":6.9834738935,\"952\":7.1939856027,\"953\":7.048751756,\"954\":7.1034717865,\"955\":7.0841292193,\"956\":7.1098777002,\"957\":7.0076957023,\"958\":7.1064997376,\"959\":7.2045023438,\"960\":7.2907118885,\"961\":7.3010850456,\"962\":7.2483942853,\"963\":7.6868085609,\"964\":7.0599239149,\"965\":7.128488096,\"966\":7.2894833477,\"967\":7.1821283645,\"968\":7.4055830755,\"969\":7.4475113638,\"970\":7.529647591,\"971\":7.678582638,\"972\":7.679887759,\"973\":7.6949489074,\"974\":7.7109900921,\"975\":7.897302385,\"976\":7.7427463427,\"977\":8.1520868682,\"978\":7.858381329,\"979\":7.7792618566,\"980\":8.0580452705,\"981\":8.039376646,\"982\":8.1562444412,\"983\":8.4327184583,\"984\":8.4587684778,\"985\":8.4676690967,\"986\":8.6401695543,\"987\":8.9390359022,\"988\":8.7275473309,\"989\":8.605257239,\"990\":8.8124457531,\"991\":9.3624757717,\"992\":9.5450096505,\"993\":5.5080877543,\"994\":4.90428478,\"995\":7.3293456798,\"996\":7.1198509431,\"997\":8.3395879554,\"998\":7.6908280607,\"999\":8.1743674334,\"1000\":8.198762954,\"1001\":5.472471649,\"1002\":6.4970413027,\"1003\":5.4298884105,\"1004\":5.8469394082,\"1005\":5.9524210858,\"1006\":5.4503031518,\"1007\":5.8572752664,\"1008\":6.3078596028,\"1009\":6.0476837631,\"1010\":6.3422307968,\"1011\":6.2901518223,\"1012\":6.4465370882,\"1013\":6.3279521388,\"1014\":5.3199103777,\"1015\":6.4901079936,\"1016\":6.2137079399,\"1017\":6.9012586721,\"1018\":6.739796585,\"1019\":6.9710153562,\"1020\":7.2648635709,\"1021\":7.3581211851,\"1022\":7.1722102412,\"1023\":6.9854721344,\"1024\":6.8043234544,\"1025\":7.1104333805,\"1026\":7.145105254,\"1027\":7.0187470963,\"1028\":7.1745470897,\"1029\":7.4951693976,\"1030\":7.4158240156,\"1031\":7.9092646878,\"1032\":7.086186967,\"1033\":7.0699973685,\"1034\":7.1837346027,\"1035\":7.3920320051,\"1036\":7.7757212364,\"1037\":7.4958998269,\"1038\":7.5398074871,\"1039\":7.5334732001,\"1040\":7.6441882078,\"1041\":7.1902635296,\"1042\":7.3663945075,\"1043\":7.6573687645,\"1044\":7.7309760841,\"1045\":7.7544250757,\"1046\":7.6541374674,\"1047\":8.4406282724,\"1048\":7.4677905095,\"1049\":7.5962032618,\"1050\":7.8586949618,\"1051\":7.6879302392,\"1052\":7.9305209646,\"1053\":7.8961535423,\"1054\":8.0243397513,\"1055\":8.1249024698,\"1056\":8.1334728067,\"1057\":8.1743503669,\"1058\":8.2303566388,\"1059\":8.3127718978,\"1060\":8.1564783107,\"1061\":8.5073330257,\"1062\":8.2214433197,\"1063\":8.1419535904,\"1064\":8.4903531489,\"1065\":8.3203858482,\"1066\":8.5408829909,\"1067\":8.7637201676,\"1068\":8.7994026354,\"1069\":8.8508888639,\"1070\":8.898154589,\"1071\":9.4425907882,\"1072\":9.0920997503,\"1073\":8.8494057708,\"1074\":8.97055986,\"1075\":10.0128757182,\"1076\":10.0444049684,\"1077\":6.6127486202,\"1078\":6.3375855238,\"1079\":8.7734166051,\"1080\":8.5897329214,\"1081\":9.9050503622,\"1082\":8.8504298634,\"1083\":9.8022396186,\"1084\":9.4499417312,\"1085\":5.0341005634,\"1086\":6.3380654277,\"1087\":4.9491348909,\"1088\":5.5918853657,\"1089\":5.6492077565,\"1090\":5.6567399614,\"1091\":6.2501039053,\"1092\":6.7846883837,\"1093\":6.5507081373,\"1094\":6.9001884621,\"1095\":6.7816441547,\"1096\":7.0079121268,\"1097\":6.8747849784,\"1098\":5.5167919394,\"1099\":7.0082012174,\"1100\":6.7194404997,\"1101\":7.5110776484,\"1102\":7.2809604301,\"1103\":7.5637158572,\"1104\":7.7301811089,\"1105\":7.8276501382,\"1106\":7.6431990397,\"1107\":7.4007301217,\"1108\":7.1273440324,\"1109\":7.60615764,\"1110\":7.5671904908,\"1111\":7.4447989088,\"1112\":7.5993761124,\"1113\":7.8619241434,\"1114\":7.8644939038,\"1115\":8.4748659428,\"1116\":7.458834461}"}
