{
    "label": "InfluxDB_r=12h_chained_e=200_pl=14_hst=50",
    "error_metrics": {
        "mae": 0.8977364326,
        "median_ae": 0.5112141314,
        "smape": 0.2138519866,
        "rsme": 1.3991935541,
        "mase": 1.4398207463
    },
    "runtimes": "Training: 201.49 seconds",
    "length_train_dataset": 5032,
    "length_validation_dataset": 14,
    "parameters": "Epochs: 200, hyperparameters: Hyperparamters(gradient_clip_val=6.9953515571, hidden_continuous_size=40, dropout=0.1558743686, attention_head_size=3, learning_rate=0.0039810717, accelerator='auto', hidden_size=1)",
    "prediction": [
        2.8669831753,
        3.1302659512,
        3.5832996368,
        4.0698533058,
        4.4013271332,
        4.6131396294,
        4.8646612167,
        5.0094094276,
        5.0479807854,
        7.1209435463,
        6.4014873505,
        5.4919643402,
        3.7866487503,
        2.2172422409
    ]
}