{
    "label": "InfluxDB_r=12h_chained_om=powell",
    "mean_squared_error": 4.6627811819,
    "runtimes": "Training: 0.31 seconds",
    "length_train_dataset": 615,
    "length_test_dataset": 200,
    "parameters": "order=(2, 0, 0), seasonal_order=(0, 0, 1, 12)",
    "prediction": "{\"615\":7.2129490513,\"616\":7.1446452984,\"617\":6.9051777613,\"618\":6.5417720988,\"619\":6.3194755006,\"620\":6.0955609418,\"621\":5.8810068508,\"622\":5.721436064,\"623\":5.6626500987,\"624\":5.4831017216,\"625\":5.3533860096,\"626\":5.2143829919,\"627\":4.9751523127,\"628\":4.7468210128,\"629\":4.5289687685,\"630\":4.3211147104,\"631\":4.1227999782,\"632\":3.933586771,\"633\":3.75305738,\"634\":3.5808132674,\"635\":3.4164741856,\"636\":3.2596773384,\"637\":3.1100765799,\"638\":2.9673416503,\"639\":2.8311574469,\"640\":2.7012233285,\"641\":2.5772524513,\"642\":2.4589711365,\"643\":2.3461182652,\"644\":2.2384447026,\"645\":2.1357127477,\"646\":2.0376956086,\"647\":1.944176902,\"648\":1.8549501753,\"649\":1.7698184507,\"650\":1.688593791,\"651\":1.6110968839,\"652\":1.5371566466,\"653\":1.4666098482,\"654\":1.3993007488,\"655\":1.3350807566,\"656\":1.2738080989,\"657\":1.2153475097,\"658\":1.159569931,\"659\":1.1063522278,\"660\":1.0555769162,\"661\":1.0071319044,\"662\":0.9609102446,\"663\":0.9168098977,\"664\":0.8747335074,\"665\":0.8345881854,\"666\":0.7962853068,\"667\":0.7597403137,\"668\":0.7248725291,\"669\":0.6916049787,\"670\":0.6598642207,\"671\":0.6295801841,\"672\":0.6006860135,\"673\":0.573117922,\"674\":0.54681505,\"675\":0.5217193311,\"676\":0.4977753637,\"677\":0.4749302891,\"678\":0.4531336743,\"679\":0.4323374008,\"680\":0.4124955587,\"681\":0.3935643449,\"682\":0.3755019669,\"683\":0.3582685498,\"684\":0.3418260491,\"685\":0.3261381663,\"686\":0.3111702686,\"687\":0.2968893127,\"688\":0.283263772,\"689\":0.2702635665,\"690\":0.257859997,\"691\":0.2460256811,\"692\":0.2347344935,\"693\":0.2239615075,\"694\":0.2136829407,\"695\":0.2038761019,\"696\":0.1945193416,\"697\":0.1855920037,\"698\":0.1770743802,\"699\":0.1689476673,\"700\":0.1611939247,\"701\":0.153796035,\"702\":0.1467376666,\"703\":0.1400032374,\"704\":0.1335778804,\"705\":0.127447411,\"706\":0.1215982955,\"707\":0.1160176213,\"708\":0.1106930685,\"709\":0.1056128825,\"710\":0.1007658484,\"711\":0.0961412657,\"712\":0.0917289252,\"713\":0.0875190862,\"714\":0.083502455,\"715\":0.0796701645,\"716\":0.0760137544,\"717\":0.0725251529,\"718\":0.0691966585,\"719\":0.0660209231,\"720\":0.0629909361,\"721\":0.0601000083,\"722\":0.0573417577,\"723\":0.0547100953,\"724\":0.0521992112,\"725\":0.0498035626,\"726\":0.0475178607,\"727\":0.0453370596,\"728\":0.0432563449,\"729\":0.0412711232,\"730\":0.039377012,\"731\":0.0375698298,\"732\":0.0358455871,\"733\":0.0342004773,\"734\":0.0326308688,\"735\":0.0311332964,\"736\":0.0297044541,\"737\":0.0283411877,\"738\":0.0270404874,\"739\":0.0257994819,\"740\":0.0246154316,\"741\":0.0234857225,\"742\":0.0224078606,\"743\":0.0213794665,\"744\":0.0203982699,\"745\":0.0194621046,\"746\":0.0185689041,\"747\":0.0177166964,\"748\":0.0169036002,\"749\":0.0161278205,\"750\":0.0153876447,\"751\":0.0146814388,\"752\":0.0140076438,\"753\":0.0133647722,\"754\":0.0127514047,\"755\":0.0121661873,\"756\":0.0116078281,\"757\":0.0110750944,\"758\":0.0105668102,\"759\":0.0100818534,\"760\":0.0096191533,\"761\":0.0091776886,\"762\":0.0087564846,\"763\":0.0083546114,\"764\":0.007971182,\"765\":0.0076053498,\"766\":0.0072563073,\"767\":0.0069232838,\"768\":0.0066055442,\"769\":0.0063023871,\"770\":0.0060131432,\"771\":0.0057371739,\"772\":0.00547387,\"773\":0.0052226504,\"774\":0.0049829602,\"775\":0.0047542705,\"776\":0.0045360764,\"777\":0.0043278961,\"778\":0.0041292702,\"779\":0.00393976,\"780\":0.0037589473,\"781\":0.0035864329,\"782\":0.0034218359,\"783\":0.003264793,\"784\":0.0031149574,\"785\":0.0029719985,\"786\":0.0028356006,\"787\":0.0027054626,\"788\":0.0025812971,\"789\":0.0024628302,\"790\":0.0023498002,\"791\":0.0022419577,\"792\":0.0021390645,\"793\":0.0020408935,\"794\":0.001947228,\"795\":0.0018578613,\"796\":0.001772596,\"797\":0.0016912438,\"798\":0.0016136253,\"799\":0.001539569,\"800\":0.0014689115,\"801\":0.0014014968,\"802\":0.001337176,\"803\":0.0012758072,\"804\":0.0012172548,\"805\":0.0011613897,\"806\":0.0011080885,\"807\":0.0010572335,\"808\":0.0010087125,\"809\":0.0009624183,\"810\":0.0009182487,\"811\":0.0008761063,\"812\":0.000835898,\"813\":0.000797535,\"814\":0.0007609326}"
}