{
    "label": "Sawtooth_i=100",
    "error_metrics": "RSME: 0.0003164106306260131, SMAPE: 7.56945113533649e-05, MASE: 0.0009228858597650746",
    "runtimes": "Training: 225.23 seconds",
    "length_train_dataset": 2975,
    "length_validation_dataset": 25,
    "parameters": "order=(0, 0, 2), seasonal_order=(2, 0, 2, 30)",
    "prediction": "{\"2975\":1.8333941611,\"2976\":1.999932255,\"2977\":2.1664947239,\"2978\":2.3331481643,\"2979\":2.4998016045,\"2980\":2.6664550449,\"2981\":2.8331084852,\"2982\":2.9997619255,\"2983\":3.1664153658,\"2984\":3.3330688061,\"2985\":3.4997222464,\"2986\":3.6663756867,\"2987\":3.833029127,\"2988\":3.9996825673,\"2989\":4.1663360076,\"2990\":4.3329894479,\"2991\":4.4996428882,\"2992\":4.6662963285,\"2993\":4.8329497688,\"2994\":4.9996032092,\"2995\":5.1662566494,\"2996\":5.3329100898,\"2997\":5.4995635301,\"2998\":5.6662169687,\"2999\":5.8328704055}"
}