{"label":"InfluxDB_r=2h_om=lbfgs_order=ArimaOrder(order=(0, 2, 1), seasonal_order=(2, 0, 2, 84))","mean_squared_error":4.2943313073,"runtimes":"Training: 236.08 seconds","length_train_dataset":917,"length_test_dataset":200,"parameters":"order=(0, 2, 1), seasonal_order=(2, 0, 2, 84)","prediction":"{\"917\":7.2163115152,\"918\":7.2593537223,\"919\":7.2467703682,\"920\":7.3142402029,\"921\":7.2628812237,\"922\":6.9582239681,\"923\":6.9464994182,\"924\":6.9805803988,\"925\":6.9268906904,\"926\":6.9825841077,\"927\":7.0200430656,\"928\":7.0410283356,\"929\":7.0684439414,\"930\":7.0608412559,\"931\":7.0896863111,\"932\":7.1416705593,\"933\":7.1831189903,\"934\":7.1597430108,\"935\":7.1998048922,\"936\":7.3131870626,\"937\":7.317800424,\"938\":7.3111510404,\"939\":7.3244921903,\"940\":7.3399362419,\"941\":7.3788182658,\"942\":7.3891624383,\"943\":7.4114144422,\"944\":7.3974880889,\"945\":7.4892894682,\"946\":7.4544632463,\"947\":7.4946726825,\"948\":7.5326377001,\"949\":7.5489648173,\"950\":7.5892290459,\"951\":7.6215341812,\"952\":7.6553216868,\"953\":7.6701968775,\"954\":7.6703629293,\"955\":7.6898720704,\"956\":7.7357152357,\"957\":7.7611090339,\"958\":7.7733653769,\"959\":7.7927174105,\"960\":7.8321105182,\"961\":7.8347642657,\"962\":7.9153490547,\"963\":7.9591058147,\"964\":7.9355538703,\"965\":8.0108851225,\"966\":8.0321800139,\"967\":8.0017588432,\"968\":8.0627575763,\"969\":8.0615567236,\"970\":8.0845097802,\"971\":8.1253687719,\"972\":8.1440751177,\"973\":8.1805915568,\"974\":8.2184195804,\"975\":8.2372950032,\"976\":8.2528344373,\"977\":8.2943341447,\"978\":8.3084089523,\"979\":8.3373747641,\"980\":8.3396151768,\"981\":8.3695656487,\"982\":8.3814483143,\"983\":8.4585590124,\"984\":8.4617308353,\"985\":8.4607494466,\"986\":8.5402794107,\"987\":8.5499792432,\"988\":8.5611851413,\"989\":8.5650587451,\"990\":8.6051116775,\"991\":8.6526136427,\"992\":8.7034445533,\"993\":8.024545274,\"994\":7.9778402617,\"995\":7.5890108073,\"996\":7.6232991347,\"997\":7.7129397626,\"998\":7.7713382272,\"999\":7.7949011988,\"1000\":7.7213488288,\"1001\":7.7320063845,\"1002\":7.8029737177,\"1003\":7.7795600916,\"1004\":7.8779799428,\"1005\":7.5461898385,\"1006\":7.3284302838,\"1007\":7.3141731852,\"1008\":7.3406368505,\"1009\":7.2979162371,\"1010\":7.326640258,\"1011\":7.3709313782,\"1012\":7.3791467553,\"1013\":7.4239246093,\"1014\":7.3795369624,\"1015\":7.4332357226,\"1016\":7.4973909153,\"1017\":7.4986190408,\"1018\":7.4853896167,\"1019\":7.5762010025,\"1020\":7.6130179788,\"1021\":7.6095649482,\"1022\":7.6225851725,\"1023\":7.634613898,\"1024\":7.6564814582,\"1025\":7.7013476453,\"1026\":7.7036819343,\"1027\":7.7316060359,\"1028\":7.7231418152,\"1029\":7.7665218655,\"1030\":7.7563899231,\"1031\":7.7922213235,\"1032\":7.8638284749,\"1033\":7.8780169057,\"1034\":7.8955485284,\"1035\":7.9282284849,\"1036\":7.9810754761,\"1037\":7.9915284768,\"1038\":7.9745894467,\"1039\":7.9911717312,\"1040\":7.9984075196,\"1041\":8.0687780264,\"1042\":8.0432638661,\"1043\":8.0658455964,\"1044\":8.0955279164,\"1045\":8.1048937953,\"1046\":8.0560159943,\"1047\":8.1026447927,\"1048\":8.0697904568,\"1049\":8.1095357686,\"1050\":8.1419216597,\"1051\":8.1098067235,\"1052\":8.1648460241,\"1053\":8.1681159599,\"1054\":8.1819917923,\"1055\":8.2325574663,\"1056\":8.2454633578,\"1057\":8.2652349996,\"1058\":8.3035481826,\"1059\":8.3109789453,\"1060\":8.3241307922,\"1061\":8.3866845488,\"1062\":8.3717588647,\"1063\":8.3878410742,\"1064\":8.4085756134,\"1065\":8.4221912219,\"1066\":8.4483637701,\"1067\":8.5043251322,\"1068\":8.4995219149,\"1069\":8.4970992613,\"1070\":8.5674768425,\"1071\":8.576740709,\"1072\":8.5852444261,\"1073\":8.5802576099,\"1074\":8.6163028258,\"1075\":8.6489854778,\"1076\":8.6996281653,\"1077\":8.3326060006,\"1078\":8.3068757583,\"1079\":8.0911163683,\"1080\":8.0918087852,\"1081\":8.1690960611,\"1082\":8.2011804592,\"1083\":8.2215728367,\"1084\":8.1851301554,\"1085\":8.2064008366,\"1086\":8.2358436178,\"1087\":8.2289329348,\"1088\":8.2759912682,\"1089\":8.2723611455,\"1090\":8.0390285517,\"1091\":8.0317707026,\"1092\":8.058813879,\"1093\":8.0190874469,\"1094\":8.0643151148,\"1095\":8.0921387604,\"1096\":8.1101548003,\"1097\":8.1293467069,\"1098\":8.1291628356,\"1099\":8.1485225533,\"1100\":8.1864031683,\"1101\":8.222713628,\"1102\":8.205387352,\"1103\":8.229944396,\"1104\":8.3234678159,\"1105\":8.3288833895,\"1106\":8.3227399874,\"1107\":8.3337800869,\"1108\":8.3454546401,\"1109\":8.3744253491,\"1110\":8.3840506584,\"1111\":8.4008227701,\"1112\":8.3910016902,\"1113\":8.4653265834,\"1114\":8.4378594294,\"1115\":8.4690293791,\"1116\":8.4940621212}"}
