{"label":"InfluxDB_r=15h_chained_e=100_pl=12_hst=50","error_metrics":{"mae":2.2835436542,"median_ae":1.461096423,"smape":0.6808091793,"rsme":2.9729032866,"mase":3.7982000909},"runtimes":"Training: 50.50 seconds","length_train_dataset":5378,"length_validation_dataset":12,"parameters":"Epochs: 100, hyperparameters: Hyperparamters(gradient_clip_val=6.9953515571, hidden_continuous_size=40, dropout=0.1558743686, attention_head_size=3, learning_rate=0.0039810717, accelerator='auto', hidden_size=70)","prediction":[3.0088825226,3.0367362499,3.0399212837,3.0363998413,3.0316486359,3.0274653435,3.0241932869,3.0217194557,3.0198526382,3.0184180737,3.0172896385,3.0163834095]}
