{"label":"","error_metrics":{"mae":3.2895940741,"median_ae":2.9191738367,"smape":0.6790352563,"rsme":3.933485993,"mase":1.8280433758},"runtimes":"Training: 7.06 seconds","length_train_dataset":4964,"length_validation_dataset":36,"parameters":"Epochs: 1, hyperparameters: Hyperparamters(gradient_clip_val=33.134465883069915, hidden_continuous_size=20, dropout=0.13584274723675938, attention_head_size=2, learning_rate=0.022387211385683406, accelerator='auto', hidden_size=31)","prediction":[3.1170222759,3.1178786755,3.1088764668,3.0981099606,3.0894706249,3.0835237503,3.0797379017,3.0774478912,3.0761373043,3.0754480362,3.0751490593,3.0750961304,3.0751965046,3.0753958225,3.0756599903,3.0759692192,3.0763111115,3.0766777992,3.0770666599,3.0774731636,3.0778975487,3.078337431,3.0787904263,3.0792531967,3.0797278881,3.0802121162,3.0807061195,3.0812103748,3.0817234516,3.0822455883,3.0827760696,3.0833148956,3.0838615894,3.0844173431,3.0849790573,3.0855491161]}
