{
    "label": "Sawtooth_i=3",
    "error_metrics": "RSME: 5.790082039362811, SMAPE: 1.9212005747879997, MASE: 5.189098967992695",
    "runtimes": "Training: 0.35 seconds",
    "length_train_dataset": 2,
    "length_validation_dataset": 25,
    "parameters": "order=(0, 0, 2), seasonal_order=(2, 0, 2, 9)",
    "prediction": "{\"2\":1.6213464456,\"3\":0.6463615761,\"4\":0.0,\"5\":6.406240419e-16,\"6\":2.205028694e-16,\"7\":-0.0001810411,\"8\":0.0000529594,\"9\":0.0008742598,\"10\":0.0017485196,\"11\":0.0014174781,\"12\":0.000565088,\"13\":-4.071510303e-16,\"14\":-0.0,\"15\":-3.62645647e-16,\"16\":-0.0000137711,\"17\":0.0000040284,\"18\":0.0000665017,\"19\":0.0001330034,\"20\":0.0001078223,\"21\":0.0000429841,\"22\":1.353135347e-19,\"23\":-5.785168539e-19,\"24\":-1.986568265e-19,\"25\":-0.0000000765,\"26\":0.0000000224}"
}