{"label":"InfluxDB_r=2h_om=lbfgs_order=ArimaOrder(order=(1, 1, 2), seasonal_order=(2, 0, 2, 84))","mean_squared_error":4.0525169252,"runtimes":"Training: 251.09 seconds","length_train_dataset":917,"length_test_dataset":200,"parameters":"order=(1, 1, 2), seasonal_order=(2, 0, 2, 84)","prediction":"{\"917\":7.2296992508,\"918\":7.2753317099,\"919\":7.2580057106,\"920\":7.3261253881,\"921\":7.2490445229,\"922\":6.9442552617,\"923\":6.930466182,\"924\":6.9595367083,\"925\":6.9047993572,\"926\":6.9586088472,\"927\":6.9940965624,\"928\":7.0143535799,\"929\":7.0387089678,\"930\":7.0315295648,\"931\":7.0556397241,\"932\":7.1057430811,\"933\":7.1475582176,\"934\":7.1202946317,\"935\":7.1597540426,\"936\":7.2671273937,\"937\":7.2697588471,\"938\":7.2624859295,\"939\":7.2752682517,\"940\":7.2896176277,\"941\":7.3251976934,\"942\":7.3350671652,\"943\":7.354104624,\"944\":7.3384510384,\"945\":7.4266742497,\"946\":7.3901228139,\"947\":7.4280392491,\"948\":7.4689316511,\"949\":7.4838090298,\"950\":7.5224610813,\"951\":7.5524794261,\"952\":7.5859029776,\"953\":7.5987780389,\"954\":7.595195494,\"955\":7.6129302507,\"956\":7.6565566241,\"957\":7.6818026029,\"958\":7.6904226993,\"959\":7.7079396662,\"960\":7.7449223512,\"961\":7.7463490085,\"962\":7.8209949913,\"963\":7.8615347935,\"964\":7.8389256628,\"965\":7.9110029696,\"966\":7.929844938,\"967\":7.8987092025,\"968\":7.9563812485,\"969\":7.9537539704,\"970\":7.9742597456,\"971\":8.0139023614,\"972\":8.0306591615,\"973\":8.0650269069,\"974\":8.1016223233,\"975\":8.118025744,\"976\":8.1325187755,\"977\":8.171455235,\"978\":8.1833456985,\"979\":8.2095731877,\"980\":8.2105258472,\"981\":8.2378317283,\"982\":8.2482137547,\"983\":8.3241965692,\"984\":8.3238897911,\"985\":8.3212886226,\"986\":8.3971256424,\"987\":8.4042096438,\"988\":8.4148186488,\"989\":8.4168436007,\"990\":8.4540757101,\"991\":8.4965900232,\"992\":8.5463734126,\"993\":7.8609723711,\"994\":7.8217716532,\"995\":7.4230039763,\"996\":7.4557014831,\"997\":7.5386300175,\"998\":7.597512647,\"999\":7.6169187732,\"1000\":7.5430146382,\"1001\":7.5528084734,\"1002\":7.6193556814,\"1003\":7.5964136722,\"1004\":7.6914752652,\"1005\":7.3294884072,\"1006\":7.103648666,\"1007\":7.0859432497,\"1008\":7.1084230718,\"1009\":7.0623199755,\"1010\":7.0889436504,\"1011\":7.13212927,\"1012\":7.1377738211,\"1013\":7.1800579953,\"1014\":7.1373016495,\"1015\":7.185292563,\"1016\":7.2476199317,\"1017\":7.2472689089,\"1018\":7.2318648222,\"1019\":7.3225212216,\"1020\":7.3571928651,\"1021\":7.3521694258,\"1022\":7.3640600325,\"1023\":7.3753455118,\"1024\":7.3981594257,\"1025\":7.4372053266,\"1026\":7.4393612828,\"1027\":7.4642659793,\"1028\":7.4552416398,\"1029\":7.4960867839,\"1030\":7.4821343911,\"1031\":7.5149948091,\"1032\":7.589615081,\"1033\":7.6022820468,\"1034\":7.6183809528,\"1035\":7.6494856812,\"1036\":7.7018625323,\"1037\":7.7111924634,\"1038\":7.6900558622,\"1039\":7.7058524319,\"1040\":7.7107217911,\"1041\":7.7800367885,\"1042\":7.7520361627,\"1043\":7.772538982,\"1044\":7.8010300261,\"1045\":7.8089083224,\"1046\":7.7445277073,\"1047\":7.7879304139,\"1048\":7.7567752099,\"1049\":7.7945817805,\"1050\":7.8242013645,\"1051\":7.7900715955,\"1052\":7.8429874845,\"1053\":7.8440295646,\"1054\":7.8553290582,\"1055\":7.9053087972,\"1056\":7.9161274849,\"1057\":7.9348170052,\"1058\":7.9725437935,\"1059\":7.9762866428,\"1060\":7.9881559231,\"1061\":8.0492743586,\"1062\":8.0315287313,\"1063\":8.0462471939,\"1064\":8.0645516328,\"1065\":8.0757961566,\"1066\":8.1003325211,\"1067\":8.1555025305,\"1068\":8.1483836906,\"1069\":8.1442439328,\"1070\":8.2109493609,\"1071\":8.217247936,\"1072\":8.2262579363,\"1073\":8.2190369477,\"1074\":8.2530372922,\"1075\":8.2802307523,\"1076\":8.331590532,\"1077\":7.9424820104,\"1078\":7.9149596337,\"1079\":7.6792399293,\"1080\":7.6772852607,\"1081\":7.7492281484,\"1082\":7.7833811747,\"1083\":7.7992091344,\"1084\":7.7599286448,\"1085\":7.7820223198,\"1086\":7.8089589971,\"1087\":7.7998352603,\"1088\":7.8465878582,\"1089\":7.8222414042,\"1090\":7.5791815531,\"1091\":7.5696403445,\"1092\":7.5922894365,\"1093\":7.5496545082,\"1094\":7.5938220504,\"1095\":7.6201384775,\"1096\":7.6372733381,\"1097\":7.6538358645,\"1098\":7.6524728109,\"1099\":7.6681338133,\"1100\":7.7050020306,\"1101\":7.7418871113,\"1102\":7.7196600481,\"1103\":7.7438598083,\"1104\":7.8344128539,\"1105\":7.8373174496,\"1106\":7.8295237032,\"1107\":7.8394698785,\"1108\":7.8494524667,\"1109\":7.8762476931,\"1110\":7.8846912842,\"1111\":7.898560626,\"1112\":7.8858216488,\"1113\":7.9587853628,\"1114\":7.92820988,\"1115\":7.9577842189,\"1116\":7.9851133193}"}
