{"label":"FluxDB_24h","order":[0,0,1],"seasonal_order":[0,0,1,6],"mean_squared_error":1171.0980813817,"length_train_dataset":30,"length_test_dataset":6,"prediction":"{\"30\":2183.2461726091,\"31\":1356.7107902745,\"32\":1065.4492699676,\"33\":1148.4423799305,\"34\":1019.5913154039,\"35\":1049.8282955574}"}
{"label":"FluxDB_12h","order":[2,0,0],"seasonal_order":[0,0,1,12],"mean_squared_error":210.2157443918,"length_train_dataset":65,"length_test_dataset":6,"prediction":"{\"65\":2358.6765650168,\"66\":2368.020451555,\"67\":2218.7776363702,\"68\":2196.054493346,\"69\":2198.2062356139,\"70\":2231.9799277568}"}
{"label":"FluxDB_8h","order":[1,0,1],"seasonal_order":[0,0,1,18],"mean_squared_error":219.8295193814,"length_train_dataset":100,"length_test_dataset":6,"prediction":"{\"100\":2393.7681035138,\"101\":2462.3004296744,\"102\":2233.9841952033,\"103\":2213.9843610029,\"104\":2226.3786648217,\"105\":2224.2415088254}"}
{"label":"FluxDB_6h","order":[1,0,0],"seasonal_order":[2,0,0,24],"mean_squared_error":238.946362221,"length_train_dataset":135,"length_test_dataset":6,"prediction":"{\"135\":2234.1334810467,\"136\":2277.0799399582,\"137\":2219.2744358662,\"138\":2265.5610046859,\"139\":2220.0260903356,\"140\":2212.7067792246}"}
{"label":"Sawtooth","order":"missing","seasonal_order":"missing","mean_squared_error":4.871290009,"length_train_dataset":9979,"length_test_dataset":20,"prediction":"{\"9979\":7.5804558158,\"9980\":6.3848122639,\"9981\":5.3777541399,\"9982\":4.5295364051,\"9983\":3.8151056205,\"9984\":3.2133599543,\"9985\":2.706525906,\"9986\":2.2796333383,\"9987\":1.9200733108,\"9988\":1.6172256551,\"9989\":1.3621452914,\"9990\":1.1472980218,\"9991\":0.9663379957,\"9992\":0.8139202755,\"9993\":0.6855429651,\"9994\":0.5774142397,\"9995\":0.4863403479,\"9996\":0.4096312799,\"9997\":0.3450213131,\"9998\":0.290602091}"}
{"label":"Sawtooth","order":"missing","seasonal_order":"missing","mean_squared_error":4.871290009,"length_train_dataset":9979,"length_test_dataset":20,"prediction":"{\"9979\":7.5804558158,\"9980\":6.3848122639,\"9981\":5.3777541399,\"9982\":4.5295364051,\"9983\":3.8151056205,\"9984\":3.2133599543,\"9985\":2.706525906,\"9986\":2.2796333383,\"9987\":1.9200733108,\"9988\":1.6172256551,\"9989\":1.3621452914,\"9990\":1.1472980218,\"9991\":0.9663379957,\"9992\":0.8139202755,\"9993\":0.6855429651,\"9994\":0.5774142397,\"9995\":0.4863403479,\"9996\":0.4096312799,\"9997\":0.3450213131,\"9998\":0.290602091}"}
{"label":"Sawtooth","order":[0,0,0],"seasonal_order":[2,0,2,10],"mean_squared_error":0.0000822732,"length_train_dataset":9979,"length_test_dataset":20,"prediction":"{\"9979\":0.0000000002,\"9980\":0.9999928091,\"9981\":1.9999856181,\"9982\":2.9999784269,\"9983\":3.9999712357,\"9984\":4.9999640447,\"9985\":5.9999568539,\"9986\":6.999949663,\"9987\":7.999942472,\"9988\":8.9999352811,\"9989\":0.0000000002,\"9990\":0.9999794259,\"9991\":1.9999588516,\"9992\":2.9999382773,\"9993\":3.999917703,\"9994\":4.9998971288,\"9995\":5.9998765547,\"9996\":6.9998559806,\"9997\":7.9998354064,\"9998\":8.9998148323}"}
{"label":"Sawtooth","order":[0,0,0],"seasonal_order":[2,0,2,10],"mean_squared_error":0.0000822732,"length_train_dataset":9979,"length_test_dataset":20,"prediction":"{\"9979\":0.0000000002,\"9980\":0.9999928091,\"9981\":1.9999856181,\"9982\":2.9999784269,\"9983\":3.9999712357,\"9984\":4.9999640447,\"9985\":5.9999568539,\"9986\":6.999949663,\"9987\":7.999942472,\"9988\":8.9999352811,\"9989\":0.0000000002,\"9990\":0.9999794259,\"9991\":1.9999588516,\"9992\":2.9999382773,\"9993\":3.999917703,\"9994\":4.9998971288,\"9995\":5.9998765547,\"9996\":6.9998559806,\"9997\":7.9998354064,\"9998\":8.9998148323}"}
{"label":"InfluxDB","order":"missing","seasonal_order":"missing","mean_squared_error":426.9597818035,"length_train_dataset":86,"length_test_dataset":20,"prediction":"{\"86\":2950.4891313109,\"87\":2946.9824353364,\"88\":2943.4799071171,\"89\":2939.9815416998,\"90\":2936.4873341367,\"91\":2932.9972794862,\"92\":2929.5113728126,\"93\":2926.0296091859,\"94\":2922.5519836821,\"95\":2919.0784913829,\"96\":2915.609127376,\"97\":2912.1438867548,\"98\":2908.6827646186,\"99\":2905.2257560726,\"100\":2901.7728562277,\"101\":2898.3240602007,\"102\":2894.8793631141,\"103\":2891.4387600962,\"104\":2888.0022462813,\"105\":2884.5698168092}"}
{"label":"InfluxDB","order":"missing","seasonal_order":"missing","mean_squared_error":426.9597818035,"length_train_dataset":86,"length_test_dataset":20,"prediction":"{\"86\":2950.4891313109,\"87\":2946.9824353364,\"88\":2943.4799071171,\"89\":2939.9815416998,\"90\":2936.4873341367,\"91\":2932.9972794862,\"92\":2929.5113728126,\"93\":2926.0296091859,\"94\":2922.5519836821,\"95\":2919.0784913829,\"96\":2915.609127376,\"97\":2912.1438867548,\"98\":2908.6827646186,\"99\":2905.2257560726,\"100\":2901.7728562277,\"101\":2898.3240602007,\"102\":2894.8793631141,\"103\":2891.4387600962,\"104\":2888.0022462813,\"105\":2884.5698168092}"}
{"label":"InfluxDB","order":"missing","seasonal_order":"missing","mean_squared_error":426.9597818035,"length_train_dataset":86,"length_test_dataset":20,"prediction":"{\"86\":2950.4891313109,\"87\":2946.9824353364,\"88\":2943.4799071171,\"89\":2939.9815416998,\"90\":2936.4873341367,\"91\":2932.9972794862,\"92\":2929.5113728126,\"93\":2926.0296091859,\"94\":2922.5519836821,\"95\":2919.0784913829,\"96\":2915.609127376,\"97\":2912.1438867548,\"98\":2908.6827646186,\"99\":2905.2257560726,\"100\":2901.7728562277,\"101\":2898.3240602007,\"102\":2894.8793631141,\"103\":2891.4387600962,\"104\":2888.0022462813,\"105\":2884.5698168092}"}
{"label":"Sawtooth","order":[1,0,1],"seasonal_order":[0,0,1,18],"mean_squared_error":4.8009931072,"length_train_dataset":9979,"length_test_dataset":20,"prediction":"{\"9979\":7.6956987487,\"9980\":6.717019844,\"9981\":5.8297506275,\"9982\":5.0206610175,\"9983\":4.2992002833,\"9984\":3.6257078509,\"9985\":3.1464956189,\"9986\":2.5814215545,\"9987\":3.2327774892,\"9988\":2.7543906462,\"9989\":2.3128155984,\"9990\":1.9037405746,\"9991\":1.5258011124,\"9992\":1.1721451945,\"9993\":0.8579252433,\"9994\":0.5485803436,\"9995\":0.3949824194,\"9996\":0.1210669318,\"9997\":0.1318830106,\"9998\":0.1179274644}"}
