{"label":"FluxDB_24h","order":[0,0,1],"seasonal_order":[0,0,1,6],"mean_squared_error":1171.0980813817,"length_train_dataset":30,"length_test_dataset":6,"prediction":"{\"30\":2183.2461726091,\"31\":1356.7107902745,\"32\":1065.4492699676,\"33\":1148.4423799305,\"34\":1019.5913154039,\"35\":1049.8282955574}"}
{"label":"FluxDB_12h","order":[2,0,0],"seasonal_order":[0,0,1,12],"mean_squared_error":210.2157443918,"length_train_dataset":65,"length_test_dataset":6,"prediction":"{\"65\":2358.6765650168,\"66\":2368.020451555,\"67\":2218.7776363702,\"68\":2196.054493346,\"69\":2198.2062356139,\"70\":2231.9799277568}"}
{"label":"FluxDB_8h","order":[1,0,1],"seasonal_order":[0,0,1,18],"mean_squared_error":219.8295193814,"length_train_dataset":100,"length_test_dataset":6,"prediction":"{\"100\":2393.7681035138,\"101\":2462.3004296744,\"102\":2233.9841952033,\"103\":2213.9843610029,\"104\":2226.3786648217,\"105\":2224.2415088254}"}
{"label":"FluxDB_6h","order":[1,0,0],"seasonal_order":[2,0,0,24],"mean_squared_error":238.946362221,"length_train_dataset":135,"length_test_dataset":6,"prediction":"{\"135\":2234.1334810467,\"136\":2277.0799399582,\"137\":2219.2744358662,\"138\":2265.5610046859,\"139\":2220.0260903356,\"140\":2212.7067792246}"}
