{"label":null,"error_metrics":{"mae":0.0001358552,"median_ae":0.0000777751,"smape":0.0000289737,"rsme":0.0001881612,"mase":0.0000754954},"runtimes":"Training: 26.91 seconds","length_train_dataset":4964,"length_validation_dataset":36,"parameters":"order=(2, 0, 1), seasonal_order=(2, 0, 2, 10)","prediction":[4.9999897764,5.9999738319,6.9999634873,7.9999476611,8.9999372009,9.9999214877,1.0000419652,2.0000263606,3.0000156835,4.0000001825,4.9999698031,5.9999238318,6.9998931236,7.9998474742,8.9998164511,9.9997711098,1.0001220837,2.0000770379,3.000045424,4.000000661,4.9999489182,5.9998734647,6.9998212221,7.9997462579,8.9996935364,9.9996190408,1.00020263,2.0001285836,3.0000749639,4.0000013475,4.9999277051,5.9998239301,6.9997496527,7.9996464993,8.9995716135,9.9994690557]}
