{
    "label": "Sawtooth_i=100",
    "error_metrics": "{\"MAE\": 0.00013022591162896089, \"MedianAE\": 0.00010438839958570867, \"SMAPE\": 3.098380051708289e-05, \"RSME\": 0.0001684759966891768, \"MASE\": 0.00021789493225840852}",
    "runtimes": "Training: 98.17 seconds",
    "length_train_dataset": 2965,
    "length_validation_dataset": 35,
    "parameters": "order=(2, 0, 0), seasonal_order=(2, 0, 2, 30)",
    "prediction": [
        8.7585997224,
        9.0689242621,
        9.3792491478,
        9.6895743713,
        9.9998999205,
        1.0001951204,
        1.3105212384,
        1.6208476488,
        1.9311743415,
        2.2415013062,
        2.551828533,
        2.8621560128,
        3.1724837364,
        3.4828116953,
        3.7931398808,
        4.1034682851,
        4.4137969003,
        4.7241257183,
        5.0344547327,
        5.3447839359,
        5.6551133215,
        5.9654428829,
        6.2757726136,
        6.5861025082,
        6.8964325598,
        7.2067627635,
        7.517093114,
        7.8274236057,
        8.1377542339,
        8.4480849934,
        8.7583756557,
        9.0686677435,
        9.3789606129,
        9.6892542443,
        9.9995486109
    ]
}