{"label":"InfluxDB_r=2h_om=lbfgs_order=ArimaOrder(order=(0, 0, 0), seasonal_order=(2, 1, 2, 84))","mean_squared_error":2.0292326333,"runtimes":"Training: 218.49 seconds","length_train_dataset":917,"length_test_dataset":200,"parameters":"order=(0, 0, 0), seasonal_order=(2, 1, 2, 84)","prediction":"{\"917\":4.0097058151,\"918\":4.1353836498,\"919\":4.0668270218,\"920\":4.2363046463,\"921\":4.3588852744,\"922\":3.5003755086,\"923\":3.4657541532,\"924\":3.5424701667,\"925\":3.3807577257,\"926\":3.5334828964,\"927\":3.6187388727,\"928\":3.6709039535,\"929\":3.7324874986,\"930\":3.6826887978,\"931\":3.7748384159,\"932\":3.8972132537,\"933\":4.0168240418,\"934\":3.9432841278,\"935\":4.0110744244,\"936\":4.3487772514,\"937\":4.3592792239,\"938\":4.3173074857,\"939\":4.3334958717,\"940\":4.3536258545,\"941\":4.4614009524,\"942\":4.4726286369,\"943\":4.5264643253,\"944\":4.4784746581,\"945\":4.7376074076,\"946\":4.6282722371,\"947\":4.7390026876,\"948\":4.7731755827,\"949\":4.806529714,\"950\":4.9123704744,\"951\":4.9935304887,\"952\":5.0583242995,\"953\":5.0846441422,\"954\":5.0979222978,\"955\":5.1399045055,\"956\":5.2646659656,\"957\":5.2966016696,\"958\":5.3408097338,\"959\":5.3902891032,\"960\":5.4884161899,\"961\":5.4838119657,\"962\":5.7318765518,\"963\":5.8569152755,\"964\":5.7541206939,\"965\":5.9647527371,\"966\":6.0164178392,\"967\":5.9184684439,\"968\":6.085144084,\"969\":6.0677672184,\"970\":6.1241465923,\"971\":6.2171869812,\"972\":6.258544108,\"973\":6.3533816044,\"974\":6.4423090412,\"975\":6.4897078799,\"976\":6.5155092154,\"977\":6.6109980263,\"978\":6.6500110751,\"979\":6.7229601025,\"980\":6.7153565935,\"981\":6.7922320306,\"982\":6.8077011523,\"983\":7.0066612056,\"984\":7.0173396351,\"985\":7.0081123597,\"986\":7.2202727918,\"987\":7.2496462885,\"988\":7.2540227475,\"989\":7.2546979986,\"990\":7.3593825243,\"991\":7.5159229505,\"992\":7.6289521799,\"993\":5.7644103981,\"994\":5.5809702248,\"995\":4.5898701458,\"996\":4.6758481336,\"997\":4.948897787,\"998\":5.0720406182,\"999\":5.1537977578,\"1000\":4.9272230537,\"1001\":4.1543188717,\"1002\":4.3812091926,\"1003\":4.272577356,\"1004\":4.5699667971,\"1005\":3.7241356361,\"1006\":3.0463030063,\"1007\":3.0027878947,\"1008\":3.1365871212,\"1009\":2.9949124633,\"1010\":3.0780452384,\"1011\":3.1949071305,\"1012\":3.2127745386,\"1013\":3.3381037802,\"1014\":3.1671509178,\"1015\":3.3456548512,\"1016\":3.5249483911,\"1017\":3.5238897129,\"1018\":3.4726182244,\"1019\":3.7145856884,\"1020\":3.839704221,\"1021\":3.819850063,\"1022\":3.8367370031,\"1023\":3.8516308512,\"1024\":3.8893922336,\"1025\":4.0356355094,\"1026\":4.0203601454,\"1027\":4.0996612204,\"1028\":4.056157241,\"1029\":4.1912215179,\"1030\":4.1513238493,\"1031\":4.2590788275,\"1032\":4.4154687947,\"1033\":4.4450554548,\"1034\":4.4885351916,\"1035\":4.5771095893,\"1036\":4.7117281444,\"1037\":4.7265906062,\"1038\":4.6834295439,\"1039\":4.7175917701,\"1040\":4.7356468405,\"1041\":4.9200021026,\"1042\":4.8440989474,\"1043\":4.9047392024,\"1044\":4.9818382472,\"1045\":4.9954433913,\"1046\":4.9086791124,\"1047\":5.0527293323,\"1048\":4.9110971755,\"1049\":5.0303318151,\"1050\":5.1222331785,\"1051\":5.0087540496,\"1052\":5.1723100671,\"1053\":5.1686305382,\"1054\":5.2040092458,\"1055\":5.3373285182,\"1056\":5.3657012386,\"1057\":5.4143652632,\"1058\":5.5126018513,\"1059\":5.5330422032,\"1060\":5.5557117185,\"1061\":5.7289030793,\"1062\":5.6807708257,\"1063\":5.7185350291,\"1064\":5.7691447854,\"1065\":5.8038099224,\"1066\":5.8666067963,\"1067\":6.0223340617,\"1068\":6.0035625689,\"1069\":5.9846491361,\"1070\":6.1985381546,\"1071\":6.2254303212,\"1072\":6.2219363209,\"1073\":6.1959490649,\"1074\":6.2979368213,\"1075\":6.4191821856,\"1076\":6.5448691052,\"1077\":5.4650217563,\"1078\":5.344573951,\"1079\":4.7741484118,\"1080\":4.768931185,\"1081\":5.0278898612,\"1082\":5.0861753647,\"1083\":5.1611357385,\"1084\":5.0303266361,\"1085\":4.0089749658,\"1086\":4.1315162452,\"1087\":4.0669274875,\"1088\":4.2367388117,\"1089\":4.3372608907,\"1090\":3.4885817021,\"1091\":3.4529586588,\"1092\":3.5310926337,\"1093\":3.3688583061,\"1094\":3.5198611464,\"1095\":3.6065325009,\"1096\":3.6567102696,\"1097\":3.7196388329,\"1098\":3.6734473756,\"1099\":3.7617162028,\"1100\":3.8863184498,\"1101\":4.0007058101,\"1102\":3.928692904,\"1103\":3.9992117732,\"1104\":4.3354448106,\"1105\":4.3449637582,\"1106\":4.3041254252,\"1107\":4.3210936589,\"1108\":4.3434079645,\"1109\":4.4489539096,\"1110\":4.4599427627,\"1111\":4.5150146696,\"1112\":4.467098009,\"1113\":4.7239466649,\"1114\":4.6152859197,\"1115\":4.7229960815,\"1116\":4.7644973604}"}
