{
    "label": "Sawtooth_i=5_om=lbfgs",
    "error_metrics": "RSME: 6.995654070481216e-05, SMAPE: 9.210125424151708e-06, MASE: 3.214435792009391e-05",
    "runtimes": "Training: 1.05 seconds",
    "length_train_dataset": 20,
    "length_validation_dataset": 25,
    "parameters": "order=(4, 0, 1), seasonal_order=(2, 0, 0, 9)",
    "prediction": "{\"20\":2.9999969937,\"21\":3.9999622757,\"22\":4.9999709654,\"23\":5.9999462318,\"24\":6.9999440115,\"25\":7.9999290777,\"26\":8.9999204209,\"27\":1.0000034019,\"28\":1.9999928415,\"29\":2.9999823553,\"30\":3.999969638,\"31\":4.9999597667,\"32\":5.9999477304,\"33\":6.9999371335,\"34\":7.9999257317,\"35\":8.9999147227,\"36\":1.0000029505,\"37\":1.9999918231,\"38\":2.9999778676,\"39\":3.9999338567,\"40\":4.9999309729,\"41\":5.9998964245,\"42\":6.9998832042,\"43\":7.999857941,\"44\":8.999838624}"
}