{"label":"InfluxDB_r=12h_chained_e=200_pl=14_hst=1","error_metrics":{"mae":1.2208730791,"median_ae":1.2558950735,"smape":0.3033708924,"rsme":1.3359423675,"mase":1.9580784782},"runtimes":"Training: 3.23 seconds , hyperparameter study: 108.59 seconds)","length_train_dataset":5032,"length_validation_dataset":14,"parameters":"Epochs: 200, hyperparameters: Hyperparamters(gradient_clip_val=6.9953515571, hidden_continuous_size=40, dropout=0.1558743686, attention_head_size=3, learning_rate=0.0039810717, accelerator='auto', hidden_size=70)","prediction":[4.3420257568,4.3284945488,4.32589674,4.3278169632,4.3320064545,4.3374471664,4.3435721397,4.3500680923,4.3567609787,4.3635578156,4.370408535,4.3772830963,4.3841676712,4.3910493851]}
