{"label":"Sawtooth[1,10,10], 40 intervals","error_metrics":{"mae":0.000002855,"median_ae":0.0000024536,"smape":0.0000005424,"rsme":0.0000036134,"mase":0.0000014386},"runtimes":"Training: 4.22 seconds","length_train_dataset":340,"length_validation_dataset":20,"parameters":"order=(4, 0, 1), seasonal_order=(2, 0, 0, 9)","prediction":[8.874998159,9.9999968243,1.0000025111,2.1250015326,3.2500004684,4.3749994746,5.4999985351,6.6249976038,7.7499966848,8.8749957863,9.9999949063,1.0000006147,2.1249997611,3.2499989197,4.3749980892,5.4999972683,6.6249964562,7.749995652,8.8749930155,9.9999908914]}
