{"label":"Sawtooth_[1,6,36]_i=100","error_metrics":{"mae":0.128151921,"median_ae":0.1423547021,"smape":0.0253300306,"rsme":0.1404712669,"mase":0.2143899328},"runtimes":"Training: 249.92 seconds","length_train_dataset":2964,"length_validation_dataset":36,"parameters":"Epochs: 50, hyperparameters: Hyperparamters(gradient_clip_val=0.01565726380636608, hidden_continuous_size=10, dropout=0.21608714783830352, attention_head_size=1, learning_rate=0.005623413251903493, accelerator='auto', hidden_size=223)","prediction":[8.429438591,8.7766218185,9.017326355,9.2702264786,9.5422782898,9.8580446243,0.9518566132,1.2203855515,1.5357272625,1.8823378086,2.2073495388,2.5002799034,2.7881309986,3.0837209225,3.3875279427,3.6799058914,3.959017992,4.2530713081,4.5723810196,4.9005250931,5.2121248245,5.4991579056,5.7775678635,6.0716342926,6.3910007477,6.721394062,7.0419335365,7.3533153534,7.6666121483,7.9880952835,8.3217201233,8.6158666611,8.8716621399,9.158955574,9.464263916,9.7959022522]}
