{"label":"InfluxDB_r=12h-chained_e=100_pl=14_hst=50","error_metrics":{"mae":0.6002968632,"median_ae":0.5904118402,"smape":0.1186008841,"rsme":0.6975183053,"mase":0.9435215819},"runtimes":"Training: 115.45 seconds","length_train_dataset":5808,"length_validation_dataset":14,"parameters":"Epochs: 100, hyperparameters: Hyperparamters(gradient_clip_val=6.9953515571, hidden_continuous_size=40, dropout=0.1558743686, attention_head_size=3, learning_rate=0.0039810717, accelerator='auto', hidden_size=70)","prediction":[3.1581878662,3.3914756775,3.7464227676,4.2630500793,4.8695235252,5.4309430122,5.8629555702,6.2057991028,6.509563446,6.6297550201,6.2342767715,5.2620568275,4.1755638123,3.5682382584]}
