{
    "label": "Sawtooth_[1,6,36]_i=400",
    "error_metrics": {
        "mae": 0.1002394023,
        "median_ae": 0.1053728975,
        "smape": 0.0170441965,
        "rsme": 0.1156784147,
        "mase": 0.1672208763
    },
    "runtimes": "Training: 259.33 seconds",
    "length_train_dataset": 11964,
    "length_validation_dataset": 36,
    "parameters": "Epochs: 50, hyperparameters: Hyperparamters(gradient_clip_val=0.01565726380636608, hidden_continuous_size=10, dropout=0.21608714783830352, attention_head_size=1, learning_rate=0.005623413251903493, accelerator='auto', hidden_size=0)",
    "prediction": [
        8.508228302,
        8.8208971024,
        9.055809021,
        9.3071737289,
        9.5822582245,
        9.8586902618,
        0.9969730377,
        1.2437396049,
        1.6018228531,
        1.9633750916,
        2.2701792717,
        2.54753232,
        2.8332908154,
        3.1304590702,
        3.4235663414,
        3.7062492371,
        3.9946093559,
        4.3057575226,
        4.6301383972,
        4.9422516823,
        5.2332777977,
        5.5199551582,
        5.8251004219,
        6.1555018425,
        6.4876508713,
        6.793202877,
        7.0784630775,
        7.3712711334,
        7.6819143295,
        8.0034618378,
        8.3225402832,
        8.6019916534,
        8.872964859,
        9.1716375351,
        9.473236084,
        9.787776947
    ]
}