{"label":"","error_metrics":{"mae":2.3505166118,"median_ae":0.5676740057,"smape":0.48342175,"rsme":3.4774197099,"mase":12.1808191026},"runtimes":"Training: 54.42 seconds","length_train_dataset":5433,"length_validation_dataset":14,"parameters":"Epochs: 100, hyperparameters: Hyperparamters(gradient_clip_val=6.9953515571, hidden_continuous_size=40, dropout=0.1558743686, attention_head_size=3, learning_rate=0.0039810717, accelerator='auto', hidden_size=0)","prediction":[7.4419212341,7.4865703583,7.5119581223,7.5270342827,7.5361537933,7.5418577194,7.5455741882,7.5480942726,7.5498604774,7.5511240959,7.5520324707,7.5526752472,7.5531115532,7.5533823967]}
