{"label":"InfluxDB_r=2h_om=lbfgs_order=ArimaOrder(order=(1, 2, 0), seasonal_order=(2, 0, 2, 84))","mean_squared_error":11.1858155806,"runtimes":"Training: 250.63 seconds","length_train_dataset":917,"length_test_dataset":200,"parameters":"order=(1, 2, 0), seasonal_order=(2, 0, 2, 84)","prediction":"{\"917\":7.2597548806,\"918\":7.1626008737,\"919\":7.0420666927,\"920\":6.8499044197,\"921\":6.8025722037,\"922\":6.0456007548,\"923\":5.8785910033,\"924\":5.7129715149,\"925\":5.6333313758,\"926\":5.5284820436,\"927\":5.4322904469,\"928\":5.4186919647,\"929\":5.2801997034,\"930\":5.0802043161,\"931\":5.1260185204,\"932\":4.8879911286,\"933\":4.9356696982,\"934\":4.8411387929,\"935\":4.8369492753,\"936\":4.638274632,\"937\":4.5622069247,\"938\":4.4236260454,\"939\":4.3265576666,\"940\":4.2479209315,\"941\":4.0612869237,\"942\":4.0785292896,\"943\":3.8864803305,\"944\":3.8499582013,\"945\":3.7608062348,\"946\":3.6214079193,\"947\":3.6227641984,\"948\":3.4694383778,\"949\":3.3166396975,\"950\":3.2685679983,\"951\":3.2196475908,\"952\":3.2077419277,\"953\":3.0696942971,\"954\":2.9245439247,\"955\":2.7984123819,\"956\":2.7266816231,\"957\":2.5894165856,\"958\":2.4420949875,\"959\":2.4672484056,\"960\":2.3592319712,\"961\":2.2613846709,\"962\":1.7386283219,\"963\":1.7557444872,\"964\":1.5778257636,\"965\":1.5046098631,\"966\":1.4483465163,\"967\":1.2667023078,\"968\":1.2124832824,\"969\":1.0519836437,\"970\":0.9485281032,\"971\":0.8640234671,\"972\":0.7412496897,\"973\":0.6876696487,\"974\":0.6179905375,\"975\":0.4269723138,\"976\":0.3638669265,\"977\":0.2394128442,\"978\":0.1125833906,\"979\":0.0501484375,\"980\":-0.061184179,\"981\":-0.2130504502,\"982\":-0.2685466234,\"983\":-0.432948207,\"984\":-0.492848076,\"985\":-0.5891328662,\"986\":-0.7340691365,\"987\":-0.77965589,\"988\":-0.8942230043,\"989\":-1.050083934,\"990\":-1.1753433581,\"991\":-1.1324502555,\"992\":-1.2468921664,\"993\":-0.5472883151,\"994\":-0.502686154,\"995\":-1.2793927082,\"996\":-1.3611134398,\"997\":-1.4479304618,\"998\":-1.5449423054,\"999\":-1.5452101304,\"1000\":-1.8274035175,\"1001\":-1.8611772511,\"1002\":-2.0303716105,\"1003\":-2.1064909942,\"1004\":-2.2275160804,\"1005\":-2.9119753002,\"1006\":-3.2761051516,\"1007\":-3.4438130666,\"1008\":-3.7162043446,\"1009\":-3.7804819818,\"1010\":-3.944533363,\"1011\":-4.0888588137,\"1012\":-4.1880905062,\"1013\":-4.2763936608,\"1014\":-4.3871040936,\"1015\":-4.6158246761,\"1016\":-4.6512402815,\"1017\":-4.7425550653,\"1018\":-4.9495828394,\"1019\":-5.1727687523,\"1020\":-5.3779016808,\"1021\":-5.4748534058,\"1022\":-5.5635363457,\"1023\":-5.661355094,\"1024\":-5.8499360178,\"1025\":-5.8743007819,\"1026\":-6.033444406,\"1027\":-6.1632059858,\"1028\":-6.3279032252,\"1029\":-6.5085543499,\"1030\":-6.5798332178,\"1031\":-6.6903528636,\"1032\":-6.8922960383,\"1033\":-7.0014532997,\"1034\":-7.1263851309,\"1035\":-7.2277898468,\"1036\":-7.4663007487,\"1037\":-7.6244367807,\"1038\":-7.6507400631,\"1039\":-7.7728817736,\"1040\":-7.8917062434,\"1041\":-7.9770886717,\"1042\":-8.125095059,\"1043\":-8.2236692907,\"1044\":-8.3719532779,\"1045\":-8.4689434429,\"1046\":-8.477739363,\"1047\":-8.6238089585,\"1048\":-8.754294452,\"1049\":-8.8612590628,\"1050\":-8.9768920307,\"1051\":-9.121724598,\"1052\":-9.2482562273,\"1053\":-9.3740973531,\"1054\":-9.5386072254,\"1055\":-9.6998181699,\"1056\":-9.8012637495,\"1057\":-9.9354231777,\"1058\":-10.0625938254,\"1059\":-10.2061011425,\"1060\":-10.3210435081,\"1061\":-10.595284786,\"1062\":-10.5647970636,\"1063\":-10.7121034649,\"1064\":-10.8571964331,\"1065\":-10.9875099585,\"1066\":-11.187313945,\"1067\":-11.3254039727,\"1068\":-11.4264255288,\"1069\":-11.5811507379,\"1070\":-11.6905907328,\"1071\":-11.8586039142,\"1072\":-11.9892967784,\"1073\":-12.0845613781,\"1074\":-12.2427830912,\"1075\":-12.4873878126,\"1076\":-12.6335210826,\"1077\":-12.4897996362,\"1078\":-12.7012460665,\"1079\":-12.8921250347,\"1080\":-13.0054369889,\"1081\":-13.3095306586,\"1082\":-13.3898659328,\"1083\":-13.531238003,\"1084\":-13.6749647189,\"1085\":-13.8336365392,\"1086\":-14.0417287655,\"1087\":-14.1361235256,\"1088\":-14.2230134793,\"1089\":-14.1862840609,\"1090\":-13.6923741091,\"1091\":-13.755150776,\"1092\":-13.7862881304,\"1093\":-13.9632217635,\"1094\":-14.0838775118,\"1095\":-14.2181668844,\"1096\":-14.438885362,\"1097\":-14.5585781704,\"1098\":-14.6185400939,\"1099\":-14.8411339674,\"1100\":-14.8969308144,\"1101\":-15.1718068192,\"1102\":-15.2846766782,\"1103\":-15.4673807188,\"1104\":-15.4935631445,\"1105\":-15.6625349354,\"1106\":-15.782105916,\"1107\":-15.9331372869,\"1108\":-16.0661457023,\"1109\":-16.1691280264,\"1110\":-16.3934469085,\"1111\":-16.4529973638,\"1112\":-16.6301550693,\"1113\":-16.757266259,\"1114\":-16.8825726092,\"1115\":-17.1115028159,\"1116\":-17.1769116719}"}
