{
    "label": "Sawtooth_i=10_om=lbfgs",
    "error_metrics": "RSME: 1.904732770939173e-05, SMAPE: 3.752733004644041e-06, MASE: 8.987433133037348e-06",
    "runtimes": "Training: 2.35 seconds",
    "length_train_dataset": 65,
    "length_validation_dataset": 25,
    "parameters": "order=(4, 0, 1), seasonal_order=(2, 0, 0, 9)",
    "prediction": "{\"65\":3.000016925,\"66\":4.0000218666,\"67\":4.999990211,\"68\":5.9999799949,\"69\":6.9999933226,\"70\":8.0000024526,\"71\":8.9999788587,\"72\":1.0000022943,\"73\":2.0000101295,\"74\":3.0000214954,\"75\":4.0000055453,\"76\":4.9999865434,\"77\":5.9999884355,\"78\":6.9999999397,\"79\":7.9999906886,\"80\":8.999971656,\"81\":1.0000079813,\"82\":2.0000179247,\"83\":3.0000309113,\"84\":4.0000185937,\"85\":4.9999793195,\"86\":5.9999763474,\"87\":6.9999895692,\"88\":7.9999842967,\"89\":8.9999502255}"
}