{"label":"Sawtooth_[1,6,36]_i=20","error_metrics":{"mae":0.0001429218,"median_ae":0.000130383,"smape":0.0000352469,"rsme":0.0001688281,"mase":0.0002429954},"runtimes":"Training: 15.47 seconds","length_train_dataset":564,"length_validation_dataset":36,"parameters":"order=(4, 0, 1), seasonal_order=(2, 0, 0, 30)","prediction":[8.4482493961,8.7585686923,9.0688887985,9.3792095705,9.6895305815,9.999851961,1.0002342362,1.3105562638,1.6208786002,1.9312012374,2.2415241644,2.551847372,2.8621708506,3.1724945912,3.4828185851,3.7931428237,4.1034672989,4.4137920028,4.7241169277,5.0344420662,5.3447674112,5.6550929558,5.9654186933,6.2757446173,6.5860707215,6.8963969999,7.2067234467,7.5170500563,7.8273768231,8.137703742,8.4480306217,8.75835765,9.0686848214,9.3790121301,9.6893395687,9.999667134]}
