{"label":"InfluxDB_r=2h_om=lbfgs_order=ArimaOrder(order=(2, 0, 2), seasonal_order=(2, 0, 2, 84))","mean_squared_error":2.0361596572,"runtimes":"Training: 308.83 seconds","length_train_dataset":917,"length_test_dataset":200,"parameters":"order=(2, 0, 2), seasonal_order=(2, 0, 2, 84)","prediction":"{\"917\":7.1901588535,\"918\":7.1886179912,\"919\":7.1378917403,\"920\":7.165410777,\"921\":6.9995372822,\"922\":6.6431639875,\"923\":6.5899595729,\"924\":6.5772133525,\"925\":6.482381245,\"926\":6.4985444294,\"927\":6.4988193937,\"928\":6.4818217172,\"929\":6.4697050546,\"930\":6.4280232034,\"931\":6.4131896326,\"932\":6.4293338573,\"933\":6.4366984362,\"934\":6.3722940921,\"935\":6.3820057844,\"936\":6.4526900355,\"937\":6.4209460708,\"938\":6.3812087394,\"939\":6.3618814682,\"940\":6.3462764407,\"941\":6.3453304367,\"942\":6.3241601647,\"943\":6.3093927457,\"944\":6.2623175103,\"945\":6.3173543071,\"946\":6.2467018314,\"947\":6.2526657763,\"948\":6.2707784762,\"949\":6.2552286616,\"950\":6.2635577857,\"951\":6.2638513018,\"952\":6.2704110076,\"953\":6.2536313062,\"954\":6.2162431827,\"955\":6.2056668638,\"956\":6.2185206724,\"957\":6.2184985292,\"958\":6.1952957604,\"959\":6.1846178593,\"960\":6.1939946193,\"961\":6.1680676691,\"962\":6.1946577785,\"963\":6.2069975488,\"964\":6.1597023763,\"965\":6.2042667744,\"966\":6.1958428974,\"967\":6.1368462967,\"968\":6.1684450463,\"969\":6.1390602387,\"970\":6.1323499334,\"971\":6.1489722628,\"972\":6.1396679958,\"973\":6.149268065,\"974\":6.16298797,\"975\":6.1519167593,\"976\":6.1424003932,\"977\":6.158559736,\"978\":6.1436790055,\"979\":6.1456518424,\"980\":6.1229001068,\"981\":6.1252776887,\"982\":6.1129871079,\"983\":6.1679900986,\"984\":6.1427551486,\"985\":6.1170225853,\"986\":6.168892679,\"987\":6.1520626799,\"988\":6.1426971282,\"989\":6.121344026,\"990\":6.1366204226,\"991\":6.1531531428,\"992\":6.1851263917,\"993\":5.4486406305,\"994\":5.3911214372,\"995\":4.9472774874,\"996\":4.9572540742,\"997\":5.016092408,\"998\":5.0589422154,\"999\":5.0548073427,\"1000\":4.9593034931,\"1001\":4.9478060805,\"1002\":4.9887913784,\"1003\":4.9442027258,\"1004\":5.0177216482,\"1005\":4.6045090946,\"1006\":4.337697501,\"1007\":4.2967681219,\"1008\":4.2947061812,\"1009\":4.2233426463,\"1010\":4.2301543727,\"1011\":4.2528633046,\"1012\":4.2380946906,\"1013\":4.258073155,\"1014\":4.196496391,\"1015\":4.2202109116,\"1016\":4.2631415576,\"1017\":4.2462689971,\"1018\":4.2065215812,\"1019\":4.2787366639,\"1020\":4.2956202883,\"1021\":4.2704807606,\"1022\":4.2625091363,\"1023\":4.2555054543,\"1024\":4.2605622493,\"1025\":4.2784521698,\"1026\":4.2631211081,\"1027\":4.2676739249,\"1028\":4.2391982789,\"1029\":4.2638604468,\"1030\":4.2279409723,\"1031\":4.2429875506,\"1032\":4.3052283607,\"1033\":4.3004257453,\"1034\":4.3005144516,\"1035\":4.3144823963,\"1036\":4.3514908658,\"1037\":4.3434527306,\"1038\":4.3022672562,\"1039\":4.3016929684,\"1040\":4.2908120785,\"1041\":4.3446653926,\"1042\":4.2986861875,\"1043\":4.3028836963,\"1044\":4.3159300569,\"1045\":4.3075905066,\"1046\":4.2212546107,\"1047\":4.2484830192,\"1048\":4.2030803788,\"1049\":4.2272243318,\"1050\":4.2405494134,\"1051\":4.1896168891,\"1052\":4.2281799589,\"1053\":4.2132945869,\"1054\":4.2090850669,\"1055\":4.246193465,\"1056\":4.2421443782,\"1057\":4.2474576182,\"1058\":4.272678704,\"1059\":4.2609169949,\"1060\":4.2592484713,\"1061\":4.3065929703,\"1062\":4.2743536333,\"1063\":4.2753233448,\"1064\":4.2792012873,\"1065\":4.2766633876,\"1066\":4.2875325295,\"1067\":4.3333322831,\"1068\":4.3109787321,\"1069\":4.2932058828,\"1070\":4.3473603582,\"1071\":4.339501926,\"1072\":4.3371972944,\"1073\":4.3164911672,\"1074\":4.3381745943,\"1075\":4.350793307,\"1076\":4.3928624434,\"1077\":3.9428381521,\"1078\":3.9070725827,\"1079\":3.6261138609,\"1080\":3.613013259,\"1081\":3.6716535388,\"1082\":3.6993205582,\"1083\":3.701168888,\"1084\":3.6464198152,\"1085\":3.6534411315,\"1086\":3.6650391561,\"1087\":3.6412614582,\"1088\":3.676776254,\"1089\":3.5833631168,\"1090\":3.3059065864,\"1091\":3.2791896721,\"1092\":3.2850254901,\"1093\":3.223546701,\"1094\":3.2541990891,\"1095\":3.2690481947,\"1096\":3.2717189863,\"1097\":3.2754674065,\"1098\":3.2600492449,\"1099\":3.2607742677,\"1100\":3.2873618197,\"1101\":3.3114147579,\"1102\":3.2731690457,\"1103\":3.2909630792,\"1104\":3.3682732968,\"1105\":3.3575804136,\"1106\":3.338047852,\"1107\":3.3365848429,\"1108\":3.3372394004,\"1109\":3.3497347004,\"1110\":3.3470339671,\"1111\":3.3481407633,\"1112\":3.3232162332,\"1113\":3.3847679274,\"1114\":3.3391878135,\"1115\":3.3574549912,\"1116\":3.3821902503}"}
