{
    "label": "InfluxDB_r=2h-chained_atDrop_e=200_pl=20_hst=50",
    "error_metrics": {
        "mae": 1.6701003138,
        "median_ae": 0.761976747,
        "smape": 0.3656661169,
        "rsme": 2.3501015737,
        "mase": 8.6560831114
    },
    "runtimes": "Training: 153.40 seconds",
    "length_train_dataset": 5427,
    "length_validation_dataset": 20,
    "parameters": "Epochs: 200, hyperparameters: Hyperparamters(gradient_clip_val=6.9953515571, hidden_continuous_size=40, dropout=0.1558743686, attention_head_size=3, learning_rate=0.0039810717, accelerator='auto', hidden_size=70)",
    "prediction": [
        6.8716306686,
        6.9090766907,
        6.8537349701,
        6.7447519302,
        6.5710268021,
        6.3169999123,
        5.961230278,
        5.4794421196,
        4.8673210144,
        4.1970100403,
        3.5844187737,
        3.104218483,
        2.7643282413,
        2.5381412506,
        2.3985130787,
        2.321901083,
        2.286093235,
        2.2739396095,
        2.2747769356,
        2.2826714516
    ]
}