{
    "label": "12h",
    "error_metrics": {
        "mae": 2.0229062828,
        "median_ae": 1.7171709,
        "smape": 0.5002233485,
        "rsme": 2.3362000451,
        "mase": 3.1171113077
    },
    "runtimes": "Training: 1.57 seconds",
    "length_train_dataset": 101,
    "length_validation_dataset": 100,
    "parameters": "order=(2, 0, 1), seasonal_order=(2, 0, 2, 14)",
    "prediction": [
        5.5011961419,
        3.5345889956,
        3.6714668994,
        1.9277426049,
        2.0745593915,
        2.4752776883,
        2.6353992486,
        2.7693670508,
        3.4961131017,
        3.5483966711,
        3.8750285343,
        4.1869507948,
        4.5770189619,
        4.8602728598,
        5.0235864524,
        3.7125038291,
        3.8954263271,
        2.3292197706,
        2.4685591836,
        2.7796891178,
        3.0595903874,
        3.295935454,
        3.8578400809,
        4.0577899457,
        4.5424216138,
        4.7258201036,
        5.0143258332,
        5.3832390595,
        5.5747253118,
        3.6851715448,
        3.8064110346,
        2.0754061594,
        2.2061511691,
        2.5815772892,
        2.7476977333,
        2.8869758971,
        3.58165039,
        3.6481425085,
        3.9907800453,
        4.2794849303,
        4.650623188,
        4.9419402668,
        5.1060277058,
        3.7144329137,
        3.8863028829,
        2.2986379814,
        2.4350058766,
        2.75321385,
        3.0155442101,
        3.2369075677,
        3.8154167702,
        3.9956241066,
        4.4588139299,
        4.6560758823,
        4.9551223547,
        5.3120593431,
        5.4990165959,
        3.6828575819,
        3.8107095452,
        2.1032410087,
        2.2343427109,
        2.6008416405,
        2.7799538868,
        2.9303220225,
        3.6071989565,
        3.6893845566,
        4.0480962755,
        4.3233523639,
        4.6835804758,
        4.9834208615,
        5.1503284088,
        3.7022866423,
        3.8676147928,
        2.2665442795,
        2.4018708227,
        2.7261437894,
        2.9762690632,
        3.1872251884,
        3.7782554533,
        3.9443660507,
        4.3919572575,
        4.5997027637,
        4.9066666155,
        5.2548585373,
        5.4386124394,
        3.6777803242,
        3.8105996992,
        2.1216288258,
        2.2530417178,
        2.6128571316,
        2.801519048,
        2.9600401161,
        3.6234758936,
        3.7172227889,
        4.0876024001,
        4.352833443,
        4.7048486515,
        5.0108144663,
        5.1797236106,
        3.691010656
    ]
}