{"label":"Sawtooth_[1,10,10]_i=400","error_metrics":{"mae":0.0000038654,"median_ae":0.0000033279,"smape":0.0000008373,"rsme":0.0000048947,"mase":0.0000019346},"runtimes":"Training: 19.84 seconds","length_train_dataset":3564,"length_validation_dataset":36,"parameters":"order=(4, 0, 1), seasonal_order=(2, 0, 0, 9)","prediction":[1.0000044186,2.1250030038,3.2500018508,4.3750006761,5.4999995691,6.6249985329,7.7499975391,8.8749965872,9.9999956733,1.0000008232,2.1249999673,3.2499991359,4.3749983255,5.4999975333,6.624996757,7.7499959946,8.8749952441,9.9999945042,1.000004222,2.1250020854,3.2500002171,4.3749983331,5.499996522,6.6249947862,7.7499930966,8.8749914524,9.999989849,1.0000003444,2.1249988028,3.2499972877,4.3749957953,5.4999943227,6.6249928673,7.7499914268,8.8749899994,9.9999885833]}
