{
    "label": "Sawtooth_[1,10,10]_i=100",
    "error_metrics": {
        "mae": 0.1232602199,
        "median_ae": 0.0673160553,
        "smape": 0.0519302121,
        "rsme": 0.2426447554,
        "mase": 0.0618810761
    },
    "runtimes": "Training: 265.77 seconds",
    "length_train_dataset": 864,
    "length_validation_dataset": 36,
    "parameters": "Epochs: 100, hyperparameters: Hyperparamters(gradient_clip_val=5.567624753786564, hidden_continuous_size=41, dropout=0.15965296238642823, attention_head_size=1, learning_rate=0.0031622776601683794, accelerator='auto', hidden_size=104)",
    "prediction": [
        2.2221469879,
        2.676908493,
        3.4741539955,
        4.3772363663,
        5.4688925743,
        6.6790304184,
        7.6791262627,
        8.90832901,
        10.0828857422,
        0.8782420158,
        2.1558451653,
        3.0841858387,
        4.2586021423,
        5.4525160789,
        6.5617132187,
        7.5391101837,
        8.898765564,
        10.0464897156,
        0.8864517212,
        2.1886000633,
        3.1344747543,
        4.3112416267,
        5.5008077621,
        6.6012692451,
        7.5841684341,
        8.9631595612,
        10.0344314575,
        0.8641886711,
        2.2262268066,
        3.1787965298,
        4.3521461487,
        5.5428109169,
        6.6375007629,
        7.6266756058,
        9.0192985535,
        10.014541626
    ]
}