{"label":"Sawtooth_[1,6,36]_i=30","error_metrics":{"mae":2.5032082353,"median_ae":2.3676967292,"smape":0.4603022618,"rsme":2.9326148831,"mase":4.2263909131},"runtimes":"Training: 136.10 seconds","length_train_dataset":864,"length_validation_dataset":36,"parameters":"Epochs: 50, hyperparameters: Hyperparamters(gradient_clip_val=0.01565726380636608, hidden_continuous_size=10, dropout=0.21608714783830352, attention_head_size=1, learning_rate=0.005623413251903493, accelerator='auto', hidden_size=223)","prediction":[7.5129947662,7.5276865959,7.4680633545,7.3661289215,7.2311859131,7.0686149597,6.8844604492,6.6856942177,6.4789118767,6.2700366974,6.0670814514,5.8805680275,5.7202186584,5.5905680656,5.4904484749,5.4152870178,5.359609127,5.318482399,5.2879972458,5.2652435303,5.2481245995,5.2351288795,5.2251739502,5.217479229,5.211479187,5.2067575455,5.2030086517,5.2000021935,5.1975665092,5.1955714226,5.1939167976,5.1925282478,5.1913461685,5.1903276443,5.1894392967,5.1886548996]}
