{
    "label": "InfluxDB_r=4h-1_season_chained_om=lbfgs_order=ArimaOrder(order=(0, 0, 2), seasonal_order=(2, 0, 2, 84))",
    "error_metrics": "RSME: 3.0280623706187995, MASE: 2.825638167237745",
    "runtimes": "Training: 100.51 seconds",
    "length_train_dataset": 402,
    "length_test_dataset": 200,
    "parameters": "order=(0, 0, 2), seasonal_order=(2, 0, 2, 84)",
    "prediction": "{\"402\":5.6417935459,\"403\":4.5527852966,\"404\":5.4246602151,\"405\":6.076152627,\"406\":5.7832840938,\"407\":6.013233567,\"408\":6.289544267,\"409\":6.6962082893,\"410\":6.8906213625,\"411\":7.2185595587,\"412\":7.2140019594,\"413\":7.1333292385,\"414\":7.4650622002,\"415\":7.6018262224,\"416\":7.6836612148,\"417\":7.882879221,\"418\":8.0424545543,\"419\":8.4353080733,\"420\":9.2539729568,\"421\":10.4038104129,\"422\":10.2164248414,\"423\":8.8498860395,\"424\":9.1494546997,\"425\":0.4087755274,\"426\":1.6780915396,\"427\":0.8367118212,\"428\":0.6903244736,\"429\":0.8246689751,\"430\":1.1109636865,\"431\":1.3752013821,\"432\":1.3281987818,\"433\":2.0109219435,\"434\":2.1727850118,\"435\":2.3523061783,\"436\":2.518668691,\"437\":2.5489400641,\"438\":2.9117739829,\"439\":3.2475097055,\"440\":3.6055060794,\"441\":3.8581450274,\"442\":4.3650559369,\"443\":4.2296612883,\"444\":4.4673383368,\"445\":4.8344687072,\"446\":5.160029946,\"447\":5.3074993382,\"448\":5.9537609416,\"449\":5.6692716325,\"450\":5.9196464036,\"451\":6.1961753102,\"452\":6.6190861043,\"453\":6.7974334157,\"454\":7.1116133724,\"455\":7.1177909633,\"456\":7.0395090176,\"457\":7.3305259415,\"458\":7.5024247574,\"459\":7.5812874592,\"460\":7.7731007633,\"461\":8.0113613572,\"462\":8.4604543681,\"463\":9.2539729568,\"464\":10.4038104129,\"465\":10.2164248414,\"466\":8.8498860395,\"467\":9.1494546997,\"468\":0.4087755274,\"469\":1.6780915396,\"470\":0.8367118212,\"471\":0.6903244736,\"472\":0.8246689751,\"473\":1.1109636865,\"474\":1.3752013821,\"475\":1.3281987818,\"476\":2.0109219435,\"477\":2.1727850118,\"478\":2.3523061783,\"479\":2.518668691,\"480\":2.5489400641,\"481\":2.9117739829,\"482\":3.2475097055,\"483\":3.6055060794,\"484\":3.8581450274,\"485\":4.3650559369,\"486\":4.1750049504,\"487\":4.497805347,\"488\":4.812520756,\"489\":5.1231649767,\"490\":5.3002920778,\"491\":5.9494010912,\"492\":5.6653817713,\"493\":5.9318861653,\"494\":6.1838061952,\"495\":6.6045395017,\"496\":6.7954483627,\"497\":7.1330274871,\"498\":7.1360625038,\"499\":7.0707999797,\"500\":7.3576203752,\"501\":7.5162212602,\"502\":7.6148112006,\"503\":7.6057029434,\"504\":7.8350025072,\"505\":8.1894253058,\"506\":8.9979022323,\"507\":10.4264174977,\"508\":10.2460294172,\"509\":9.373583794,\"510\":9.6104684377,\"511\":0.9031378177,\"512\":2.1849334839,\"513\":0.8819064489,\"514\":0.7970136194,\"515\":0.8358961285,\"516\":1.1247864305,\"517\":1.3609777065,\"518\":1.3273850177,\"519\":2.0212195233,\"520\":2.1782970057,\"521\":2.3829575249,\"522\":2.5426248292,\"523\":2.5676758287,\"524\":2.9166771053,\"525\":3.2524964837,\"526\":3.6160559313,\"527\":3.8779579425,\"528\":4.393309191,\"529\":4.255756463,\"530\":4.4991053302,\"531\":4.8648238906,\"532\":5.1778032567,\"533\":5.351189692,\"534\":5.9911804132,\"535\":5.7070636812,\"536\":5.9663151669,\"537\":6.2254072983,\"538\":6.6522825788,\"539\":6.8383990201,\"540\":7.1749108511,\"541\":7.1961223824,\"542\":7.115174931,\"543\":7.4033222209,\"544\":7.5652287241,\"545\":7.6286918724,\"546\":7.5944770967,\"547\":7.8350025072,\"548\":8.1894253058,\"549\":8.9979022323,\"550\":10.4264174977,\"551\":10.2460294172,\"552\":9.373583794,\"553\":9.6104684377,\"554\":0.9031378177,\"555\":2.1849334839,\"556\":0.8819064489,\"557\":0.7970136194,\"558\":0.8358961285,\"559\":1.1247864305,\"560\":1.3609777065,\"561\":1.3273850177,\"562\":2.0212195233,\"563\":2.1782970057,\"564\":2.3829575249,\"565\":2.5426248292,\"566\":2.5676758287,\"567\":2.9166771053,\"568\":3.2524964837,\"569\":3.6160559313,\"570\":4.9049744545,\"571\":3.8208207336,\"572\":4.6681680732,\"573\":5.1918142382,\"574\":5.0002514691,\"575\":5.2597267549,\"576\":5.4242818851,\"577\":5.7611899334,\"578\":5.939484767,\"579\":6.2396521975,\"580\":6.2627073134,\"581\":6.249901991,\"582\":6.4950687767,\"583\":6.5869399785,\"584\":6.6870061147,\"585\":6.8559326046,\"586\":6.9873072113,\"587\":7.2758873155,\"588\":7.9116140895,\"589\":8.8089885574,\"590\":8.7826143629,\"591\":7.9720812553,\"592\":8.1681360129,\"593\":1.5986875519,\"594\":2.5679464953,\"595\":0.7422860461,\"596\":0.8116566446,\"597\":0.7304630842,\"598\":0.9299390186,\"599\":1.1302694849,\"600\":1.1355679177,\"601\":1.6719529184}"
}