{
    "label": "InfluxDB_i=12h_chained",
    "error_metrics": {
        "mae": 1.3681495467,
        "median_ae": 1.2810200773,
        "smape": 0.3657900264,
        "rsme": 1.5652817426,
        "mase": 2.193022495
    },
    "runtimes": "Training: 9.61 seconds",
    "length_train_dataset": 5026,
    "length_validation_dataset": 20,
    "parameters": "order=(2, 0, 1), seasonal_order=(2, 0, 2, 7)",
    "prediction": [
        2.2479539179,
        3.3728107847,
        3.9515820234,
        4.6976239461,
        3.3097811577,
        3.766851917,
        2.7098779549,
        3.0365460844,
        2.7278308175,
        3.1165413831,
        3.2234812539,
        3.6822916421,
        3.9075062079,
        4.2132912647,
        4.5464868987,
        5.0334459811,
        5.3260540452,
        5.7001528823,
        4.1409392556,
        4.3798738261
    ]
}