{
    "label": "InfluxDB_r=2h_om=lbfgs_order=ArimaOrder(order=(0, 0, 2), seasonal_order=(2, 0, 2, 84))",
    "mean_squared_error": 1.8980191448,
    "runtimes": "Training: 303.07 seconds",
    "length_train_dataset": 917,
    "length_test_dataset": 200,
    "parameters": "order=(0, 0, 2), seasonal_order=(2, 0, 2, 84)",
    "prediction": "{\"917\":5.8772801234,\"918\":4.4466774571,\"919\":3.8994405324,\"920\":4.0579646493,\"921\":4.0046987431,\"922\":3.2379746808,\"923\":3.2027624401,\"924\":3.2782054007,\"925\":3.1384956527,\"926\":3.2749227693,\"927\":3.3586300246,\"928\":3.4091471908,\"929\":3.4670151684,\"930\":3.4401186577,\"931\":3.5073107777,\"932\":3.6267845553,\"933\":3.7354676954,\"934\":3.666050157,\"935\":3.7459741175,\"936\":4.0299802296,\"937\":4.0389252819,\"938\":4.0127133957,\"939\":4.0379136999,\"940\":4.0672811076,\"941\":4.15821947,\"942\":4.1769201589,\"943\":4.2251881315,\"944\":4.1847164959,\"945\":4.4095857661,\"946\":4.3155877473,\"947\":4.411658385,\"948\":4.4848957959,\"949\":4.519545161,\"950\":4.6162280373,\"951\":4.689676129,\"952\":4.7614672506,\"953\":4.7905009551,\"954\":4.7912617582,\"955\":4.8329168263,\"956\":4.9427394022,\"957\":4.9929985207,\"958\":5.0219082289,\"959\":5.0667915739,\"960\":5.1568550591,\"961\":5.1582662856,\"962\":5.3521267195,\"963\":5.4568360756,\"964\":5.3871067807,\"965\":5.5706959769,\"966\":5.6170602337,\"967\":5.5364661138,\"968\":5.6825988741,\"969\":5.6729939008,\"970\":5.7231403974,\"971\":5.8162203769,\"972\":5.8559187272,\"973\":5.9420150642,\"974\":6.0290428318,\"975\":6.0710660196,\"976\":6.1017050037,\"977\":6.193448356,\"978\":6.2257947812,\"979\":6.2909823604,\"980\":6.2896936302,\"981\":6.3587730097,\"982\":6.3790978216,\"983\":6.5646275221,\"984\":6.5681681301,\"985\":6.5624118603,\"986\":6.7507068608,\"987\":6.7719225163,\"988\":6.7891428031,\"989\":6.7929621253,\"990\":6.8868760476,\"991\":7.0065478179,\"992\":7.120639672,\"993\":5.4260196436,\"994\":5.305416523,\"995\":4.3576288033,\"996\":4.437103701,\"997\":4.6591976971,\"998\":4.7925729963,\"999\":4.8499749646,\"1000\":4.6602592469,\"1001\":4.4098259318,\"1002\":4.2883724818,\"1003\":4.1126155959,\"1004\":4.3709671795,\"1005\":3.4909032494,\"1006\":2.8871108277,\"1007\":2.8636216937,\"1008\":2.9476302906,\"1009\":2.8195693459,\"1010\":2.8955290861,\"1011\":3.0065424482,\"1012\":3.0226716901,\"1013\":3.134168487,\"1014\":3.0083825464,\"1015\":3.1465656207,\"1016\":3.3101478161,\"1017\":3.3129873244,\"1018\":3.2691414777,\"1019\":3.4948878666,\"1020\":3.6076765477,\"1021\":3.5940034739,\"1022\":3.6162436515,\"1023\":3.6393491393,\"1024\":3.690006575,\"1025\":3.8032340835,\"1026\":3.8016231167,\"1027\":3.8702141484,\"1028\":3.8400764372,\"1029\":3.9601565471,\"1030\":3.9196178131,\"1031\":4.0110773183,\"1032\":4.182199923,\"1033\":4.213234594,\"1034\":4.2573861817,\"1035\":4.3393298633,\"1036\":4.4687230522,\"1037\":4.490075901,\"1038\":4.4431750438,\"1039\":4.4815220381,\"1040\":4.4995878753,\"1041\":4.6720770708,\"1042\":4.6047206249,\"1043\":4.6593942401,\"1044\":4.7344029018,\"1045\":4.7512243421,\"1046\":4.6225113708,\"1047\":4.7437407583,\"1048\":4.6435460909,\"1049\":4.7519379059,\"1050\":4.8312117762,\"1051\":4.7350682799,\"1052\":4.8805314312,\"1053\":4.8800356613,\"1054\":4.9114591635,\"1055\":5.0389409152,\"1056\":5.0668703919,\"1057\":5.1169779938,\"1058\":5.2130756025,\"1059\":5.2272764075,\"1060\":5.2540272858,\"1061\":5.4128622554,\"1062\":5.3698454571,\"1063\":5.4092122049,\"1064\":5.4540363917,\"1065\":5.486797266,\"1066\":5.5467543625,\"1067\":5.6935243046,\"1068\":5.6772737,\"1069\":5.6644162013,\"1070\":5.8493541198,\"1071\":5.8691635689,\"1072\":5.8826268288,\"1073\":5.8624724059,\"1074\":5.9551230446,\"1075\":6.0445705593,\"1076\":6.1724346206,\"1077\":5.1205380359,\"1078\":5.0248543979,\"1079\":4.42188789,\"1080\":4.4194072554,\"1081\":4.6316596303,\"1082\":4.7107265355,\"1083\":4.7634045908,\"1084\":4.6484788556,\"1085\":4.3359850236,\"1086\":4.0214122648,\"1087\":3.8421499944,\"1088\":3.9979920273,\"1089\":3.9486994504,\"1090\":3.192446758,\"1091\":3.1576989988,\"1092\":3.2320163519,\"1093\":3.0942845253,\"1094\":3.2289703186,\"1095\":3.311359719,\"1096\":3.3612785605,\"1097\":3.4181009005,\"1098\":3.3919768377,\"1099\":3.4579210637,\"1100\":3.5754940055,\"1101\":3.6830132958,\"1102\":3.6145019079,\"1103\":3.6927038066,\"1104\":3.9732605246,\"1105\":3.9821636456,\"1106\":3.9561436693,\"1107\":3.9809871792,\"1108\":4.0098468868,\"1109\":4.0993821156,\"1110\":4.1178906766,\"1111\":4.1653810087,\"1112\":4.1254553921,\"1113\":4.3474743221,\"1114\":4.2546303828,\"1115\":4.3493277497,\"1116\":4.4211255732}"
}