{"label":"InfluxDB_r=18h_chained_e=200_pl=10_hst=50","error_metrics":{"mae":2.5994170995,"median_ae":1.3497706751,"smape":0.6235636292,"rsme":3.3954269416,"mase":3.5630290397},"runtimes":"Training: 50.61 seconds","length_train_dataset":5094,"length_validation_dataset":10,"parameters":"Epochs: 200, hyperparameters: Hyperparamters(gradient_clip_val=8.745811071787596, hidden_continuous_size=31, dropout=0.10532904123513614, attention_head_size=1, learning_rate=0.0019952623149688802, accelerator='auto', hidden_size=127)","prediction":[3.1017875671,3.1354501247,3.1420052052,3.1400475502,3.1358847618,3.1319160461,3.1287915707,3.1265258789,3.1249432564,3.1238772869]}
