{"label":"12h","error_metrics":{"mae":0.9422872348,"median_ae":0.5099972006,"smape":0.2704292009,"rsme":1.4968005489,"mase":1.4639827425},"runtimes":"Training: 1.70 seconds","length_train_dataset":182,"length_validation_dataset":14,"parameters":"order=(0, 0, 2), seasonal_order=(2, 0, 2, 7)","prediction":[2.7691783322,3.6286000978,3.678846199,4.1011563184,4.2014256304,4.2384437023,4.4624591223,4.3167992764,4.5334704725,5.1219436374,5.3447364996,5.6373731992,4.7412033239,4.9296948952]}
