{"label":"InfluxDB_r=2h_om=lbfgs_order=ArimaOrder(order=(0, 0, 0), seasonal_order=(2, 2, 1, 84))","mean_squared_error":3.0012029015,"runtimes":"Training: 555.51 seconds","length_train_dataset":917,"length_test_dataset":200,"parameters":"order=(0, 0, 0), seasonal_order=(2, 2, 1, 84)","prediction":"{\"917\":4.5399823514,\"918\":4.8759921915,\"919\":4.6336377136,\"920\":5.011101253,\"921\":5.0528247068,\"922\":4.4497950214,\"923\":4.4185868795,\"924\":4.6183659839,\"925\":4.282849665,\"926\":4.4437914055,\"927\":4.5784881437,\"928\":4.5443000213,\"929\":4.6711472486,\"930\":4.421380043,\"931\":4.6951518871,\"932\":4.9186119671,\"933\":4.8598801585,\"934\":4.8203554509,\"935\":4.9482713374,\"936\":5.5197484319,\"937\":5.4659840067,\"938\":5.3503675074,\"939\":5.2967851482,\"940\":5.2517920603,\"941\":5.4878159307,\"942\":5.3810418959,\"943\":5.532936571,\"944\":5.4158535354,\"945\":5.775493334,\"946\":5.6411730587,\"947\":5.7508694353,\"948\":5.7114334026,\"949\":5.7291089477,\"950\":5.7798148051,\"951\":5.8563346086,\"952\":5.9314490632,\"953\":5.8987194951,\"954\":5.9512658287,\"955\":5.9720029842,\"956\":6.0420147909,\"957\":6.1100811756,\"958\":6.1554741861,\"959\":6.1610368415,\"960\":6.2863959253,\"961\":6.2378692167,\"962\":6.8398844786,\"963\":7.0564402704,\"964\":6.7438290354,\"965\":6.9621434949,\"966\":7.0636940774,\"967\":6.8857323102,\"968\":7.1341028345,\"969\":7.1283105649,\"970\":7.2153075157,\"971\":7.3311415571,\"972\":7.3708748275,\"973\":7.4380464337,\"974\":7.4755134515,\"975\":7.6195120248,\"976\":7.5845556357,\"977\":7.8310494979,\"978\":7.7747055247,\"979\":7.8247205564,\"980\":7.8779909136,\"981\":7.9788976297,\"982\":8.0054850647,\"983\":8.248770069,\"984\":8.2918393776,\"985\":8.213001845,\"986\":8.5908807741,\"987\":8.6489248781,\"988\":8.5831457337,\"989\":8.5595673228,\"990\":8.7401506313,\"991\":8.9913950154,\"992\":9.1938114205,\"993\":6.3215128289,\"994\":5.6487862655,\"995\":5.4749056917,\"996\":5.4947732334,\"997\":6.1943613546,\"998\":6.1287118164,\"999\":6.2873920131,\"1000\":6.1025013856,\"1001\":4.7562124159,\"1002\":5.2917902393,\"1003\":4.8992037091,\"1004\":5.3324930675,\"1005\":5.4588963173,\"1006\":4.4858526164,\"1007\":4.450385384,\"1008\":4.5602525073,\"1009\":4.2917407031,\"1010\":4.4560032293,\"1011\":4.559455019,\"1012\":4.579594191,\"1013\":4.6956436044,\"1014\":4.2294152781,\"1015\":4.7182124112,\"1016\":4.8730999136,\"1017\":4.9338610126,\"1018\":4.8622513277,\"1019\":5.0530525087,\"1020\":5.4650980666,\"1021\":5.412567881,\"1022\":5.3077002775,\"1023\":5.2342193297,\"1024\":5.1049545223,\"1025\":5.4646022269,\"1026\":5.3737929345,\"1027\":5.4729259013,\"1028\":5.3506311639,\"1029\":5.716072625,\"1030\":5.6102753186,\"1031\":5.8467196937,\"1032\":5.64104345,\"1033\":5.658344511,\"1034\":5.7234468421,\"1035\":5.8488384791,\"1036\":5.9719119934,\"1037\":5.8842695157,\"1038\":5.9394029638,\"1039\":5.9482166916,\"1040\":6.0470702537,\"1041\":6.0475592389,\"1042\":6.0781079779,\"1043\":6.1425702507,\"1044\":6.2484855062,\"1045\":6.2018954796,\"1046\":6.9983640043,\"1047\":7.3439582489,\"1048\":6.8564320976,\"1049\":7.0935976342,\"1050\":7.2485808914,\"1051\":7.0293706479,\"1052\":7.2999763296,\"1053\":7.2625925739,\"1054\":7.3734848891,\"1055\":7.4708599704,\"1056\":7.5144877866,\"1057\":7.5666115333,\"1058\":7.6177421003,\"1059\":7.735028493,\"1060\":7.7147625066,\"1061\":7.923383962,\"1062\":7.8880147898,\"1063\":7.9200745083,\"1064\":8.0039922646,\"1065\":8.0589088089,\"1066\":8.1134702856,\"1067\":8.3504282154,\"1068\":8.3677305805,\"1069\":8.2824678418,\"1070\":8.677961654,\"1071\":8.811693789,\"1072\":8.6664738237,\"1073\":8.6065909468,\"1074\":8.7547744275,\"1075\":9.1882541947,\"1076\":9.3105024639,\"1077\":6.9647681666,\"1078\":6.429643008,\"1079\":6.3640473458,\"1080\":6.4030608746,\"1081\":7.1276592584,\"1082\":6.9041403252,\"1083\":7.2347179636,\"1084\":6.9234897241,\"1085\":4.8188793379,\"1086\":5.374314833,\"1087\":4.9906570297,\"1088\":5.4646398982,\"1089\":5.6888022538,\"1090\":4.7361545047,\"1091\":4.666661325,\"1092\":4.7428831018,\"1093\":4.4368695631,\"1094\":4.6038418798,\"1095\":4.7237754062,\"1096\":4.7182995371,\"1097\":4.8548337763,\"1098\":4.3845113217,\"1099\":4.8745936445,\"1100\":5.0696875459,\"1101\":5.056499282,\"1102\":5.0008471187,\"1103\":5.2022035625,\"1104\":5.691573304,\"1105\":5.6050500259,\"1106\":5.4806528291,\"1107\":5.3989509499,\"1108\":5.2411688714,\"1109\":5.6475868065,\"1110\":5.5260134038,\"1111\":5.6556112146,\"1112\":5.4882628065,\"1113\":5.9080180248,\"1114\":5.7888602421,\"1115\":6.0142552444,\"1116\":5.8260598362}"}
