{
    "label": "InfluxDB_i=6h_pl=25",
    "error_metrics": {
        "mae": 0.6589294689,
        "median_ae": 0.3455449699,
        "smape": 0.1976391455,
        "rsme": 1.1964156015,
        "mase": 1.8609590473
    },
    "runtimes": "Training: 3.32 seconds",
    "length_train_dataset": 366,
    "length_validation_dataset": 25,
    "parameters": "order=(0, 0, 2), seasonal_order=(2, 0, 2, 14)",
    "prediction": [
        3.8614933682,
        3.7990950784,
        3.5486570954,
        3.6933262462,
        3.9177039894,
        3.8858546272,
        4.0400327747,
        4.2404447064,
        4.1450327481,
        4.1846061769,
        4.3407284564,
        4.430696832,
        4.2880784494,
        4.406537332,
        4.541994194,
        4.7272273399,
        4.8668979711,
        4.9639012842,
        5.1031093984,
        5.2169280394,
        5.3412921912,
        5.5320154813,
        4.3968177051,
        4.4815567157,
        4.5726000325
    ]
}