{
    "label": "Sawtooth_i=4",
    "error_metrics": "RSME: 7.187712882718606, SMAPE: 1.6929285452754337, MASE: 3.638042554292785",
    "runtimes": "Training: 0.40 seconds",
    "length_train_dataset": 11,
    "length_validation_dataset": 25,
    "parameters": "order=(0, 0, 2), seasonal_order=(2, 0, 2, 9)",
    "prediction": "{\"11\":-1.001124743,\"12\":-0.4882751684,\"13\":-3.4322729192,\"14\":-4.118727503,\"15\":-4.8051820868,\"16\":-5.3456146728,\"17\":-6.6221209604,\"18\":-1.4137498127,\"19\":-2.8274996253,\"20\":-0.310172861,\"21\":-1.2453008487,\"22\":1.2158990524,\"23\":1.4590788628,\"24\":1.7022586733,\"25\":1.8781633743,\"26\":2.3931912183,\"27\":0.5782585442,\"28\":1.1565170884,\"29\":0.2160675931,\"30\":0.6094183139,\"31\":-0.3093474729,\"32\":-0.3712169675,\"33\":-0.433086462,\"34\":-0.4703642507,\"35\":-0.6316049237}"
}