{
    "label": "2h",
    "error_metrics": {
        "mae": 1.4374099224,
        "median_ae": 0.7920169633,
        "smape": 0.4657783857,
        "rsme": 1.9071215616,
        "mase": 7.497090584
    },
    "runtimes": "Training: 541.80 seconds",
    "length_train_dataset": 1001,
    "length_validation_dataset": 200,
    "parameters": "order=(0, 0, 2), seasonal_order=(2, 0, 2, 84)",
    "prediction": [
        4.9286192899,
        5.1530939031,
        5.1636924605,
        5.2792646369,
        5.1593296665,
        5.2737084637,
        5.1955872174,
        5.2875069659,
        5.3213479767,
        5.3186726954,
        5.4421792481,
        5.5279604281,
        5.579541538,
        5.6376410373,
        5.7346524599,
        5.7078500325,
        5.7891340774,
        5.853831315,
        5.8524250844,
        5.9072276504,
        6.004187084,
        6.0371576539,
        6.042830318,
        6.1321512673,
        6.1703801071,
        6.2304374679,
        6.2653879551,
        6.3097288764,
        6.4031475835,
        6.4575853136,
        5.2440100343,
        5.3252469908,
        4.5371730251,
        4.5294479947,
        4.5979266521,
        4.7024774272,
        4.7289438897,
        4.690128356,
        4.7077501093,
        4.7937109394,
        4.8388239743,
        4.928891769,
        3.6718592224,
        3.2788434092,
        3.268829657,
        3.2972906591,
        3.2042272886,
        3.3193765995,
        3.3417861254,
        3.4304596342,
        3.4697305709,
        3.4159366838,
        3.4880016109,
        3.6144758971,
        3.5907024086,
        3.0567382313,
        3.142976105,
        3.216761223,
        3.1587771021,
        3.2119581405,
        3.2960743773,
        3.3486879259,
        3.4466120927,
        3.3954548965,
        3.4695994714,
        3.4060658284,
        3.4965950801,
        3.4944739984,
        3.56786117,
        3.7331962638,
        3.8285801792,
        3.8026523184,
        3.9148076303,
        4.0294952158,
        4.0183592179,
        3.9842691942,
        4.0157862233,
        4.0190565801,
        4.1622667528,
        4.1371520112,
        4.1678021392,
        4.253369913,
        4.2717846808,
        4.386114141,
        4.4451930094,
        4.4942830073,
        4.5371255631,
        4.6560924189,
        4.55765444,
        4.6493999644,
        4.6351635331,
        4.6867755736,
        4.7597877145,
        4.7871546935,
        4.8619007685,
        4.9352364255,
        4.9957787973,
        5.0322993959,
        5.1647731767,
        5.1209026888,
        5.1684763624,
        5.2492838989,
        5.2531198893,
        5.3579867452,
        5.4210430866,
        5.4281742313,
        5.4399646993,
        5.5433707204,
        5.5750025274,
        5.614735089,
        5.6551540985,
        5.6843557803,
        5.7335075137,
        5.8193150051,
        4.9607604575,
        5.1111492217,
        4.5221815485,
        4.4973795096,
        4.6302274297,
        4.648456301,
        4.6765555724,
        4.6621327025,
        4.7214553473,
        4.7390892873,
        4.7828150512,
        4.834111965,
        3.7070620493,
        3.2223165848,
        3.205687839,
        3.23193759,
        3.1415618029,
        3.296477571,
        3.2863975702,
        3.4238829781,
        3.3892986064,
        3.3949942527,
        3.4450769365,
        3.5481656447,
        3.5340337377,
        3.3919058338,
        3.5071263362,
        3.719875577,
        3.6795819931,
        3.6866718698,
        3.7920967968,
        3.8280602235,
        3.893516785,
        3.8613558924,
        3.9207744572,
        3.8967768175,
        4.027732722,
        4.0137270184,
        4.0432735409,
        4.173772528,
        4.3401934048,
        4.2606790705,
        4.3649277994,
        4.510197216,
        4.4779290479,
        4.4590130949,
        4.4905480261,
        4.5375657493,
        4.606768643,
        4.653182502,
        4.6801304422,
        4.8200456065,
        4.8116670439,
        4.9297196643,
        4.9533848683,
        5.0812547047,
        5.1440364815,
        5.2595953164,
        5.1402869526,
        5.2540159528,
        5.1775245288,
        5.2683803639,
        5.3031524658,
        5.3012151841,
        5.4234244373,
        5.5088292025,
        5.5605867227,
        5.6181092301,
        5.7159081768,
        5.6887101097,
        5.7691006957,
        5.8341384815,
        5.8328618123,
        5.8888447553,
        5.9848929241,
        6.0172031353,
        6.0230208953,
        6.1126122367,
        6.1506475944,
        6.2101570431,
        6.2452122832,
        6.2891454124,
        6.3814019882,
        6.4365625515,
        5.2326952053,
        5.3155579444
    ]
}