{
    "label": "InfluxDB_r=12h_chained_e=200_pl=14_hst=1",
    "error_metrics": {
        "mae": 2.1077472082,
        "median_ae": 2.1028491032,
        "smape": 0.6263961354,
        "rsme": 2.4821533542,
        "mase": 3.3804778865
    },
    "runtimes": "Training: 3.76 seconds",
    "length_train_dataset": 5032,
    "length_validation_dataset": 14,
    "parameters": "Epochs: 200, hyperparameters: Hyperparamters(gradient_clip_val=6.9953515571, hidden_continuous_size=40, dropout=0.1558743686, attention_head_size=3, learning_rate=0.0039810717, accelerator='auto', hidden_size=70)",
    "prediction": [
        2.0322871208,
        2.0303483009,
        2.0209827423,
        2.0114142895,
        2.0044298172,
        2.0001411438,
        1.9979145527,
        1.997102499,
        1.9972244501,
        1.9979426861,
        1.9990454912,
        2.0003993511,
        2.0019221306,
        2.0035591125
    ]
}