{
    "label": "InfluxDB_r=2h_om=lbfgs_order=ArimaOrder(order=(0, 0, 0), seasonal_order=(2, 0, 2, 84))",
    "mean_squared_error": 1.9715981208,
    "runtimes": "Training: 159.59 seconds",
    "length_train_dataset": 917,
    "length_test_dataset": 200,
    "parameters": "order=(0, 0, 0), seasonal_order=(2, 0, 2, 84)",
    "prediction": "{\"917\":3.8972919898,\"918\":4.0163950063,\"919\":3.9529537396,\"920\":4.1203940499,\"921\":4.2341168083,\"922\":3.4082771012,\"923\":3.3746080418,\"924\":3.446435843,\"925\":3.2888982751,\"926\":3.4373200675,\"927\":3.5216891491,\"928\":3.5721429958,\"929\":3.6333895316,\"930\":3.5882904874,\"931\":3.6741961597,\"932\":3.7969617805,\"933\":3.909932658,\"934\":3.8375865852,\"935\":3.9052098491,\"936\":4.2337309656,\"937\":4.2421544375,\"938\":4.2019034989,\"939\":4.2185668281,\"940\":4.238220903,\"941\":4.3440948754,\"942\":4.353991757,\"943\":4.4083089812,\"944\":4.3592291688,\"945\":4.6112972406,\"946\":4.5060559369,\"947\":4.611501909,\"948\":4.6526218025,\"949\":4.685085024,\"950\":4.78733037,\"951\":4.8647948524,\"952\":4.9283778571,\"953\":4.9547605064,\"954\":4.9666176477,\"955\":5.0067912149,\"956\":5.1276167593,\"957\":5.1637749263,\"958\":5.2044964898,\"959\":5.2508575759,\"960\":5.3463095878,\"961\":5.3414485783,\"962\":5.5927575586,\"963\":5.7114950268,\"964\":5.614782436,\"965\":5.8186904471,\"966\":5.8684459175,\"967\":5.7742209673,\"968\":5.9355823563,\"969\":5.9201992952,\"970\":5.9750603855,\"971\":6.0663993658,\"972\":6.106971394,\"973\":6.1984661119,\"974\":6.2844785315,\"975\":6.3328189429,\"976\":6.3581877048,\"977\":6.4527860022,\"978\":6.490209156,\"979\":6.5605847894,\"980\":6.5535680318,\"981\":6.6296193446,\"982\":6.6447796298,\"983\":6.8393044477,\"984\":6.8483733713,\"985\":6.8385872882,\"986\":7.0475303646,\"987\":7.0737004265,\"988\":7.0792723466,\"989\":7.0810423876,\"990\":7.1834693419,\"991\":7.3313161,\"992\":7.4430705257,\"993\":5.6241135858,\"994\":5.4512112119,\"995\":4.4814793663,\"996\":4.5664122988,\"997\":4.8308540338,\"998\":4.9549471374,\"999\":5.0297935865,\"1000\":4.8136245153,\"1001\":4.0489356307,\"1002\":4.2677696539,\"1003\":4.1647512041,\"1004\":4.4523137127,\"1005\":3.6210403903,\"1006\":2.9624584317,\"1007\":2.9183609221,\"1008\":3.0529844782,\"1009\":2.9133533072,\"1010\":2.9933829221,\"1011\":3.107980965,\"1012\":3.1232035699,\"1013\":3.2457756669,\"1014\":3.0822363433,\"1015\":3.2534496648,\"1016\":3.4283064512,\"1017\":3.4238188634,\"1018\":3.3761016651,\"1019\":3.6122531554,\"1020\":3.7364471027,\"1021\":3.7170940293,\"1022\":3.7334265179,\"1023\":3.7480241309,\"1024\":3.7868894196,\"1025\":3.9262625014,\"1026\":3.9116030755,\"1027\":3.9892644538,\"1028\":3.947934324,\"1029\":4.0792420711,\"1030\":4.0392904205,\"1031\":4.1422284887,\"1032\":4.2966464826,\"1033\":4.3252277996,\"1034\":4.3670754869,\"1035\":4.4532509056,\"1036\":4.5841691665,\"1037\":4.5996626368,\"1038\":4.5569682086,\"1039\":4.5909403016,\"1040\":4.6076831247,\"1041\":4.7872965484,\"1042\":4.7140155658,\"1043\":4.7720923429,\"1044\":4.8480235682,\"1045\":4.8609711911,\"1046\":4.7689374432,\"1047\":4.9077566476,\"1048\":4.7724293467,\"1049\":4.8884790602,\"1050\":4.9772648649,\"1051\":4.8665207323,\"1052\":5.0258123426,\"1053\":5.0221295797,\"1054\":5.0562893141,\"1055\":5.1864586259,\"1056\":5.21396993,\"1057\":5.2618343707,\"1058\":5.3574730976,\"1059\":5.3767290291,\"1060\":5.3985384763,\"1061\":5.568426803,\"1062\":5.5206607233,\"1063\":5.5584124574,\"1064\":5.6068077779,\"1065\":5.6408606151,\"1066\":5.701966906,\"1067\":5.8530854979,\"1068\":5.8358471021,\"1069\":5.817238179,\"1070\":6.0250376911,\"1071\":6.0501701404,\"1072\":6.0484703656,\"1073\":6.0232185438,\"1074\":6.1229620318,\"1075\":6.2384071031,\"1076\":6.3627312563,\"1077\":5.3033367392,\"1078\":5.1791090271,\"1079\":4.6176037385,\"1080\":4.6115443931,\"1081\":4.8634325504,\"1082\":4.9223705858,\"1083\":4.9932781463,\"1084\":4.8660135189,\"1085\":3.8494395723,\"1086\":3.9674302398,\"1087\":3.9046313351,\"1088\":4.070433928,\"1089\":4.1792656196,\"1090\":3.3642998247,\"1091\":3.3310106027,\"1092\":3.4021773333,\"1093\":3.2466625461,\"1094\":3.3929889566,\"1095\":3.4764213094,\"1096\":3.5261187553,\"1097\":3.5868302452,\"1098\":3.541855435,\"1099\":3.6270080314,\"1100\":3.7484404497,\"1101\":3.8595756937,\"1102\":3.7882189317,\"1103\":3.8556225441,\"1104\":4.1793107921,\"1105\":4.1875273878,\"1106\":4.1479847091,\"1107\":4.1644334492,\"1108\":4.1839141039,\"1109\":4.2885962594,\"1110\":4.2982798163,\"1111\":4.3520082614,\"1112\":4.3035666247,\"1113\":4.5520590994,\"1114\":4.4483653867,\"1115\":4.5524923196,\"1116\":4.5935184786}"
}