{
    "label": "18h_chained",
    "error_metrics": {
        "mae": 1.6172005231,
        "median_ae": 1.5170269786,
        "smape": 0.4230578918,
        "rsme": 1.9697192076,
        "mase": 2.2142992359
    },
    "runtimes": "Training: 21.71 seconds",
    "length_train_dataset": 4904,
    "length_validation_dataset": 200,
    "parameters": "order=(2, 0, 1), seasonal_order=(2, 0, 2, 9)",
    "prediction": [
        7.0716685755,
        5.8609047023,
        5.1299348087,
        5.0897362965,
        4.7695078087,
        4.6598198626,
        4.4367160886,
        4.1303546163,
        3.7643237165,
        3.4410454658,
        3.6307730965,
        3.7213947234,
        3.435683054,
        3.5918887517,
        3.5909549226,
        3.6712569186,
        3.7933157746,
        3.964017814,
        4.1814298117,
        4.0315185466,
        4.0961883248,
        4.545091336,
        4.5924255521,
        4.6757121895,
        4.5613346137,
        4.3094671196,
        3.9703636209,
        3.6574250702,
        3.7772744821,
        3.8286572471,
        3.5765295787,
        3.7010852252,
        3.6924551503,
        3.7468123961,
        3.8317939584,
        3.956629332,
        4.1282080374,
        4.0027142911,
        4.0676347861,
        4.4572092514,
        4.512431326,
        4.5886919759,
        4.4896018877,
        4.2673542104,
        3.9686969146,
        3.6978492527,
        3.7964750125,
        3.8489991477,
        3.6523980261,
        3.770883084,
        3.769553348,
        3.8105839359,
        3.8689356673,
        3.957082849,
        4.0903353391,
        3.9842499254,
        4.0480853293,
        4.3868722048,
        4.4475619933,
        4.5170980536,
        4.4301510464,
        4.2322221461,
        3.9670860216,
        3.7312517343,
        3.8121471177,
        3.8656424725,
        3.7154044968,
        3.8288698917,
        3.8336731366,
        3.8636221006,
        3.8997860774,
        3.9573462553,
        4.0586372359,
        3.9687494572,
        4.0316802781,
        4.3280948168,
        4.3933426163,
        4.4572660387,
        4.380448573,
        4.2028084597,
        3.9656391915,
        3.7590159982,
        3.8251193069,
        3.879423075,
        3.767861769,
        3.8771370878,
        3.8870559267,
        3.9077606481,
        3.9254162796,
        3.9574614862,
        4.0320898173,
        3.9557153619,
        4.0178900078,
        4.2789527458,
        4.3480008019,
        4.4072408771,
        4.3388747825,
        4.1781628197,
        3.9643277722,
        3.7820758489,
        3.8358389127,
        3.8908155682,
        3.8115185382,
        3.91729591,
        3.9314815526,
        3.9444748362,
        3.9466916533,
        3.9574532353,
        4.0098395071,
        3.9447389219,
        4.0062811807,
        4.237849069,
        4.3100652087,
        4.3653972056,
        4.3040824483,
        4.1574949864,
        3.9631293302,
        3.8012109981,
        3.8446792871,
        3.9002157676,
        3.8478333995,
        3.9506902425,
        3.9684345761,
        3.9749951824,
        3.964333977,
        3.9573419852,
        3.9911741272,
        3.9354791217,
        3.9964922649,
        4.2034515346,
        4.2783083604,
        4.3303790563,
        4.2749476415,
        4.1401457023,
        3.9620251573,
        3.8170719351,
        3.8519519068,
        3.907953889,
        3.8780232043,
        3.9784412367,
        3.9991535099,
        4.0003482602,
        3.9789454029,
        3.9571448234,
        3.975499534,
        3.9276514649,
        3.9882216483,
        4.1746486957,
        4.2517062204,
        4.3010551971,
        4.2505327112,
        4.1255649743,
        3.9609996463,
        3.8302013383,
        3.8579166248,
        3.9143054187,
        3.9031031253,
        4.0014842266,
        4.0246715983,
        4.0213905005,
        3.9910282836,
        3.9568760054,
        3.9623200564,
        3.9210186069,
        3.9812177074,
        4.1505133146,
        4.2294044741,
        4.2764818842,
        4.230055411,
        4.1132939638,
        3.9600397765,
        3.8410519434,
        3.8627902268,
        3.9195001845,
        3.9239200821,
        4.0205995255,
        4.0458508372,
        4.038836391,
        4.0010017124,
        3.956547424,
        3.9512221748,
        3.9153825403,
        3.9752705221,
        4.1302718323,
        4.2106903992,
        4.2558717881,
        4.2128631425,
        4.1029498794,
        3.9591346852,
        3.8500014506,
        3.8667535687,
        3.9237299227,
        3.9411806277,
        4.0364381189,
        4.0634103572,
        4.0532820014,
        4.0092153231,
        3.9561690007,
        3.9418609057,
        3.910578075
    ]
}