{"label":"InfluxDB_r=4h","mean_squared_error":0.3696002413,"runtimes":"Training: 0.01 seconds","length_train_dataset":539,"length_test_dataset":20,"parameters":"order=(0, 1, 0), seasonal_order=(0, 0, 0, 43)","prediction":"{\"539\":3.5103626943,\"540\":3.5103626943,\"541\":3.5103626943,\"542\":3.5103626943,\"543\":3.5103626943,\"544\":3.5103626943,\"545\":3.5103626943,\"546\":3.5103626943,\"547\":3.5103626943,\"548\":3.5103626943,\"549\":3.5103626943,\"550\":3.5103626943,\"551\":3.5103626943,\"552\":3.5103626943,\"553\":3.5103626943,\"554\":3.5103626943,\"555\":3.5103626943,\"556\":3.5103626943,\"557\":3.5103626943,\"558\":3.5103626943}"}
