{
    "label": "InfluxDB_r=6h-chained_e=100_pl=25_hst=50",
    "error_metrics": {
        "mae": 0.6908964628,
        "median_ae": 0.7118422845,
        "smape": 0.1356753355,
        "rsme": 0.8030267325,
        "mase": 1.9872727545
    },
    "runtimes": "Training: 129.48 seconds",
    "length_train_dataset": 5795,
    "length_validation_dataset": 25,
    "parameters": "Epochs: 100, hyperparameters: Hyperparamters(gradient_clip_val=6.9953515571, hidden_continuous_size=40, dropout=0.1558743686, attention_head_size=3, learning_rate=0.0039810717, accelerator='auto', hidden_size=70)",
    "prediction": [
        3.1194958687,
        3.1831231117,
        3.2652001381,
        3.468943119,
        3.761300087,
        4.0440540314,
        4.2744445801,
        4.4631271362,
        4.6344070435,
        4.807656765,
        4.9939274788,
        5.1971364021,
        5.4124407768,
        5.6298265457,
        5.8393106461,
        6.03216362,
        6.1938114166,
        6.3113145828,
        6.3787112236,
        6.3990221024,
        6.3721637726,
        6.2790541649,
        6.0662031174,
        5.6318478584,
        4.8911595345
    ]
}