{"label":"Sawtooth_[1,10,10]_i=500","error_metrics":{"mae":0.0000036415,"median_ae":0.0000031513,"smape":0.0000007673,"rsme":0.0000044536,"mase":0.0000018222},"runtimes":"Training: 36.73 seconds","length_train_dataset":4464,"length_validation_dataset":36,"parameters":"order=(4, 0, 1), seasonal_order=(2, 0, 0, 9)","prediction":[1.0000036025,2.1250024356,3.2500014612,4.3750001491,5.4999990584,6.6249981364,7.7499971536,8.8749963319,9.9999956067,0.9999997417,2.1249990991,3.2499984982,4.3749978992,5.499997337,6.624996788,7.7499962377,8.8749957006,9.9999951654,1.0000030906,2.1250013906,3.2499998821,4.374998034,5.4999964079,6.6249949493,7.7499934288,8.8749920693,9.9999908054,0.9999992632,2.1249980806,3.2499969394,4.3749957997,5.499994697,6.6249936074,7.7499925164,8.8749914388,9.9999903632]}
