{"label":"InfluxDB_r=2h_om=lbfgs_order=ArimaOrder(order=(0, 2, 2), seasonal_order=(2, 0, 2, 84))","mean_squared_error":4.3004728915,"runtimes":"Training: 291.70 seconds","length_train_dataset":917,"length_test_dataset":200,"parameters":"order=(0, 2, 2), seasonal_order=(2, 0, 2, 84)","prediction":"{\"917\":7.2394791066,\"918\":7.2799310468,\"919\":7.2707102426,\"920\":7.3386812458,\"921\":7.2500353142,\"922\":6.9448932859,\"923\":6.934030017,\"924\":6.9643034635,\"925\":6.9120939102,\"926\":6.9682117364,\"927\":7.0070441143,\"928\":7.0297212177,\"929\":7.05682899,\"930\":7.0533400286,\"931\":7.0790093763,\"932\":7.1321431343,\"933\":7.1766972068,\"934\":7.1519714797,\"935\":7.1956338776,\"936\":7.3047327007,\"937\":7.3101913109,\"938\":7.3062783188,\"939\":7.3223591036,\"940\":7.340732829,\"941\":7.3776317625,\"942\":7.3909451153,\"943\":7.4123282284,\"944\":7.4000226969,\"945\":7.4902590571,\"946\":7.4559388332,\"947\":7.4962561844,\"948\":7.5425273934,\"949\":7.5603667443,\"950\":7.6018049571,\"951\":7.6347800776,\"952\":7.6719229915,\"953\":7.6877971663,\"954\":7.6857833573,\"955\":7.7067377899,\"956\":7.7525254083,\"957\":7.7815672549,\"958\":7.7921717978,\"959\":7.8125123028,\"960\":7.8524544765,\"961\":7.856958789,\"962\":7.9271538047,\"963\":7.9700494098,\"964\":7.9515269734,\"965\":8.0259974464,\"966\":8.0474337769,\"967\":8.0189858958,\"968\":8.0793312186,\"969\":8.0794099568,\"970\":8.1023055983,\"971\":8.1454880945,\"972\":8.1648894797,\"973\":8.2022052607,\"974\":8.2422217981,\"975\":8.2605401482,\"976\":8.2780847846,\"977\":8.3202580041,\"978\":8.3341990945,\"979\":8.3632305166,\"980\":8.3670376349,\"981\":8.3967202099,\"982\":8.4101899043,\"983\":8.4893441728,\"984\":8.4914507382,\"985\":8.4917003182,\"986\":8.5695265676,\"987\":8.5789749737,\"988\":8.5933151318,\"989\":8.5978542308,\"990\":8.6377809099,\"991\":8.6814617216,\"992\":8.7351712176,\"993\":8.0465653786,\"994\":8.0109063656,\"995\":7.6089469445,\"996\":7.6437515539,\"997\":7.7279149569,\"998\":7.7909687715,\"999\":7.8120385147,\"1000\":7.7409134363,\"1001\":7.7549090237,\"1002\":7.8229701892,\"1003\":7.8037393033,\"1004\":7.9016341037,\"1005\":7.5363982173,\"1006\":7.3092130645,\"1007\":7.2943783852,\"1008\":7.3188904875,\"1009\":7.275198056,\"1010\":7.3053483421,\"1011\":7.3516570636,\"1012\":7.3607335345,\"1013\":7.4054795964,\"1014\":7.3666272939,\"1015\":7.4163952259,\"1016\":7.4818613242,\"1017\":7.4859166545,\"1018\":7.4722758495,\"1019\":7.5660236104,\"1020\":7.6040688921,\"1021\":7.6019820011,\"1022\":7.6168128949,\"1023\":7.6314805112,\"1024\":7.657566051,\"1025\":7.6990356622,\"1026\":7.7046825383,\"1027\":7.7320389542,\"1028\":7.7257622654,\"1029\":7.7701794788,\"1030\":7.7583533429,\"1031\":7.7942689533,\"1032\":7.8733519392,\"1033\":7.8891438036,\"1034\":7.9087624249,\"1035\":7.942860226,\"1036\":7.9986831543,\"1037\":8.0109574878,\"1038\":7.9921102948,\"1039\":8.0110109895,\"1040\":8.0193225294,\"1041\":8.0917804118,\"1042\":8.0664882241,\"1043\":8.0899813255,\"1044\":8.121590046,\"1045\":8.1324629904,\"1046\":8.0705719772,\"1047\":8.116712515,\"1048\":8.0892069406,\"1049\":8.1304449577,\"1050\":8.1627316779,\"1051\":8.1314583321,\"1052\":8.1873632591,\"1053\":8.1912489533,\"1054\":8.2054069827,\"1055\":8.2587540348,\"1056\":8.2725470163,\"1057\":8.2945126196,\"1058\":8.3356657516,\"1059\":8.3421886261,\"1060\":8.357285441,\"1061\":8.4211768408,\"1062\":8.4064810342,\"1063\":8.4241373071,\"1064\":8.4452394063,\"1065\":8.4594363265,\"1066\":8.4868513327,\"1067\":8.5460510677,\"1068\":8.541325413,\"1069\":8.540096608,\"1070\":8.6097257795,\"1071\":8.6186644366,\"1072\":8.6310835676,\"1073\":8.6267439208,\"1074\":8.6636644745,\"1075\":8.6931533204,\"1076\":8.7481622555,\"1077\":8.3496082232,\"1078\":8.3271008752,\"1079\":8.085595786,\"1080\":8.0870783702,\"1081\":8.1611758456,\"1082\":8.1997957738,\"1083\":8.2178732361,\"1084\":8.1807299648,\"1085\":8.2066099237,\"1086\":8.236043465,\"1087\":8.2308750848,\"1088\":8.2814525851,\"1089\":8.2429540829,\"1090\":7.9983918681,\"1091\":7.9913033086,\"1092\":8.016381109,\"1093\":7.9758232333,\"1094\":8.0231431046,\"1095\":8.0534631465,\"1096\":8.0734716654,\"1097\":8.0935952847,\"1098\":8.0955839529,\"1099\":8.1139010647,\"1100\":8.154820126,\"1101\":8.1946999422,\"1102\":8.1752316517,\"1103\":8.2047655964,\"1104\":8.2980720938,\"1105\":8.3040514122,\"1106\":8.2999447373,\"1107\":8.3135272157,\"1108\":8.3279196284,\"1109\":8.3570464334,\"1110\":8.3691441447,\"1111\":8.3860610168,\"1112\":8.3767857434,\"1113\":8.4527414108,\"1114\":8.4245995284,\"1115\":8.4573395877,\"1116\":8.4907420627}"}
