{"label":"InfluxDB_r=2h_om=lbfgs_order=ArimaOrder(order=(0, 0, 0), seasonal_order=(0, 2, 0, 84))","mean_squared_error":3.3457296754,"runtimes":"Training: 4.40 seconds","length_train_dataset":917,"length_test_dataset":200,"parameters":"order=(0, 0, 0), seasonal_order=(0, 2, 0, 84)","prediction":"{\"917\":3.8676470588,\"918\":5.1985294118,\"919\":4.1691176471,\"920\":4.9632352941,\"921\":4.7058823529,\"922\":2.0294117647,\"923\":2.0661764706,\"924\":1.75,\"925\":2.1470588235,\"926\":2.2573529412,\"927\":2.1323529412,\"928\":2.5955882353,\"929\":2.7279411765,\"930\":1.1985294118,\"931\":2.5661764706,\"932\":2.5073529412,\"933\":3.2426470588,\"934\":2.8676470588,\"935\":3.3382352941,\"936\":2.2573529412,\"937\":2.3235294118,\"938\":2.5147058824,\"939\":2.4338235294,\"940\":2.0,\"941\":2.9705882353,\"942\":2.9411764706,\"943\":2.7867647059,\"944\":2.6838235294,\"945\":2.6102941176,\"946\":2.8602941176,\"947\":3.7426470588,\"948\":2.9044117647,\"949\":2.9926470588,\"950\":3.0955882353,\"951\":3.4485294118,\"952\":3.6911764706,\"953\":3.4338235294,\"954\":3.4852941176,\"955\":3.4264705882,\"956\":3.5220588235,\"957\":3.5735294118,\"958\":3.25,\"959\":3.7426470588,\"960\":3.5955882353,\"961\":3.7352941176,\"962\":3.8382352941,\"963\":4.6544117647,\"964\":3.4779411765,\"965\":3.6323529412,\"966\":4.0514705882,\"967\":3.7279411765,\"968\":4.0367647059,\"969\":3.8382352941,\"970\":3.9117647059,\"971\":3.9632352941,\"972\":3.9705882353,\"973\":3.8970588235,\"974\":4.1470588235,\"975\":3.9117647059,\"976\":4.0514705882,\"977\":3.8308823529,\"978\":3.9852941176,\"979\":3.8529411765,\"980\":4.0735294118,\"981\":3.8382352941,\"982\":3.9779411765,\"983\":4.0588235294,\"984\":3.8235294118,\"985\":3.8602941176,\"986\":4.0808823529,\"987\":4.5147058824,\"988\":3.9705882353,\"989\":3.7647058824,\"990\":3.6691176471,\"991\":4.7794117647,\"992\":4.2205882353,\"993\":8.5294117647,\"994\":9.5073529412,\"995\":10.3823529412,\"996\":10.3602941176,\"997\":10.4779411765,\"998\":9.6544117647,\"999\":10.6691176471,\"1000\":9.9852941176,\"1001\":3.3161764706,\"1002\":5.3235294118,\"1003\":3.7941176471,\"1004\":4.9411764706,\"1005\":4.5588235294,\"1006\":0.5441176471,\"1007\":0.5808823529,\"1008\":-0.1323529412,\"1009\":0.7279411765,\"1010\":0.8014705882,\"1011\":0.5220588235,\"1012\":1.2941176471,\"1013\":1.4705882353,\"1014\":-0.9191176471,\"1015\":1.1617647059,\"1016\":0.9926470588,\"1017\":2.1470588235,\"1018\":1.5588235294,\"1019\":2.2720588235,\"1020\":0.1397058824,\"1021\":0.2426470588,\"1022\":0.6323529412,\"1023\":0.5294117647,\"1024\":-0.1985294118,\"1025\":1.3382352941,\"1026\":1.3088235294,\"1027\":1.0,\"1028\":0.8382352941,\"1029\":0.5147058824,\"1030\":1.0220588235,\"1031\":2.4044117647,\"1032\":1.0808823529,\"1033\":1.2205882353,\"1034\":1.3382352941,\"1035\":1.8602941176,\"1036\":2.1911764706,\"1037\":1.7867647059,\"1038\":1.8455882353,\"1039\":1.7205882353,\"1040\":1.8382352941,\"1041\":1.9338235294,\"1042\":1.3455882353,\"1043\":2.1176470588,\"1044\":1.7941176471,\"1045\":2.0367647059,\"1046\":2.1691176471,\"1047\":3.3602941176,\"1048\":1.5955882353,\"1049\":1.7205882353,\"1050\":2.3529411765,\"1051\":1.9117647059,\"1052\":2.2794117647,\"1053\":1.9558823529,\"1054\":2.0367647059,\"1055\":2.0441176471,\"1056\":2.0367647059,\"1057\":1.8529411765,\"1058\":2.2279411765,\"1059\":1.7794117647,\"1060\":2.0441176471,\"1061\":1.5220588235,\"1062\":1.8308823529,\"1063\":1.5735294118,\"1064\":1.8970588235,\"1065\":1.4705882353,\"1066\":1.6691176471,\"1067\":1.6691176471,\"1068\":1.2352941176,\"1069\":1.3088235294,\"1070\":1.5220588235,\"1071\":2.1691176471,\"1072\":1.3014705882,\"1073\":0.9926470588,\"1074\":0.7279411765,\"1075\":2.375,\"1076\":1.3308823529,\"1077\":10.2720588235,\"1078\":12.25,\"1079\":13.7867647059,\"1080\":13.7647058824,\"1081\":13.5294117647,\"1082\":12.2352941176,\"1083\":13.7794117647,\"1084\":12.7794117647,\"1085\":2.7647058824,\"1086\":5.4485294118,\"1087\":3.4191176471,\"1088\":4.9191176471,\"1089\":4.4117647059,\"1090\":-0.9411764706,\"1091\":-0.9044117647,\"1092\":-2.0147058824,\"1093\":-0.6911764706,\"1094\":-0.6544117647,\"1095\":-1.0882352941,\"1096\":-0.0073529412,\"1097\":0.2132352941,\"1098\":-3.0367647059,\"1099\":-0.2426470588,\"1100\":-0.5220588235,\"1101\":1.0514705882,\"1102\":0.25,\"1103\":1.2058823529,\"1104\":-1.9779411765,\"1105\":-1.8382352941,\"1106\":-1.25,\"1107\":-1.375,\"1108\":-2.3970588235,\"1109\":-0.2941176471,\"1110\":-0.3235294118,\"1111\":-0.7867647059,\"1112\":-1.0073529412,\"1113\":-1.5808823529,\"1114\":-0.8161764706,\"1115\":1.0661764706,\"1116\":-0.7426470588}"}
