{"label":"InfluxDB_r=12h_chained","mean_squared_error":4.6891762572,"runtimes":"Training: 0.93 seconds , order study: 60.76 seconds)","length_train_dataset":735,"length_test_dataset":80,"parameters":"order=(2, 0, 1), seasonal_order=(1, 0, 0, 16)","prediction":"{\"735\":4.9382527101,\"736\":4.8888832306,\"737\":4.7300211863,\"738\":4.6933342268,\"739\":4.5533302359,\"740\":4.459064346,\"741\":4.4674992025,\"742\":4.2780835585,\"743\":2.5011426929,\"744\":2.3296994487,\"745\":2.3165831464,\"746\":2.3430453044,\"747\":2.6675251958,\"748\":2.3355941447,\"749\":2.3554790232,\"750\":2.9357241253,\"751\":2.819317215,\"752\":2.7235653648,\"753\":2.5974456388,\"754\":2.5159431842,\"755\":2.4054143666,\"756\":2.3140270976,\"757\":2.2600244033,\"758\":2.1454122482,\"759\":1.518058385,\"760\":1.4160256717,\"761\":1.3685165842,\"762\":1.3367174222,\"763\":1.4044797078,\"764\":1.2612727018,\"765\":1.2347838906,\"766\":1.3926745626,\"767\":1.3260534664,\"768\":1.2680382195,\"769\":1.2019133523,\"770\":1.151946238,\"771\":1.0940814809,\"772\":1.0438808836,\"773\":1.007182067,\"774\":0.9520314603,\"775\":0.7313243561,\"776\":0.6825358539,\"777\":0.6525022486,\"778\":0.6285349633,\"779\":0.6378375224,\"780\":0.5793742784,\"781\":0.5596461379,\"782\":0.6006035615,\"783\":0.5692373456,\"784\":0.5413067515,\"785\":0.5113344761,\"786\":0.4871725656,\"787\":0.4609622715,\"788\":0.4377297719,\"789\":0.4193414247,\"790\":0.3953769266,\"791\":0.3179736454,\"792\":0.2968440785,\"793\":0.2821588949,\"794\":0.2697693779,\"795\":0.2685002209,\"796\":0.2454773217,\"797\":0.2353136056,\"798\":0.2451295118,\"799\":0.2316575874,\"800\":0.2195177539,\"801\":0.2069148143,\"802\":0.1963888716,\"803\":0.1853721351,\"804\":0.175487481,\"805\":0.1673310465,\"806\":0.1575043586,\"807\":0.1304342901,\"808\":0.1217878437,\"809\":0.1153535636,\"810\":0.1097747317,\"811\":0.1079137634,\"812\":0.0990741327,\"813\":0.0945048556,\"814\":0.0965154856}"}
