{
    "label": "",
    "error_metrics": {
        "mae": 2.2247817015,
        "median_ae": 1.2773655723,
        "smape": 0.5017330512,
        "rsme": 2.6504796301,
        "mase": 11.529237153
    },
    "runtimes": "Training: 6.04 seconds",
    "length_train_dataset": 5433,
    "length_validation_dataset": 14,
    "parameters": "Epochs: 1, hyperparameters: Hyperparamters(gradient_clip_val=6.9953515571, hidden_continuous_size=40, dropout=0.1558743686, attention_head_size=3, learning_rate=0.0039810717, accelerator='auto', hidden_size=0)",
    "prediction": [
        5.8864526749,
        5.9017930031,
        5.9060196877,
        5.9058113098,
        5.9047226906,
        5.9039354324,
        5.9036459923,
        5.9037699699,
        5.904188633,
        5.9047994614,
        5.9055323601,
        5.9063434601,
        5.907207489,
        5.9081063271
    ]
}