{"label":"Sawtooth_[1,10,10]_i=40","error_metrics":{"mae":0.0000053241,"median_ae":0.0000050235,"smape":0.0000010487,"rsme":0.0000062689,"mase":0.0000026912},"runtimes":"Training: 2.65 seconds","length_train_dataset":324,"length_validation_dataset":36,"parameters":"order=(4, 0, 1), seasonal_order=(2, 0, 0, 9)","prediction":[1.0000038599,2.1250006922,3.2499974169,4.3749950267,5.4999938981,6.6249939139,7.7499945583,8.874995228,9.9999954472,1.0000009015,2.124999892,3.2499985685,4.3749972418,5.4999961504,6.6249953927,7.7499949263,8.8749946158,9.9999943027,1.0000036115,2.1249998402,3.2499958144,4.3749925956,5.4999906408,6.6249898931,7.7499898607,8.8749899279,9.9999895831,1.0000003572,2.1249987463,3.2499967772,4.3749947681,5.4999929761,6.6249915205,7.7499903736,8.8749894051,9.9999884527]}
