{
    "label": "Sawtooth_i=10",
    "error_metrics": "RSME: 0.000396281254758322, SMAPE: 9.500234166828462e-05, MASE: 0.0011628031417137191",
    "runtimes": "Training: 31.93 seconds",
    "length_train_dataset": 275,
    "length_validation_dataset": 25,
    "parameters": "order=(0, 0, 2), seasonal_order=(2, 0, 2, 30)",
    "prediction": "{\"275\":1.8334875516,\"276\":2.0000204806,\"277\":2.1664520365,\"278\":2.3331021932,\"279\":2.4997523498,\"280\":2.6664025065,\"281\":2.8330526631,\"282\":2.9997028198,\"283\":3.1663529765,\"284\":3.3330031331,\"285\":3.4996532898,\"286\":3.6663034464,\"287\":3.8329536031,\"288\":3.9996037597,\"289\":4.1662539164,\"290\":4.332904073,\"291\":4.4995542297,\"292\":4.6662043863,\"293\":4.832854543,\"294\":4.9995046997,\"295\":5.1661548563,\"296\":5.332805013,\"297\":5.4994551696,\"298\":5.6661020819,\"299\":5.8327459419}"
}