{
    "label": "InfluxDB_i=6h_chained",
    "error_metrics": {
        "mae": 1.2732962934,
        "median_ae": 1.2875753068,
        "smape": 0.3010532359,
        "rsme": 1.3302599086,
        "mase": 3.7685172468
    },
    "runtimes": "Training: 28.38 seconds",
    "length_train_dataset": 5411,
    "length_validation_dataset": 25,
    "parameters": "order=(2, 0, 1), seasonal_order=(2, 0, 2, 14)",
    "prediction": [
        3.2837210001,
        2.887575075,
        3.0056395558,
        3.1612580531,
        3.1515893768,
        3.2428600975,
        3.3708061235,
        3.4598814787,
        3.4936438646,
        3.6382385981,
        3.782670516,
        3.7915876949,
        3.8788390003,
        4.0123513626,
        4.2073165525,
        4.3555803012,
        4.375043799,
        4.4930246271,
        4.6356152866,
        4.7401493446,
        4.9153913017,
        3.5902821623,
        3.6892307762,
        3.7593516542,
        3.8738272094
    ]
}