{"label":"InfluxDB_r=2h_om=lbfgs_order=ArimaOrder(order=(1, 0, 1), seasonal_order=(2, 0, 2, 84))","mean_squared_error":2.0276615996,"runtimes":"Training: 238.82 seconds","length_train_dataset":917,"length_test_dataset":200,"parameters":"order=(1, 0, 1), seasonal_order=(2, 0, 2, 84)","prediction":"{\"917\":7.1928319793,\"918\":7.1884382707,\"919\":7.1364596104,\"920\":7.1625053319,\"921\":7.0065423687,\"922\":6.6493703137,\"923\":6.5958115057,\"924\":6.5822855727,\"925\":6.4870031862,\"926\":6.5029228357,\"927\":6.5019309454,\"928\":6.4847511388,\"929\":6.4713164719,\"930\":6.4292674495,\"931\":6.4134719118,\"932\":6.4284322371,\"933\":6.4362370883,\"934\":6.3706155707,\"935\":6.3780172584,\"936\":6.4490492885,\"937\":6.4166649987,\"938\":6.3757500751,\"939\":6.3556573131,\"940\":6.3385621215,\"941\":6.3375012891,\"942\":6.3156308448,\"943\":6.3000937443,\"944\":6.2519224154,\"945\":6.3072472047,\"946\":6.2359432869,\"947\":6.2415160197,\"948\":6.2576671323,\"949\":6.241503794,\"950\":6.2496516653,\"951\":6.2491293201,\"952\":6.254458279,\"953\":6.2369766291,\"954\":6.1997305847,\"955\":6.1883602612,\"956\":6.2016240585,\"957\":6.1999722379,\"958\":6.1770179191,\"959\":6.1657425918,\"960\":6.1745062794,\"961\":6.1478937535,\"962\":6.1800562589,\"963\":6.1918566422,\"964\":6.1439151825,\"965\":6.1885347085,\"966\":6.1794494186,\"967\":6.1203210711,\"968\":6.1513084742,\"969\":6.1215347397,\"970\":6.1146546605,\"971\":6.1302909875,\"972\":6.1207127026,\"973\":6.1299827898,\"974\":6.1429671643,\"975\":6.1321193504,\"976\":6.1222141765,\"977\":6.1371485607,\"978\":6.1227713974,\"979\":6.1243513296,\"980\":6.1009897973,\"981\":6.1033533351,\"982\":6.0903176655,\"983\":6.1451860952,\"984\":6.1196297611,\"985\":6.0935777868,\"986\":6.1453647245,\"987\":6.1283332468,\"988\":6.1182858666,\"989\":6.0969234635,\"990\":6.1117875352,\"991\":6.1286838732,\"992\":6.1597276527,\"993\":5.4208704394,\"994\":5.3641893629,\"995\":4.9196838276,\"996\":4.9304151388,\"997\":4.9891879134,\"998\":5.0317049828,\"999\":5.0276248408,\"1000\":4.9315692656,\"1001\":4.919345819,\"1002\":4.9605462551,\"1003\":4.9156785207,\"1004\":4.9893019039,\"1005\":4.5689304613,\"1006\":4.3035871209,\"1007\":4.2620261648,\"1008\":4.2598690731,\"1009\":4.1882018073,\"1010\":4.1940141028,\"1011\":4.2167175694,\"1012\":4.2010315847,\"1013\":4.2212901961,\"1014\":4.1588509993,\"1015\":4.182781489,\"1016\":4.2256965385,\"1017\":4.2071336345,\"1018\":4.1679061516,\"1019\":4.2411001277,\"1020\":4.2565350934,\"1021\":4.2310967547,\"1022\":4.2233235233,\"1023\":4.2160323713,\"1024\":4.221392121,\"1025\":4.2387745333,\"1026\":4.2230979166,\"1027\":4.2276689568,\"1028\":4.1994201066,\"1029\":4.222821772,\"1030\":4.1870709982,\"1031\":4.2016717631,\"1032\":4.2643821092,\"1033\":4.2593435043,\"1034\":4.2587011615,\"1035\":4.2726234495,\"1036\":4.3098255706,\"1037\":4.3017173756,\"1038\":4.2599953828,\"1039\":4.2593781145,\"1040\":4.2473793885,\"1041\":4.301918288,\"1042\":4.255196441,\"1043\":4.2592745938,\"1044\":4.2721521346,\"1045\":4.263810642,\"1046\":4.1726780851,\"1047\":4.1998126712,\"1048\":4.1542578464,\"1049\":4.1775865819,\"1050\":4.1910106699,\"1051\":4.1397897542,\"1052\":4.178252437,\"1053\":4.1632624764,\"1054\":4.1587324065,\"1055\":4.1960013778,\"1056\":4.1917034734,\"1057\":4.196680485,\"1058\":4.2218666745,\"1059\":4.2095502595,\"1060\":4.2076904025,\"1061\":4.255610887,\"1062\":4.2225244862,\"1063\":4.2233673255,\"1064\":4.2274127618,\"1065\":4.2244675062,\"1066\":4.2355841681,\"1067\":4.2807029846,\"1068\":4.258387583,\"1069\":4.2405305238,\"1070\":4.294326331,\"1071\":4.28636518,\"1072\":4.284128971,\"1073\":4.2631326241,\"1074\":4.2847741436,\"1075\":4.29690131,\"1076\":4.3391283717,\"1077\":3.8955741057,\"1078\":3.8584603729,\"1079\":3.5808966971,\"1080\":3.5667438831,\"1081\":3.6252323681,\"1082\":3.6523784838,\"1083\":3.6540803261,\"1084\":3.5999020292,\"1085\":3.6076651741,\"1086\":3.6182541879,\"1087\":3.5942883172,\"1088\":3.6288080327,\"1089\":3.5476364314,\"1090\":3.2702215673,\"1091\":3.2439448958,\"1092\":3.2496964658,\"1093\":3.1885482755,\"1094\":3.2197341111,\"1095\":3.2339253869,\"1096\":3.2371641443,\"1097\":3.240133201,\"1098\":3.2252945824,\"1099\":3.2255177822,\"1100\":3.2514240121,\"1101\":3.2767587332,\"1102\":3.237933273,\"1103\":3.2537025665,\"1104\":3.3322120927,\"1105\":3.3215591001,\"1106\":3.3013858442,\"1107\":3.2997713471,\"1108\":3.2994969655,\"1109\":3.3123514114,\"1110\":3.3095903887,\"1111\":3.3104321155,\"1112\":3.2850007702,\"1113\":3.3475093647,\"1114\":3.3017668848,\"1115\":3.3201488047,\"1116\":3.3432397957}"}
