{"label":"Sawtooth[1,6,36], 10 intervals","error_metrics":{"mae":0.0000445393,"median_ae":0.0000410134,"smape":0.0000108824,"rsme":0.0000526725,"mase":0.0000776396},"runtimes":"Training: 30.77 seconds","length_train_dataset":265,"length_validation_dataset":35,"parameters":"order=(4, 0, 1), seasonal_order=(2, 0, 0, 30)","prediction":[8.7586120697,9.068948175,9.3792845914,9.6896217574,9.9999589866,1.000070564,1.3104080436,1.6207456731,1.9310834308,2.2414213169,2.5517593217,2.8620974423,3.1724356733,3.4827740107,3.7931124499,4.103450987,4.4137896179,4.7241283389,5.0344671463,5.3448060366,5.6551450065,5.9654840528,6.2758231724,6.5861623623,6.8965016197,7.2068409418,7.5171803261,7.82751977,8.1378592711,8.4481988271,8.7585383954,9.0688780138,9.3792176822,9.6895574007,9.9998971641]}
