{"label":"InfluxDB_r=2h_om=lbfgs_order=ArimaOrder(order=(0, 0, 0), seasonal_order=(1, 2, 0, 84))","mean_squared_error":3.5136952486,"runtimes":"Training: 14.74 seconds","length_train_dataset":917,"length_test_dataset":200,"parameters":"order=(0, 0, 0), seasonal_order=(1, 2, 0, 84)","prediction":"{\"917\":6.5430226567,\"918\":7.369219552,\"919\":6.5948638788,\"920\":6.6672270542,\"921\":6.9091328453,\"922\":5.1497788413,\"923\":5.3005047796,\"924\":5.5595611962,\"925\":5.3488267804,\"926\":5.5676554051,\"927\":5.5674700881,\"928\":5.6942484105,\"929\":5.5498383588,\"930\":4.8290086714,\"931\":5.7787978782,\"932\":5.3726639263,\"933\":6.1296649454,\"934\":6.0314279383,\"935\":6.2469600821,\"936\":6.5281857921,\"937\":6.6486295162,\"938\":6.470788663,\"939\":6.3464925072,\"940\":6.2328457735,\"941\":6.3568648541,\"942\":6.5662290048,\"943\":6.3304163599,\"944\":6.5367985284,\"945\":6.9353942221,\"946\":6.7566829194,\"947\":7.2320314593,\"948\":6.4643435947,\"949\":6.4223374804,\"950\":6.6283864386,\"951\":6.9053534601,\"952\":7.272815202,\"953\":7.0480226129,\"954\":7.0723595744,\"955\":7.1383507281,\"956\":7.320766569,\"957\":6.7535904672,\"958\":6.9998672173,\"959\":7.3134323396,\"960\":7.4431365089,\"961\":7.4308940814,\"962\":7.3981671241,\"963\":8.1275159891,\"964\":7.3851834289,\"965\":7.6644098767,\"966\":7.8827386858,\"967\":7.667743781,\"968\":7.9060198809,\"969\":7.8105982508,\"970\":7.9438216414,\"971\":8.000718955,\"972\":8.0406322483,\"973\":8.1841718505,\"974\":8.2767968154,\"975\":8.2585717118,\"976\":8.1703551294,\"977\":8.3947583728,\"978\":8.2724071447,\"979\":8.3354163161,\"980\":8.5125907486,\"981\":8.3641242366,\"982\":8.5689508231,\"983\":8.7149538803,\"984\":8.8269701851,\"985\":8.8691616163,\"986\":8.9052411897,\"987\":9.3716250712,\"988\":9.1476842198,\"989\":8.9255216908,\"990\":8.9927352161,\"991\":9.9673611999,\"992\":10.0054774591,\"993\":7.1944373284,\"994\":6.9622187517,\"995\":7.0394901252,\"996\":7.0337114777,\"997\":7.9653673391,\"998\":7.2612258851,\"999\":8.1185567323,\"1000\":7.4293064775,\"1001\":6.6924077795,\"1002\":8.0628651594,\"1003\":6.855325345,\"1004\":7.0915550325,\"1005\":7.3392493132,\"1006\":4.4819127843,\"1007\":4.6624926169,\"1008\":4.6751812959,\"1009\":4.7684614042,\"1010\":4.9789576033,\"1011\":4.8570576441,\"1012\":5.2045194268,\"1013\":5.0317247072,\"1014\":3.6624213908,\"1015\":5.2159816124,\"1016\":4.6085702457,\"1017\":5.7903753679,\"1018\":5.5514053816,\"1019\":5.9427687253,\"1020\":5.5293489658,\"1021\":5.7007735359,\"1022\":5.6247923412,\"1023\":5.4670644498,\"1024\":5.1431752961,\"1025\":5.6115990604,\"1026\":5.8835142279,\"1027\":5.471965608,\"1028\":5.7005562461,\"1029\":5.9728323595,\"1030\":5.9391664905,\"1031\":6.807893979,\"1032\":5.573392979,\"1033\":5.5487387165,\"1034\":5.7965042234,\"1035\":6.2226862957,\"1036\":6.7110804542,\"1037\":6.3477587257,\"1038\":6.3723405582,\"1039\":6.4048523637,\"1040\":6.6320728524,\"1041\":5.9469503997,\"1042\":6.0777907393,\"1043\":6.6238543636,\"1044\":6.6495902597,\"1045\":6.7004838162,\"1046\":6.6616282731,\"1047\":7.7432313138,\"1048\":6.526392581,\"1049\":6.8089043865,\"1050\":7.187868771,\"1051\":6.8836590878,\"1052\":7.1622777348,\"1053\":6.9688667711,\"1054\":7.1250808571,\"1055\":7.1392821376,\"1056\":7.1730192327,\"1057\":7.263129278,\"1058\":7.4395274363,\"1059\":7.2649315993,\"1060\":7.2420072282,\"1061\":7.2815122329,\"1062\":7.2410704545,\"1063\":7.2302577306,\"1064\":7.4990004274,\"1065\":7.1821032691,\"1066\":7.4628127533,\"1067\":7.5449928257,\"1068\":7.5494630159,\"1069\":7.629840767,\"1070\":7.6102325226,\"1071\":8.2983813823,\"1072\":7.8347863463,\"1073\":7.5054177988,\"1074\":7.4461620975,\"1075\":8.9220124368,\"1076\":8.6312121203,\"1077\":8.5873673387,\"1078\":9.0381288359,\"1079\":9.5681876546,\"1080\":9.5666738491,\"1081\":10.3586306368,\"1082\":9.2151764559,\"1083\":10.5606922613,\"1084\":9.5538439219,\"1085\":8.2990569914,\"1086\":9.9388751392,\"1087\":8.4370789974,\"1088\":8.4440390431,\"1089\":8.9694656192,\"1090\":5.5136955125,\"1091\":5.7862033691,\"1092\":5.8658508692,\"1093\":5.9320834773,\"1094\":6.1933654696,\"1095\":6.0177368195,\"1096\":6.4026155847,\"1097\":6.0506847397,\"1098\":4.4733385232,\"1099\":6.4030646177,\"1100\":5.4051975366,\"1101\":7.0236304057,\"1102\":6.7946788977,\"1103\":7.2229456276,\"1104\":6.8568140422,\"1105\":7.1087785677,\"1106\":6.9336550882,\"1107\":6.7188481736,\"1108\":6.3591153449,\"1109\":6.7108216877,\"1110\":7.175347953,\"1111\":6.5437246941,\"1112\":6.9630107249,\"1113\":7.3661315089,\"1114\":7.2439941101,\"1115\":8.2844072274,\"1116\":6.6215199341}"}
