{"label":"InfluxDB_r=2h_om=lbfgs_order=ArimaOrder(order=(0, 0, 0), seasonal_order=(0, 1, 0, 84))","mean_squared_error":2.2502490491,"runtimes":"Training: 0.76 seconds","length_train_dataset":917,"length_test_dataset":200,"parameters":"order=(0, 0, 0), seasonal_order=(0, 1, 0, 84)","prediction":"{\"917\":4.4191176471,\"918\":5.0735294118,\"919\":4.5441176471,\"920\":4.9852941176,\"921\":4.8529411765,\"922\":3.5147058824,\"923\":3.5514705882,\"924\":3.6323529412,\"925\":3.5661764706,\"926\":3.7132352941,\"927\":3.7426470588,\"928\":3.8970588235,\"929\":3.9852941176,\"930\":3.3161764706,\"931\":3.9705882353,\"932\":4.0220588235,\"933\":4.3382352941,\"934\":4.1764705882,\"935\":4.4044117647,\"936\":4.375,\"937\":4.4044117647,\"938\":4.3970588235,\"939\":4.3382352941,\"940\":4.1985294118,\"941\":4.6029411765,\"942\":4.5735294118,\"943\":4.5735294118,\"944\":4.5294117647,\"945\":4.7058823529,\"946\":4.6985294118,\"947\":5.0808823529,\"948\":4.7279411765,\"949\":4.7647058824,\"950\":4.8529411765,\"951\":5.0367647059,\"952\":5.1911764706,\"953\":5.0808823529,\"954\":5.125,\"955\":5.1323529412,\"956\":5.2058823529,\"957\":5.2132352941,\"958\":5.1544117647,\"959\":5.3676470588,\"960\":5.3970588235,\"961\":5.4338235294,\"962\":5.5073529412,\"963\":5.9485294118,\"964\":5.3602941176,\"965\":5.5441176471,\"966\":5.75,\"967\":5.5441176471,\"968\":5.7941176471,\"969\":5.7205882353,\"970\":5.7867647059,\"971\":5.8823529412,\"972\":5.9044117647,\"973\":5.9411764706,\"974\":6.0661764706,\"975\":6.0441176471,\"976\":6.0588235294,\"977\":6.1397058824,\"978\":6.1397058824,\"979\":6.1323529412,\"980\":6.25,\"981\":6.2058823529,\"982\":6.2867647059,\"983\":6.4485294118,\"984\":6.4117647059,\"985\":6.4117647059,\"986\":6.6397058824,\"987\":6.8602941176,\"988\":6.6397058824,\"989\":6.5367647059,\"990\":6.6102941176,\"991\":7.1838235294,\"992\":7.1102941176,\"993\":6.7867647059,\"994\":6.7647058824,\"995\":6.9779411765,\"996\":6.9558823529,\"997\":7.4264705882,\"998\":7.0735294118,\"999\":7.5588235294,\"1000\":7.1911764706,\"1001\":4.4191176471,\"1002\":5.0735294118,\"1003\":4.5441176471,\"1004\":4.9852941176,\"1005\":4.8529411765,\"1006\":3.5147058824,\"1007\":3.5514705882,\"1008\":3.6323529412,\"1009\":3.5661764706,\"1010\":3.7132352941,\"1011\":3.7426470588,\"1012\":3.8970588235,\"1013\":3.9852941176,\"1014\":3.3161764706,\"1015\":3.9705882353,\"1016\":4.0220588235,\"1017\":4.3382352941,\"1018\":4.1764705882,\"1019\":4.4044117647,\"1020\":4.375,\"1021\":4.4044117647,\"1022\":4.3970588235,\"1023\":4.3382352941,\"1024\":4.1985294118,\"1025\":4.6029411765,\"1026\":4.5735294118,\"1027\":4.5735294118,\"1028\":4.5294117647,\"1029\":4.7058823529,\"1030\":4.6985294118,\"1031\":5.0808823529,\"1032\":4.7279411765,\"1033\":4.7647058824,\"1034\":4.8529411765,\"1035\":5.0367647059,\"1036\":5.1911764706,\"1037\":5.0808823529,\"1038\":5.125,\"1039\":5.1323529412,\"1040\":5.2058823529,\"1041\":5.2132352941,\"1042\":5.1544117647,\"1043\":5.3676470588,\"1044\":5.3970588235,\"1045\":5.4338235294,\"1046\":5.5073529412,\"1047\":5.9485294118,\"1048\":5.3602941176,\"1049\":5.5441176471,\"1050\":5.75,\"1051\":5.5441176471,\"1052\":5.7941176471,\"1053\":5.7205882353,\"1054\":5.7867647059,\"1055\":5.8823529412,\"1056\":5.9044117647,\"1057\":5.9411764706,\"1058\":6.0661764706,\"1059\":6.0441176471,\"1060\":6.0588235294,\"1061\":6.1397058824,\"1062\":6.1397058824,\"1063\":6.1323529412,\"1064\":6.25,\"1065\":6.2058823529,\"1066\":6.2867647059,\"1067\":6.4485294118,\"1068\":6.4117647059,\"1069\":6.4117647059,\"1070\":6.6397058824,\"1071\":6.8602941176,\"1072\":6.6397058824,\"1073\":6.5367647059,\"1074\":6.6102941176,\"1075\":7.1838235294,\"1076\":7.1102941176,\"1077\":6.7867647059,\"1078\":6.7647058824,\"1079\":6.9779411765,\"1080\":6.9558823529,\"1081\":7.4264705882,\"1082\":7.0735294118,\"1083\":7.5588235294,\"1084\":7.1911764706,\"1085\":4.4191176471,\"1086\":5.0735294118,\"1087\":4.5441176471,\"1088\":4.9852941176,\"1089\":4.8529411765,\"1090\":3.5147058824,\"1091\":3.5514705882,\"1092\":3.6323529412,\"1093\":3.5661764706,\"1094\":3.7132352941,\"1095\":3.7426470588,\"1096\":3.8970588235,\"1097\":3.9852941176,\"1098\":3.3161764706,\"1099\":3.9705882353,\"1100\":4.0220588235,\"1101\":4.3382352941,\"1102\":4.1764705882,\"1103\":4.4044117647,\"1104\":4.375,\"1105\":4.4044117647,\"1106\":4.3970588235,\"1107\":4.3382352941,\"1108\":4.1985294118,\"1109\":4.6029411765,\"1110\":4.5735294118,\"1111\":4.5735294118,\"1112\":4.5294117647,\"1113\":4.7058823529,\"1114\":4.6985294118,\"1115\":5.0808823529,\"1116\":4.7279411765}"}
