{"label":"Sawtooth_i=10","error_metrics":"RSME: 0.0006346907684813261, SMAPE: 0.00013140167620343142, MASE: 0.0016477039929931627","runtimes":"Training: 30.69 seconds","length_train_dataset":250,"length_validation_dataset":50,"parameters":"order=(0, 0, 2), seasonal_order=(2, 0, 2, 30)","prediction":"{\"250\":2.6665653531,\"251\":2.8331485709,\"252\":2.999769531,\"253\":3.1664233939,\"254\":3.3330772568,\"255\":3.4997311193,\"256\":3.666384982,\"257\":3.833038845,\"258\":3.9996927077,\"259\":4.1663465703,\"260\":4.3330004333,\"261\":4.499654296,\"262\":4.6663081589,\"263\":4.8329620218,\"264\":4.9996158846,\"265\":5.1662697472,\"266\":5.33292361,\"267\":5.4995774729,\"268\":5.6662305675,\"269\":5.8328825607,\"270\":0.9999178418,\"271\":1.1665708161,\"272\":1.3332237903,\"273\":1.4998767641,\"274\":1.6665297378,\"275\":1.8331827116,\"276\":1.9998356855,\"277\":2.1664886595,\"278\":2.3331416331,\"279\":2.4997946068,\"280\":2.6662690938,\"281\":2.8327750534,\"282\":2.9993475047,\"283\":3.1659779217,\"284\":3.3326083387,\"285\":3.4992387553,\"286\":3.6658691721,\"287\":3.8324995892,\"288\":3.999130006,\"289\":4.1657604228,\"290\":4.3323908398,\"291\":4.4990212567,\"292\":4.6656516736,\"293\":4.8322820906,\"294\":4.9989125075,\"295\":5.1655429242,\"296\":5.3321733411,\"297\":5.4988037581,\"298\":5.6654338417,\"299\":5.8320634475}"}
