{"label":"Sawtooth","mean_squared_error":0.0000001196,"runtimes":"Training: 1.35 seconds","length_train_dataset":70,"length_test_dataset":20,"parameters":"order=(4, 0, 1), seasonal_order=(2, 0, 0, 9)","prediction":"{\"70\":0.7999998704,\"71\":0.8999998454,\"72\":0.1000000468,\"73\":0.200000093,\"74\":0.3000000351,\"75\":0.3999999767,\"76\":0.4999999172,\"77\":0.5999999387,\"78\":0.6999999354,\"79\":0.7999999096,\"80\":0.8999998386,\"81\":0.1000000195,\"82\":0.2000000124,\"83\":0.300000017,\"84\":0.3999999771,\"85\":0.4999999306,\"86\":0.5999998945,\"87\":0.6999998921,\"88\":0.7999997506,\"89\":0.8999996959}"}
