{
    "label": "InfluxDB_r=6h_chained_e=200_pl=25_hst=50",
    "error_metrics": {
        "mae": 0.6917883,
        "median_ae": 0.4297097087,
        "smape": 0.1861254453,
        "rsme": 1.0542231026,
        "mase": 2.0474544324
    },
    "runtimes": "Training: 166.06 seconds",
    "length_train_dataset": 5411,
    "length_validation_dataset": 25,
    "parameters": "Epochs: 200, hyperparameters: Hyperparamters(gradient_clip_val=6.9953515571, hidden_continuous_size=40, dropout=0.1558743686, attention_head_size=3, learning_rate=0.0039810717, accelerator='auto', hidden_size=70)",
    "prediction": [
        3.1855890751,
        3.5806183815,
        3.8701710701,
        4.0836620331,
        4.2415342331,
        4.3641290665,
        4.4750967026,
        4.5861787796,
        4.691488266,
        4.7815513611,
        4.8530774117,
        4.9058337212,
        4.9386396408,
        4.9482712746,
        5.009141922,
        5.5674991608,
        5.4982337952,
        5.0967245102,
        4.5625448227,
        3.8310601711,
        2.9679636955,
        2.1860141754,
        1.6273560524,
        1.3129811287,
        1.2071993351
    ]
}