{"label":"InfluxDB_r=2h_om=lbfgs_order=ArimaOrder(order=(0, 0, 0), seasonal_order=(0, 1, 1, 84))","mean_squared_error":2.0628047253,"runtimes":"Training: 15.37 seconds","length_train_dataset":917,"length_test_dataset":200,"parameters":"order=(0, 0, 0), seasonal_order=(0, 1, 1, 84)","prediction":"{\"917\":4.0810003111,\"918\":4.2372536672,\"919\":4.1709945541,\"920\":4.395615234,\"921\":3.8667082912,\"922\":3.1538690653,\"923\":3.1153835462,\"924\":3.2113235589,\"925\":3.0721141932,\"926\":3.1780246221,\"927\":3.2812928401,\"928\":3.313003638,\"929\":3.4057846622,\"930\":3.3159471081,\"931\":3.4305785405,\"932\":3.5814880104,\"933\":3.6305863078,\"934\":3.5736173698,\"935\":3.7435610426,\"936\":3.9379757022,\"937\":3.933462555,\"938\":3.9343562507,\"939\":3.9583569251,\"940\":4.0005583556,\"941\":4.11003091,\"942\":4.1161468281,\"943\":4.1790866724,\"944\":4.1424399896,\"945\":4.3144086607,\"946\":4.2485377259,\"947\":4.3462952933,\"948\":4.4783512868,\"949\":4.5118532428,\"950\":4.5807072371,\"951\":4.6622784216,\"952\":4.7707538194,\"953\":4.7958437665,\"954\":4.7688721442,\"955\":4.8097621298,\"956\":4.8689658752,\"957\":4.993967047,\"958\":4.9665170313,\"959\":5.019182451,\"960\":5.1037434764,\"961\":5.1139896047,\"962\":5.1253017759,\"963\":5.2451956341,\"964\":5.1516776876,\"965\":5.2981664921,\"966\":5.3665353924,\"967\":5.2723618666,\"968\":5.4247833617,\"969\":5.4198456386,\"970\":5.4608761139,\"971\":5.5779789594,\"972\":5.6120398373,\"973\":5.6798494278,\"974\":5.7753949294,\"975\":5.8027621137,\"976\":5.831634979,\"977\":5.9675352121,\"978\":5.9558873854,\"979\":6.0081249247,\"980\":6.034291566,\"981\":6.0844969661,\"982\":6.1290685083,\"983\":6.2986496688,\"984\":6.2907107807,\"985\":6.2800955491,\"986\":6.4751620441,\"987\":6.4968114963,\"988\":6.5110619112,\"989\":6.5002972664,\"990\":6.5976212961,\"991\":6.7061560307,\"992\":6.8322307061,\"993\":5.4560010411,\"994\":5.34203726,\"995\":4.5681023081,\"996\":4.6013185968,\"997\":4.8295076372,\"998\":4.9336998378,\"999\":4.992064202,\"1000\":4.8385052545,\"1001\":4.0810003111,\"1002\":4.2372536672,\"1003\":4.1709945541,\"1004\":4.395615234,\"1005\":3.8667082912,\"1006\":3.1538690653,\"1007\":3.1153835462,\"1008\":3.2113235589,\"1009\":3.0721141932,\"1010\":3.1780246221,\"1011\":3.2812928401,\"1012\":3.313003638,\"1013\":3.4057846622,\"1014\":3.3159471081,\"1015\":3.4305785405,\"1016\":3.5814880104,\"1017\":3.6305863078,\"1018\":3.5736173698,\"1019\":3.7435610426,\"1020\":3.9379757022,\"1021\":3.933462555,\"1022\":3.9343562507,\"1023\":3.9583569251,\"1024\":4.0005583556,\"1025\":4.11003091,\"1026\":4.1161468281,\"1027\":4.1790866724,\"1028\":4.1424399896,\"1029\":4.3144086607,\"1030\":4.2485377259,\"1031\":4.3462952933,\"1032\":4.4783512868,\"1033\":4.5118532428,\"1034\":4.5807072371,\"1035\":4.6622784216,\"1036\":4.7707538194,\"1037\":4.7958437665,\"1038\":4.7688721442,\"1039\":4.8097621298,\"1040\":4.8689658752,\"1041\":4.993967047,\"1042\":4.9665170313,\"1043\":5.019182451,\"1044\":5.1037434764,\"1045\":5.1139896047,\"1046\":5.1253017759,\"1047\":5.2451956341,\"1048\":5.1516776876,\"1049\":5.2981664921,\"1050\":5.3665353924,\"1051\":5.2723618666,\"1052\":5.4247833617,\"1053\":5.4198456386,\"1054\":5.4608761139,\"1055\":5.5779789594,\"1056\":5.6120398373,\"1057\":5.6798494278,\"1058\":5.7753949294,\"1059\":5.8027621137,\"1060\":5.831634979,\"1061\":5.9675352121,\"1062\":5.9558873854,\"1063\":6.0081249247,\"1064\":6.034291566,\"1065\":6.0844969661,\"1066\":6.1290685083,\"1067\":6.2986496688,\"1068\":6.2907107807,\"1069\":6.2800955491,\"1070\":6.4751620441,\"1071\":6.4968114963,\"1072\":6.5110619112,\"1073\":6.5002972664,\"1074\":6.5976212961,\"1075\":6.7061560307,\"1076\":6.8322307061,\"1077\":5.4560010411,\"1078\":5.34203726,\"1079\":4.5681023081,\"1080\":4.6013185968,\"1081\":4.8295076372,\"1082\":4.9336998378,\"1083\":4.992064202,\"1084\":4.8385052545,\"1085\":4.0810003111,\"1086\":4.2372536672,\"1087\":4.1709945541,\"1088\":4.395615234,\"1089\":3.8667082912,\"1090\":3.1538690653,\"1091\":3.1153835462,\"1092\":3.2113235589,\"1093\":3.0721141932,\"1094\":3.1780246221,\"1095\":3.2812928401,\"1096\":3.313003638,\"1097\":3.4057846622,\"1098\":3.3159471081,\"1099\":3.4305785405,\"1100\":3.5814880104,\"1101\":3.6305863078,\"1102\":3.5736173698,\"1103\":3.7435610426,\"1104\":3.9379757022,\"1105\":3.933462555,\"1106\":3.9343562507,\"1107\":3.9583569251,\"1108\":4.0005583556,\"1109\":4.11003091,\"1110\":4.1161468281,\"1111\":4.1790866724,\"1112\":4.1424399896,\"1113\":4.3144086607,\"1114\":4.2485377259,\"1115\":4.3462952933,\"1116\":4.4783512868}"}
