{"label":"Sawtooth_[1,10,10]_i=1000","error_metrics":{"mae":2.4983683957,"median_ae":2.2715885639,"smape":0.5099286375,"rsme":2.8995858835,"mase":1.2496721877},"runtimes":"Training: 139.64 seconds","length_train_dataset":8964,"length_validation_dataset":36,"parameters":"Epochs: 100, hyperparameters: Hyperparamters(gradient_clip_val=5.567624753786564, hidden_continuous_size=41, dropout=0.15965296238642823, attention_head_size=1, learning_rate=0.0031622776601683794, accelerator='auto', hidden_size=104)","prediction":[5.3764514923,5.4393930435,5.4716367722,5.4857850075,5.4912157059,5.4926829338,5.4924483299,5.4915299416,5.4903707504,5.4891557693,5.4879570007,5.4867987633,5.4856853485,5.4846119881,5.4835743904,5.482565403,5.4815802574,5.4806160927,5.4796705246,5.4787392616,5.4778203964,5.476913929,5.476017952,5.4751329422,5.4742574692,5.4733920097,5.4725351334,5.4716877937,5.4708490372,5.4700193405,5.4691982269,5.4683856964,5.4675812721,5.4667854309,5.4659976959,5.4652180672]}
