{
    "label": "InfluxDB_r=1m_e=100_pl=100_hst=50",
    "error_metrics": {
        "mae": 0.1044444766,
        "median_ae": 0.0541572593,
        "smape": 0.0287502406,
        "rsme": 0.2002430742,
        "mase": 1.3107267807
    },
    "runtimes": "Training: 140.25 seconds",
    "length_train_dataset": 143901,
    "length_validation_dataset": 100,
    "parameters": "Epochs: 100, hyperparameters: Hyperparamters(gradient_clip_val=1.6087318309198866, hidden_continuous_size=12, dropout=0.16162055519867657, attention_head_size=3, learning_rate=0.056234132519034905, accelerator='auto', hidden_size=16)",
    "prediction": [
        3.6781306267,
        3.6786623001,
        3.6788241863,
        3.6788508892,
        3.6788487434,
        3.6788523197,
        3.6788654327,
        3.6788859367,
        3.6789116859,
        3.6789405346,
        3.6789717674,
        3.6790049076,
        3.6790392399,
        3.6790750027,
        3.6791112423,
        3.6791481972,
        3.6791853905,
        3.6792230606,
        3.6792607307,
        3.6792984009,
        3.679336071,
        3.6793735027,
        3.6794109344,
        3.6794481277,
        3.6794850826,
        3.6795220375,
        3.6795585155,
        3.6795949936,
        3.6796309948,
        3.6796667576,
        3.679702282,
        3.6797375679,
        3.6797726154,
        3.6798074245,
        3.6798417568,
        3.6798760891,
        3.6799099445,
        3.6799438,
        3.6799771786,
        3.6800103188,
        3.6800432205,
        3.6800758839,
        3.6801083088,
        3.6801404953,
        3.680172205,
        3.6802039146,
        3.6802353859,
        3.6802666187,
        3.6802976131,
        3.6803281307,
        3.6803586483,
        3.6803889275,
        3.6804189682,
        3.6804487705,
        3.6804785728,
        3.6805078983,
        3.6805369854,
        3.680565834,
        3.6805944443,
        3.6806230545,
        3.6806511879,
        3.6806790829,
        3.6807069778,
        3.6807346344,
        3.6807620525,
        3.6807892323,
        3.6808161736,
        3.6808428764,
        3.6808693409,
        3.6808958054,
        3.6809220314,
        3.680948019,
        3.6809737682,
        3.680999279,
        3.6810247898,
        3.6810498238,
        3.6810748577,
        3.6810998917,
        3.6811244488,
        3.6811490059,
        3.6811733246,
        3.6811974049,
        3.6812212467,
        3.6812450886,
        3.681268692,
        3.681292057,
        3.6813154221,
        3.6813385487,
        3.6813614368,
        3.681384325,
        3.6814069748,
        3.6814293861,
        3.6814515591,
        3.681473732,
        3.6814956665,
        3.681517601,
        3.6815392971,
        3.6815607548,
        3.6815822124,
        3.6816034317
    ]
}