{"label":"Sawtooth_[1,10,10]_i=50","error_metrics":{"mae":0.0000022199,"median_ae":0.0000020654,"smape":0.0000005511,"rsme":0.0000026982,"mase":0.0000011195},"runtimes":"Training: 3.28 seconds","length_train_dataset":414,"length_validation_dataset":36,"parameters":"order=(4, 0, 1), seasonal_order=(2, 0, 0, 9)","prediction":[1.0000004214,2.1249994142,3.2499980439,4.3749973927,5.4999975169,6.6249979432,7.7499990983,8.8749996415,10.0000000513,1.0000013476,2.1250002863,3.2499990464,4.3749977588,5.4999972802,6.6249972295,7.7499979789,8.8749988622,9.9999995762,1.000002074,2.1250004748,3.2499981011,4.3749960591,5.4999951039,6.6249949554,7.7499962229,8.8749975043,9.9999987771,1.0000026476,2.1250016778,3.2499998907,4.3749974821,5.4999956701,6.6249945636,7.7499947767,8.8749958749,9.9999972983]}
