{"label":"Sawtooth_[1,10,10]_i=300","error_metrics":{"mae":0.0529780388,"median_ae":0.0447921753,"smape":0.0195855362,"rsme":0.0697704799,"mase":0.0265238799},"runtimes":"Training: 259.18 seconds","length_train_dataset":2664,"length_validation_dataset":36,"parameters":"Epochs: 50, hyperparameters: Hyperparamters(gradient_clip_val=5.567624753786564, hidden_continuous_size=41, dropout=0.15965296238642823, attention_head_size=1, learning_rate=0.0031622776601683794, accelerator='auto', hidden_size=104)","prediction":[1.2312207222,2.2270054817,3.2718243599,4.358537674,5.5251598358,6.6376619339,7.7214508057,8.7482757568,10.0662574768,0.9615941048,2.1847274303,3.2889049053,4.3259148598,5.4758262634,6.6186943054,7.7378940582,8.7528858185,10.0487012863,0.9550976753,2.2054901123,3.3168823719,4.3503026962,5.5093855858,6.6439566612,7.7661790848,8.7807884216,10.0313549042,0.952776432,2.2405488491,3.3541164398,4.3795375824,5.5474758148,6.671775341,7.7946820259,8.8090963364,10.0134963989]}
