{
    "label": "Sawtooth_[1,10,10]_i=350",
    "error_metrics": {
        "mae": 0.0140255756,
        "median_ae": 0.0141973495,
        "smape": 0.0039459341,
        "rsme": 0.0168954465,
        "mase": 0.0070206813
    },
    "runtimes": "Training: 497.61 seconds",
    "length_train_dataset": 3114,
    "length_validation_dataset": 36,
    "parameters": "Epochs: 100, hyperparameters: Hyperparamters(gradient_clip_val=5.567624753786564, hidden_continuous_size=41, dropout=0.15965296238642823, attention_head_size=1, learning_rate=0.0031622776601683794, accelerator='auto', hidden_size=104)",
    "prediction": [
        0.9803380966,
        2.1242210865,
        3.2349498272,
        4.3629088402,
        5.4987745285,
        6.5782270432,
        7.7497663498,
        8.8775043488,
        10.0233726501,
        0.9859495163,
        2.1349437237,
        3.2519357204,
        4.3604636192,
        5.4836583138,
        6.5983371735,
        7.732170105,
        8.8694829941,
        10.0222444534,
        0.9852004051,
        2.1335923672,
        3.2528896332,
        4.3632693291,
        5.4856557846,
        6.5985441208,
        7.7306642532,
        8.8672199249,
        10.0212726593,
        0.9844527245,
        2.1326794624,
        3.2552771568,
        4.3667421341,
        5.487622261,
        6.5979919434,
        7.729370594,
        8.8649139404,
        10.0201034546
    ]
}