{"label":"InfluxDB_r=6h_chained_e=200_pl=20_hst=50","error_metrics":{"mae":0.349819558,"median_ae":0.2866041957,"smape":0.0691721987,"rsme":0.4227863153,"mase":1.0354664358},"runtimes":"Training: 383.74 seconds","length_train_dataset":5412,"length_validation_dataset":20,"parameters":"Epochs: 200, hyperparameters: Hyperparamters(gradient_clip_val=6.9953515571, hidden_continuous_size=40, dropout=0.1558743686, attention_head_size=3, learning_rate=0.0039810717, accelerator='auto', hidden_size=70)","prediction":[3.7228665352,3.8865237236,4.0265855789,4.1263489723,4.2013449669,4.2906398773,4.4121274948,4.5341820717,4.6182770729,4.6745405197,4.8272218704,5.3223085403,5.6061859131,5.582274437,5.5853848457,5.6216478348,5.6584444046,5.6883277893,5.7133283615,5.7366161346]}
