{"label":"InfluxDB_r=4h_e=100_pl=36_hst=0","error_metrics":{"mae":3.658436037,"median_ae":3.7706000852,"smape":1.1106399628,"rsme":3.8075064687,"mase":13.5921509758},"runtimes":"Training: 27.53 seconds","length_train_dataset":565,"length_validation_dataset":36,"parameters":"Epochs: 100, hyperparameters: Hyperparamters(gradient_clip_val=0.09050490030726796, hidden_continuous_size=12, dropout=0.22288661702971777, attention_head_size=2, learning_rate=0.6336776189720053, accelerator='auto', hidden_size=None)","prediction":[1.466347456,1.4500768185,1.4365763664,1.4258170128,1.4178147316,1.4119415283,1.407542944,1.4041175842,1.4013216496,1.3989326954,1.3968074322,1.3948569298,1.3930237293,1.3912746906,1.3895864487,1.3879480362,1.3863499165,1.3847877979,1.3832581043,1.381759882,1.3802902699,1.3788480759,1.3774328232,1.3760426044,1.3746757507,1.373332262,1.3720116615,1.3707129955,1.3694372177,1.368183136,1.3669500351,1.3657374382,1.3645453453,1.3633737564,1.3622219563,1.3610889912]}
