{"label":"Sawtooth[1,6,36], 40 intervals","error_metrics":{"mae":0.0000608312,"median_ae":0.0000541926,"smape":0.0000158876,"rsme":0.0000717303,"mase":0.0001024046},"runtimes":"Training: 35.90 seconds","length_train_dataset":1165,"length_validation_dataset":35,"parameters":"order=(4, 0, 1), seasonal_order=(2, 0, 0, 30)","prediction":[8.7586093136,9.0689431414,9.3792773232,9.6896116872,9.9999462072,1.00010667,1.3104415039,1.6207764864,1.9311116122,2.2414468762,2.5517822738,2.8621178004,3.1724534515,3.4827892228,3.7931251102,4.1034611097,4.4137972174,4.7241334295,5.0344697426,5.3448061531,5.6551426577,5.9654792531,6.2758159362,6.5861527039,6.8964895534,7.2068264819,7.5171634865,7.8275005648,8.1378377141,8.448174932,8.758512166,9.0688494655,9.3791868284,9.6895242518,9.9998617334]}
