{"label":"InfluxDB_r=2h_om=lbfgs_order=ArimaOrder(order=(0, 1, 2), seasonal_order=(2, 0, 2, 84))","mean_squared_error":4.0522616759,"runtimes":"Training: 239.40 seconds","length_train_dataset":917,"length_test_dataset":200,"parameters":"order=(0, 1, 2), seasonal_order=(2, 0, 2, 84)","prediction":"{\"917\":7.2327690975,\"918\":7.2739535791,\"919\":7.2615063013,\"920\":7.3266470704,\"921\":7.2485794231,\"922\":6.9420483348,\"923\":6.9289463103,\"924\":6.9573438479,\"925\":6.9028455096,\"926\":6.9565981921,\"927\":6.9923386031,\"928\":7.0126147524,\"929\":7.0369554871,\"930\":7.0303315762,\"931\":7.0540312104,\"932\":7.1041742168,\"933\":7.1462959863,\"934\":7.119000253,\"935\":7.1586271416,\"936\":7.2660906799,\"937\":7.2688694527,\"938\":7.2617561675,\"939\":7.2747831431,\"940\":7.289510887,\"941\":7.3247234919,\"942\":7.3349154683,\"943\":7.3538675315,\"944\":7.3384397236,\"945\":7.4267265056,\"946\":7.3900255402,\"947\":7.427922867,\"948\":7.4694314164,\"949\":7.4844551874,\"950\":7.523299336,\"951\":7.553422962,\"952\":7.5870711414,\"953\":7.6001093632,\"954\":7.5963782328,\"955\":7.6143228663,\"956\":7.6580563979,\"957\":7.6834127402,\"958\":7.6920982343,\"959\":7.7096869047,\"960\":7.7468243672,\"961\":7.748392652,\"962\":7.8218717185,\"963\":7.8623238919,\"964\":7.8402616556,\"965\":7.9124477722,\"966\":7.9312492079,\"967\":7.9002384362,\"968\":7.9579377692,\"969\":7.9553702327,\"970\":7.975894503,\"971\":8.0157483585,\"972\":8.0325815971,\"973\":8.067145675,\"974\":8.1039753644,\"975\":8.1202910062,\"976\":8.1349620769,\"977\":8.1739497019,\"978\":8.1858930953,\"979\":8.2122573983,\"980\":8.2132283626,\"981\":8.2405805534,\"982\":8.2510537386,\"983\":8.3272940467,\"984\":8.3270074846,\"985\":8.3245322823,\"986\":8.4002185434,\"987\":8.4072739253,\"988\":8.4182485355,\"989\":8.4203477818,\"990\":8.4576275344,\"991\":8.4998171658,\"992\":8.549961149,\"993\":7.8619103422,\"994\":7.8230587668,\"995\":7.4221033904,\"996\":7.4548859325,\"997\":7.5374321613,\"998\":7.5969004653,\"999\":7.6160776455,\"1000\":7.5421498825,\"1001\":7.5523759748,\"1002\":7.6185893544,\"1003\":7.5961602358,\"1004\":7.6912945077,\"1005\":7.3260978583,\"1006\":7.0993734507,\"1007\":7.0817287934,\"1008\":7.1039826924,\"1009\":7.0578643869,\"1010\":7.0846263309,\"1011\":7.1280289234,\"1012\":7.1338368245,\"1013\":7.1761901732,\"1014\":7.133651151,\"1015\":7.1815240736,\"1016\":7.2440888297,\"1017\":7.2440483137,\"1018\":7.2284745326,\"1019\":7.3195587416,\"1020\":7.3541309666,\"1021\":7.3491747591,\"1022\":7.3612671793,\"1023\":7.372783757,\"1024\":7.3958613049,\"1025\":7.4348694619,\"1026\":7.4372584827,\"1027\":7.4621612139,\"1028\":7.4532245065,\"1029\":7.4941401599,\"1030\":7.4801525692,\"1031\":7.5131275115,\"1032\":7.5884905978,\"1033\":7.6013087334,\"1034\":7.6175756847,\"1035\":7.6488171078,\"1036\":7.7015533003,\"1037\":7.7109825182,\"1038\":7.6896646927,\"1039\":7.7056150704,\"1040\":7.7105473891,\"1041\":7.7802553381,\"1042\":7.7521128432,\"1043\":7.7727512247,\"1044\":7.8013722775,\"1045\":7.8094037225,\"1046\":7.744248205,\"1047\":7.7877163195,\"1048\":7.756838557,\"1049\":7.7947402968,\"1050\":7.8244417574,\"1051\":7.7903656596,\"1052\":7.8433940339,\"1053\":7.8445281006,\"1054\":7.855866379,\"1055\":7.9061420294,\"1056\":7.9170494897,\"1057\":7.9358757938,\"1058\":7.9738679608,\"1059\":7.9776007507,\"1060\":7.9896498026,\"1061\":8.0509543811,\"1062\":8.0331934982,\"1063\":8.0479727085,\"1064\":8.0664227677,\"1065\":8.0777020489,\"1066\":8.1024012055,\"1067\":8.1579061926,\"1068\":8.1507042939,\"1069\":8.1466521126,\"1070\":8.2134274537,\"1071\":8.2197365724,\"1072\":8.228994415,\"1073\":8.2218140324,\"1074\":8.2559090144,\"1075\":8.2829398429,\"1076\":8.3346443986,\"1077\":7.943309638,\"1078\":7.916501098,\"1079\":7.6790056024,\"1080\":7.677127118,\"1081\":7.7489066935,\"1082\":7.7835139684,\"1083\":7.7992237475,\"1084\":7.7599631643,\"1085\":7.7825060612,\"1086\":7.8089585018,\"1087\":7.8005329355,\"1088\":7.8471591879,\"1089\":7.8198759847,\"1090\":7.575314659,\"1091\":7.5657668964,\"1092\":7.5882811741,\"1093\":7.5454617793,\"1094\":7.589827088,\"1095\":7.6164104132,\"1096\":7.6336335868,\"1097\":7.6502813946,\"1098\":7.6492816681,\"1099\":7.6647356275,\"1100\":7.7018411112,\"1101\":7.7389988,\"1102\":7.7166958641,\"1103\":7.7412789356,\"1104\":7.8321301994,\"1105\":7.8351454237,\"1106\":7.8274945698,\"1107\":7.8376737834,\"1108\":7.8480369914,\"1109\":7.8746550522,\"1110\":7.8833728044,\"1111\":7.8972542433,\"1112\":7.8846636965,\"1113\":7.9578781352,\"1114\":7.9270988316,\"1115\":7.9567717712,\"1116\":7.9848043031}"}
