{"label":"InfluxDB_r=2h_om=lbfgs_order=ArimaOrder(order=(0, 0, 0), seasonal_order=(0, 2, 2, 84))","mean_squared_error":2.6330060575,"runtimes":"Training: 334.68 seconds","length_train_dataset":917,"length_test_dataset":200,"parameters":"order=(0, 0, 0), seasonal_order=(0, 2, 2, 84)","prediction":"{\"917\":3.7890596083,\"918\":4.0224456096,\"919\":4.037741297,\"920\":4.369049099,\"921\":4.5291555386,\"922\":3.4167494581,\"923\":3.1906212084,\"924\":3.1200351427,\"925\":2.9484874386,\"926\":3.0668917972,\"927\":3.2071822971,\"928\":3.1830136078,\"929\":3.3766319796,\"930\":3.2786741293,\"931\":3.4168343938,\"932\":3.6631313242,\"933\":3.4860744886,\"934\":3.4960607721,\"935\":3.857430778,\"936\":4.1180126765,\"937\":3.9793041594,\"938\":3.9513656875,\"939\":3.9673672567,\"940\":3.9324871528,\"941\":4.1992411699,\"942\":4.1574132638,\"943\":4.2707746179,\"944\":4.0855661891,\"945\":4.4166400961,\"946\":4.3434012706,\"947\":4.443046684,\"948\":4.7503143483,\"949\":4.7392559965,\"950\":4.7904795315,\"951\":4.8697534218,\"952\":5.0474943724,\"953\":5.1084884085,\"954\":4.9865660177,\"955\":4.9760828205,\"956\":5.1637435699,\"957\":5.3206020689,\"958\":5.2633335464,\"959\":5.2130470424,\"960\":5.3540174054,\"961\":5.2594353707,\"962\":6.3997512062,\"963\":6.5004904965,\"964\":6.3895568252,\"965\":6.6262331552,\"966\":6.6915704674,\"967\":6.5119785764,\"968\":6.6950869242,\"969\":6.6701847951,\"970\":6.7817995799,\"971\":6.8897891431,\"972\":6.956380642,\"973\":6.9975908469,\"974\":7.0703327378,\"975\":7.1614006872,\"976\":7.2092204675,\"977\":7.4283424486,\"978\":7.4271174949,\"979\":7.5138073758,\"980\":7.4827713125,\"981\":7.5837985503,\"982\":7.6434941676,\"983\":7.8807742089,\"984\":7.8090353272,\"985\":7.6775829505,\"986\":8.1372476159,\"987\":8.0709836106,\"988\":8.1014109305,\"989\":8.0950529,\"990\":8.2012744222,\"991\":8.2935176167,\"992\":8.48971146,\"993\":6.4100253338,\"994\":6.2043037591,\"995\":4.3032347638,\"996\":4.4887906606,\"997\":4.7745234786,\"998\":5.0282196188,\"999\":5.0385783225,\"1000\":4.7101633955,\"1001\":3.7332997043,\"1002\":4.0084289009,\"1003\":4.0044628416,\"1004\":4.3782975267,\"1005\":4.7790238969,\"1006\":3.5589647539,\"1007\":3.3043790143,\"1008\":3.2338938009,\"1009\":3.0375286418,\"1010\":3.1653346306,\"1011\":3.3144971314,\"1012\":3.279964869,\"1013\":3.4999883395,\"1014\":3.3655756746,\"1015\":3.5362771067,\"1016\":3.8082306868,\"1017\":3.5930748547,\"1018\":3.6076473251,\"1019\":3.9919848533,\"1020\":4.2948541223,\"1021\":4.136266643,\"1022\":4.0928630302,\"1023\":4.0954472226,\"1024\":4.0426934025,\"1025\":4.3503003506,\"1026\":4.2848911813,\"1027\":4.4183465053,\"1028\":4.2028856724,\"1029\":4.5707399395,\"1030\":4.4916188859,\"1031\":4.5999826941,\"1032\":4.9033766654,\"1033\":4.8819718602,\"1034\":4.9303303949,\"1035\":5.0131369501,\"1036\":5.1920770104,\"1037\":5.2557144203,\"1038\":5.1308127274,\"1039\":5.1094329425,\"1040\":5.3120396763,\"1041\":5.4785640288,\"1042\":5.4156683134,\"1043\":5.3569183318,\"1044\":5.5074959216,\"1045\":5.3943909963,\"1046\":6.6848159044,\"1047\":6.7990270409,\"1048\":6.6486257729,\"1049\":6.9116134227,\"1050\":6.9842143674,\"1051\":6.774911122,\"1052\":6.9810971895,\"1053\":6.9477401618,\"1054\":7.0683058056,\"1055\":7.1778466621,\"1056\":7.2462418364,\"1057\":7.2857798317,\"1058\":7.3556969415,\"1059\":7.4584881903,\"1060\":7.4989813278,\"1061\":7.7411090232,\"1062\":7.7367989289,\"1063\":7.8304270349,\"1064\":7.7885811851,\"1065\":7.9012790978,\"1066\":7.9594155681,\"1067\":8.2082469062,\"1068\":8.1317510123,\"1069\":7.9816056411,\"1070\":8.4993715917,\"1071\":8.425461041,\"1072\":8.4402150889,\"1073\":8.4288004274,\"1074\":8.5481942354,\"1075\":8.669565502,\"1076\":8.8669961946,\"1077\":6.6864003806,\"1078\":6.4151548128,\"1079\":4.3946512927,\"1080\":4.5928145875,\"1081\":4.9361475801,\"1082\":5.1936637666,\"1083\":5.2148118589,\"1084\":4.8450558166,\"1085\":3.6775398003,\"1086\":3.9944121921,\"1087\":3.9711843861,\"1088\":4.3875459543,\"1089\":5.0288922553,\"1090\":3.7011800498,\"1091\":3.4181368202,\"1092\":3.3477524591,\"1093\":3.126569845,\"1094\":3.263777464,\"1095\":3.4218119657,\"1096\":3.3769161301,\"1097\":3.6233446995,\"1098\":3.4524772199,\"1099\":3.6557198196,\"1100\":3.9533300493,\"1101\":3.7000752207,\"1102\":3.7192338781,\"1103\":4.1265389285,\"1104\":4.4716955681,\"1105\":4.2932291265,\"1106\":4.2343603729,\"1107\":4.2235271885,\"1108\":4.1528996523,\"1109\":4.5013595312,\"1110\":4.4123690988,\"1111\":4.5659183927,\"1112\":4.3202051558,\"1113\":4.7248397828,\"1114\":4.6398365011,\"1115\":4.7569187042,\"1116\":5.0564389826}"}
