{
    "label": "InfluxDB_i=2h_pl=20",
    "error_metrics": {
        "mae": 2.0241594989,
        "median_ae": 0.8330060438,
        "smape": 0.571501331,
        "rsme": 2.6546073281,
        "mase": 10.5871651364
    },
    "runtimes": "Training: 84.49 seconds",
    "length_train_dataset": 1153,
    "length_validation_dataset": 20,
    "parameters": "order=(0, 0, 2), seasonal_order=(2, 0, 2, 43)",
    "prediction": [
        5.2370867714,
        5.0037319057,
        4.9252811948,
        4.9401348764,
        5.0595045012,
        5.0864610778,
        4.9661692557,
        4.9579067373,
        5.0137033248,
        5.1764755194,
        5.2131134543,
        5.2126520182,
        5.2329199433,
        5.3512708281,
        5.4467374042,
        5.3919495547,
        5.4124065506,
        5.4723319999,
        5.409502862,
        5.0232751863
    ]
}