{"label":"6h","error_metrics":{"mae":1.8142075071,"median_ae":1.2610370581,"smape":0.4637758956,"rsme":2.3967789348,"mase":5.5282953945},"runtimes":"Training: 15.15 seconds","length_train_dataset":301,"length_validation_dataset":100,"parameters":"order=(2, 0, 1), seasonal_order=(2, 0, 2, 28)","prediction":[1.5252576875,1.4410899236,1.6460320064,1.7810309916,1.8528247935,1.9378636519,2.1803750224,2.477970072,2.6334812115,2.8465632996,2.9788180015,3.178207121,3.50116734,3.5790672644,3.700712483,4.037541144,4.0095486288,4.3998803766,3.7234753598,4.0076116,3.9981029718,4.2433179523,2.8035822693,3.0245699475,3.1386140367,3.3296116065,2.5269882307,2.8496306304,3.0771406383,2.8658990304,3.03660183,2.9337154564,2.9544088821,2.9686434974,3.194303798,3.3983888237,3.449199277,3.6257926533,3.6900434404,3.8187485817,4.069377016,4.1400722385,4.1103256253,4.368109612,4.4256092548,4.6614384076,4.0583972981,4.0589446193,4.195055396,4.2214687558,3.3071989341,3.4813166996,3.4796671239,3.5573977003,2.4332217036,2.6306857572,2.8661295586,2.6389197164,2.8129428491,2.6350102725,2.6573006968,2.6635701334,2.8932176519,3.0668901424,3.0896429334,3.261324033,3.3116843253,3.4210014277,3.6441274785,3.7257651897,3.6465494861,3.8712959734,3.9803061528,4.1489169186,3.6264753081,3.5130495191,3.7212218632,3.6604467697,3.0457450111,3.2013524944,3.1591469673,3.1926621039,1.9948524631,2.1353744834,2.3715609467,2.158977474,2.3342273784,2.1408267732,2.1710861609,2.1815417875,2.4083538728,2.5663758455,2.5824273602,2.7495132402,2.7975252561,2.8985551085,3.1033102813,3.191375291,3.0997760974,3.3028702008]}
