{"label":"InfluxDB_r=15h_chained_e=100_pl=15_hst=50","error_metrics":{"mae":2.9574195616,"median_ae":2.1769077792,"smape":0.7637454531,"rsme":3.3380249695,"mase":4.9186577897},"runtimes":"Training: 53.99 seconds","length_train_dataset":5375,"length_validation_dataset":15,"parameters":"Epochs: 100, hyperparameters: Hyperparamters(gradient_clip_val=6.9953515571, hidden_continuous_size=40, dropout=0.1558743686, attention_head_size=3, learning_rate=0.0039810717, accelerator='auto', hidden_size=70)","prediction":[3.5373108387,3.6152100563,3.6507415771,3.6661889553,3.6725904942,3.6751675606,3.6761555672,3.6764845848,3.6765472889,3.6765129566,3.6764566898,3.6764047146,3.6763694286,3.6763570309,3.6763710976]}
