{"label":"InfluxDB_r=2h_om=lbfgs_order=ArimaOrder(order=(0, 0, 0), seasonal_order=(1, 0, 1, 84))","mean_squared_error":2.0182436378,"runtimes":"Training: 11.69 seconds","length_train_dataset":917,"length_test_dataset":200,"parameters":"order=(0, 0, 0), seasonal_order=(1, 0, 1, 84)","prediction":"{\"917\":3.9874706755,\"918\":4.1405353872,\"919\":4.0756339445,\"920\":4.2954424637,\"921\":3.7801924259,\"922\":3.082876771,\"923\":3.0450224774,\"924\":3.1402584898,\"925\":3.0040151331,\"926\":3.1076079744,\"927\":3.2086218142,\"928\":3.2395508468,\"929\":3.3304131451,\"930\":3.2422898027,\"931\":3.3546369193,\"932\":3.5023265608,\"933\":3.550064584,\"934\":3.494407161,\"935\":3.6607306086,\"936\":3.8510604204,\"937\":3.8464703206,\"938\":3.8472314396,\"939\":3.8706054165,\"940\":3.9116508028,\"941\":4.0190508651,\"942\":4.0248708682,\"943\":4.0865199688,\"944\":4.0504413661,\"945\":4.2188726548,\"946\":4.154440236,\"947\":4.2501033835,\"948\":4.3791370693,\"949\":4.4118287913,\"950\":4.4791175884,\"951\":4.5588899286,\"952\":4.6649725893,\"953\":4.6894656945,\"954\":4.6630884848,\"955\":4.7029831001,\"956\":4.7609990775,\"957\":4.8832082632,\"958\":4.8563584761,\"959\":4.9077510283,\"960\":4.9904878599,\"961\":5.0003522165,\"962\":5.0131277967,\"963\":5.1304688834,\"964\":5.0387205284,\"965\":5.1821136849,\"966\":5.2490170595,\"967\":5.1567478321,\"968\":5.3059033236,\"969\":5.3010268414,\"970\":5.3412481243,\"971\":5.4557101739,\"972\":5.4890446222,\"973\":5.5553015041,\"974\":5.6486546369,\"975\":5.6755452659,\"976\":5.7037455386,\"977\":5.8367397154,\"978\":5.8253642665,\"979\":5.8764604846,\"980\":5.9019994447,\"981\":5.9511603622,\"982\":5.9947339359,\"983\":6.1606298623,\"984\":6.1528256951,\"985\":6.1422679608,\"986\":6.3334338378,\"987\":6.3545643175,\"988\":6.3683760287,\"989\":6.3578278237,\"990\":6.4530402341,\"991\":6.5593691378,\"992\":6.6826619662,\"993\":5.3361235028,\"994\":5.2242652068,\"995\":4.4669175933,\"996\":4.4995476773,\"997\":4.7230594751,\"998\":4.8248733208,\"999\":4.8820531793,\"1000\":4.7316304093,\"1001\":3.9664311953,\"1002\":4.1186882767,\"1003\":4.0541292798,\"1004\":4.2727780019,\"1005\":3.7602466281,\"1006\":3.0666102878,\"1007\":3.0289557285,\"1008\":3.1236892378,\"1009\":2.9881647553,\"1010\":3.0912109995,\"1011\":3.1916918502,\"1012\":3.2224576889,\"1013\":3.3128405615,\"1014\":3.225182193,\"1015\":3.3369365215,\"1016\":3.4838468938,\"1017\":3.5313330322,\"1018\":3.4759692799,\"1019\":3.6414151388,\"1020\":3.8307406949,\"1021\":3.8261748143,\"1022\":3.8269319174,\"1023\":3.8501825638,\"1024\":3.8910113784,\"1025\":3.9978447552,\"1026\":4.0036340497,\"1027\":4.0649578651,\"1028\":4.0290696275,\"1029\":4.1966122057,\"1030\":4.132519758,\"1031\":4.2276781487,\"1032\":4.3560310015,\"1033\":4.388550229,\"1034\":4.4554839836,\"1035\":4.5348354132,\"1036\":4.6403583397,\"1037\":4.6647222096,\"1038\":4.6384841764,\"1039\":4.6781682919,\"1040\":4.7358781539,\"1041\":4.8574425154,\"1042\":4.8307343984,\"1043\":4.8818557831,\"1044\":4.9641560623,\"1045\":4.9739683706,\"1046\":4.9866765419,\"1047\":5.1033984903,\"1048\":5.0121342361,\"1049\":5.1547707933,\"1050\":5.2213211591,\"1051\":5.1295387808,\"1052\":5.2779072687,\"1053\":5.2730565168,\"1054\":5.3130655761,\"1055\":5.4269236785,\"1056\":5.4600822409,\"1057\":5.5259895252,\"1058\":5.6188500898,\"1059\":5.6455988332,\"1060\":5.67365031,\"1061\":5.8059427567,\"1062\":5.7946273291,\"1063\":5.8454539433,\"1064\":5.8708581497,\"1065\":5.9197596747,\"1066\":5.9631033369,\"1067\":6.1281239304,\"1068\":6.120360941,\"1069\":6.1098589136,\"1070\":6.3000161235,\"1071\":6.3210351104,\"1072\":6.3347739455,\"1073\":6.3242813969,\"1074\":6.4189914289,\"1075\":6.524759299,\"1076\":6.6474015854,\"1077\":5.3079679941,\"1078\":5.196699907,\"1079\":4.4433483606,\"1080\":4.4758062753,\"1081\":4.698138736,\"1082\":4.7994153714,\"1083\":4.8562935262,\"1084\":4.7066644465,\"1085\":3.9455027277,\"1086\":4.0969564402,\"1087\":4.0327380823,\"1088\":4.2502331268,\"1089\":3.7404060722,\"1090\":3.050429633,\"1091\":3.0129737541,\"1092\":3.1072074118,\"1093\":2.9723980103,\"1094\":3.0749005415,\"1095\":3.1748512153,\"1096\":3.2054547212,\"1097\":3.2953606979,\"1098\":3.2081648497,\"1099\":3.3193295181,\"1100\":3.4654647328,\"1101\":3.5127003155,\"1102\":3.4576286843,\"1103\":3.6222015852,\"1104\":3.8105281843,\"1105\":3.8059863951,\"1106\":3.8067395034,\"1107\":3.8298674702,\"1108\":3.8704808557,\"1109\":3.9767505372,\"1110\":3.9825092851,\"1111\":4.0435095317,\"1112\":4.0078106547,\"1113\":4.1744692116,\"1114\":4.1107149412,\"1115\":4.2053712384,\"1116\":4.3330468505}"}
