{
    "label": "InfluxDB_r=5h",
    "mean_squared_error": 0.9175786147,
    "runtimes": "Training: 0.01 seconds , order study: 12.66 seconds)",
    "length_train_dataset": 427,
    "length_test_dataset": 20,
    "parameters": "order=(0, 1, 0), seasonal_order=(0, 0, 0, 33)",
    "prediction": "{\"427\":2.7495881384,\"428\":2.7495881384,\"429\":2.7495881384,\"430\":2.7495881384,\"431\":2.7495881384,\"432\":2.7495881384,\"433\":2.7495881384,\"434\":2.7495881384,\"435\":2.7495881384,\"436\":2.7495881384,\"437\":2.7495881384,\"438\":2.7495881384,\"439\":2.7495881384,\"440\":2.7495881384,\"441\":2.7495881384,\"442\":2.7495881384,\"443\":2.7495881384,\"444\":2.7495881384,\"445\":2.7495881384,\"446\":2.7495881384}"
}