{"label":"","error_metrics":{"mae":2.187572327,"median_ae":1.1608651947,"smape":0.4936956893,"rsme":2.6781324961,"mase":11.3364111767},"runtimes":"Training: 7.27 seconds , hyperparameter study: 238.56 seconds)","length_train_dataset":5433,"length_validation_dataset":14,"parameters":"Epochs: 1, hyperparameters: Hyperparamters(gradient_clip_val=1.4684560927124086, hidden_continuous_size=27, dropout=0.23742047212419193, attention_head_size=3, learning_rate=0.025118864315095815, accelerator='auto', hidden_size=38)","prediction":[6.0045733452,6.021985054,6.0249662399,6.0238804817,6.0218915939,6.0199117661,6.0181422234,6.0165786743,6.0151734352,6.0138816833,6.012670517,6.0115180016,6.0104107857,6.0093402863]}
