{
    "label": "Sawtooth_[1,6,36]_i=40",
    "error_metrics": {
        "mae": 0.7667318989,
        "median_ae": 0.1183418241,
        "smape": 0.1484266653,
        "rsme": 1.5705835656,
        "mase": 1.2902043983
    },
    "runtimes": "Training: 154.11 seconds",
    "length_train_dataset": 1164,
    "length_validation_dataset": 36,
    "parameters": "Epochs: 50, hyperparameters: Hyperparamters(gradient_clip_val=0.01565726380636608, hidden_continuous_size=10, dropout=0.21608714783830352, attention_head_size=1, learning_rate=0.005623413251903493, accelerator='auto', hidden_size=223)",
    "prediction": [
        8.3142795563,
        8.6405124664,
        8.6944980621,
        8.4362955093,
        7.5987129211,
        5.7545080185,
        3.758967638,
        2.6854932308,
        2.3217446804,
        2.2888367176,
        2.3965468407,
        2.5840857029,
        2.8366682529,
        3.1312980652,
        3.4476275444,
        3.7755784988,
        4.1093854904,
        4.4427495003,
        4.7677836418,
        5.0778889656,
        5.3694849014,
        5.6425180435,
        5.9015703201,
        6.157286644,
        6.4293470383,
        6.7430620193,
        7.1140174866,
        7.5226869583,
        7.9090242386,
        8.2036447525,
        8.3594369888,
        8.3376665115,
        8.0621070862,
        7.3427662849,
        5.8808631897,
        4.0629405975
    ]
}