{
    "label": "Sawtooth_i=20_om=lbfgs",
    "error_metrics": "RSME: 4.411654210475238e-06, SMAPE: 5.734683645945591e-07, MASE: 1.8890113504437084e-06",
    "runtimes": "Training: 2.70 seconds",
    "length_train_dataset": 155,
    "length_validation_dataset": 25,
    "parameters": "order=(4, 0, 1), seasonal_order=(2, 0, 0, 9)",
    "prediction": "{\"155\":3.0000016161,\"156\":4.0000006342,\"157\":4.9999981147,\"158\":5.9999972809,\"159\":6.9999971691,\"160\":7.9999962536,\"161\":8.9999948982,\"162\":1.0000011581,\"163\":2.0000005,\"164\":2.9999996183,\"165\":3.9999986009,\"166\":4.9999977083,\"167\":5.9999968981,\"168\":6.9999960289,\"169\":7.9999951196,\"170\":8.9999942469,\"171\":1.0000005727,\"172\":1.9999997138,\"173\":3.0000004589,\"174\":3.9999986206,\"175\":4.9999952565,\"176\":5.9999935744,\"177\":6.999992612,\"178\":7.9999908515,\"179\":8.9999886562}"
}