{
    "label": "Sawtooth_[1,6,36]_i=10",
    "error_metrics": {
        "mae": 0.0000203453,
        "median_ae": 0.0000186892,
        "smape": 0.0000049808,
        "rsme": 0.0000240397,
        "mase": 0.0000354036
    },
    "runtimes": "Training: 15.51 seconds",
    "length_train_dataset": 264,
    "length_validation_dataset": 36,
    "parameters": "order=(4, 0, 1), seasonal_order=(2, 0, 0, 30)",
    "prediction": [
        8.4482721131,
        8.7586133506,
        9.0689546783,
        9.3792960491,
        9.6896374758,
        9.999978953,
        1.0000329609,
        1.3103745354,
        1.620716156,
        1.9310578212,
        2.2413995293,
        2.5517412789,
        2.8620830686,
        3.172424897,
        3.4827667627,
        3.7931086646,
        4.1034506013,
        4.4137925717,
        4.7241345746,
        5.0344766089,
        5.3448186735,
        5.6551607674,
        5.9655028895,
        6.275845039,
        6.5861872148,
        6.896529416,
        7.2068716419,
        7.5172138914,
        7.8275561639,
        8.1378984585,
        8.4482407635,
        8.7585830896,
        9.0689254358,
        9.3792678015,
        9.6896101859,
        9.9999525884
    ]
}