{
    "label": "Sawtooth_[1,6,36]_i=500_e=100",
    "error_metrics": {
        "mae": 0.0926490575,
        "median_ae": 0.0882655999,
        "smape": 0.0157521724,
        "rsme": 0.1087092094,
        "mase": 0.1545297662
    },
    "runtimes": "Training: 303.95 seconds",
    "length_train_dataset": 14964,
    "length_validation_dataset": 36,
    "parameters": "Epochs: 100, hyperparameters: Hyperparamters(gradient_clip_val=0.01565726380636608, hidden_continuous_size=10, dropout=0.21608714783830352, attention_head_size=1, learning_rate=0.005623413251903493, accelerator='auto', hidden_size=223)",
    "prediction": [
        8.5042829514,
        8.8161849976,
        9.0728759766,
        9.3255004883,
        9.5953235626,
        9.842256546,
        0.9814424515,
        1.2523503304,
        1.5855674744,
        1.9384534359,
        2.2461647987,
        2.5290484428,
        2.8268272877,
        3.1450521946,
        3.4569787979,
        3.7415363789,
        4.0248155594,
        4.3315935135,
        4.6520581245,
        4.9553871155,
        5.2336730957,
        5.5092368126,
        5.8075208664,
        6.1349277496,
        6.4650912285,
        6.7711296082,
        7.0708518028,
        7.3885917664,
        7.7188005447,
        8.0376768112,
        8.3129787445,
        8.577047348,
        8.8888874054,
        9.2058725357,
        9.5156383514,
        9.8072090149
    ]
}