{"label":"InfluxDB_r=2h_om=lbfgs_order=ArimaOrder(order=(0, 1, 1), seasonal_order=(2, 0, 2, 84))","mean_squared_error":4.0509751874,"runtimes":"Training: 216.21 seconds","length_train_dataset":917,"length_test_dataset":200,"parameters":"order=(0, 1, 1), seasonal_order=(2, 0, 2, 84)","prediction":"{\"917\":7.2368310436,\"918\":7.2751767863,\"919\":7.2625912405,\"920\":7.3276900776,\"921\":7.2482846979,\"922\":6.9442431482,\"923\":6.9311449662,\"924\":6.9594305347,\"925\":6.9052805531,\"926\":6.9584576428,\"927\":6.9940386714,\"928\":7.0140157421,\"929\":7.0384199809,\"930\":7.0313320734,\"931\":7.0552529757,\"932\":7.1052240447,\"933\":7.146594281,\"934\":7.1195954506,\"935\":7.1594321813,\"936\":7.2656833823,\"937\":7.2683287848,\"938\":7.2613666042,\"939\":7.2742253803,\"940\":7.2888477379,\"941\":7.3239994759,\"942\":7.3339607339,\"943\":7.3528989139,\"944\":7.337549434,\"945\":7.4249317778,\"946\":7.3886565339,\"947\":7.4263010818,\"948\":7.4676907736,\"949\":7.482562468,\"950\":7.5209295658,\"951\":7.5508758232,\"952\":7.5844399572,\"953\":7.5973358011,\"954\":7.5935076992,\"955\":7.6112801441,\"956\":7.6543955296,\"957\":7.6799640487,\"958\":7.6882670178,\"959\":7.7057548861,\"960\":7.7425837091,\"961\":7.7441463406,\"962\":7.8162946962,\"963\":7.8565835517,\"964\":7.8343903738,\"965\":7.9058626037,\"966\":7.9246704012,\"967\":7.893737649,\"968\":7.9510917278,\"969\":7.9485402933,\"970\":7.9688680405,\"971\":8.0085369132,\"972\":8.0252009744,\"973\":8.0593844432,\"974\":8.095954256,\"975\":8.1120844001,\"976\":8.1265919692,\"977\":8.1655723134,\"978\":8.1771590113,\"979\":8.203253125,\"980\":8.204352201,\"981\":8.2314033134,\"982\":8.2419173598,\"983\":8.317477935,\"984\":8.3171403295,\"985\":8.3146154952,\"986\":8.3898751421,\"987\":8.3968873785,\"988\":8.4076828493,\"989\":8.4096589204,\"990\":8.4467036568,\"991\":8.4886289907,\"992\":8.5384239017,\"993\":7.857432062,\"994\":7.8186382947,\"995\":7.4218824757,\"996\":7.4541398746,\"997\":7.5362914416,\"998\":7.5950456526,\"999\":7.6141577197,\"1000\":7.5409104318,\"1001\":7.5514505771,\"1002\":7.6167641998,\"1003\":7.5944898349,\"1004\":7.6886193265,\"1005\":7.3296050592,\"1006\":7.1043721411,\"1007\":7.0868803597,\"1008\":7.1091036142,\"1009\":7.0633114031,\"1010\":7.0900120627,\"1011\":7.1329538374,\"1012\":7.1387825819,\"1013\":7.1806663361,\"1014\":7.1385908006,\"1015\":7.1860000962,\"1016\":7.2479308047,\"1017\":7.2480975085,\"1018\":7.2325899661,\"1019\":7.3224807696,\"1020\":7.3572968739,\"1021\":7.3523952212,\"1022\":7.3641926938,\"1023\":7.3755507282,\"1024\":7.3982676011,\"1025\":7.4370175993,\"1026\":7.4393505465,\"1027\":7.4640260462,\"1028\":7.4550526607,\"1029\":7.495966035,\"1030\":7.4819615727,\"1031\":7.5146959994,\"1032\":7.5889940101,\"1033\":7.6016760938,\"1034\":7.6179169865,\"1035\":7.6488586976,\"1036\":7.7009424848,\"1037\":7.7102763166,\"1038\":7.6893091166,\"1039\":7.7050821485,\"1040\":7.7102329158,\"1041\":7.7789838455,\"1042\":7.7513408177,\"1043\":7.7717556398,\"1044\":7.8001608607,\"1045\":7.808030283,\"1046\":7.7447937148,\"1047\":7.7878967015,\"1048\":7.7571899825,\"1049\":7.7950030225,\"1050\":7.8243826035,\"1051\":7.7905728812,\"1052\":7.84318583,\"1053\":7.8442613077,\"1054\":7.8555691669,\"1055\":7.9052822341,\"1056\":7.9161201297,\"1057\":7.9348511478,\"1058\":7.9724463743,\"1059\":7.976263673,\"1060\":7.9881782534,\"1061\":8.0487911887,\"1062\":8.0313840314,\"1063\":8.046092728,\"1064\":8.0642444574,\"1065\":8.0755375605,\"1066\":8.0998955026,\"1067\":8.1550127002,\"1068\":8.1479225474,\"1069\":8.1438749482,\"1070\":8.2102041398,\"1071\":8.2164698598,\"1072\":8.2255620733,\"1073\":8.2184887947,\"1074\":8.2523089386,\"1075\":8.2793152146,\"1076\":8.3304771735,\"1077\":7.9409272918,\"1078\":7.9141002945,\"1079\":7.6779625638,\"1080\":7.6763330543,\"1081\":7.7477055714,\"1082\":7.7820449054,\"1083\":7.7977113181,\"1084\":7.7585160646,\"1085\":7.7811062062,\"1086\":7.8073758386,\"1087\":7.7988500534,\"1088\":7.8453721115,\"1089\":7.8166811721,\"1090\":7.5747706059,\"1091\":7.565243858,\"1092\":7.5876034244,\"1093\":7.5451713449,\"1094\":7.5889399061,\"1095\":7.6153447219,\"1096\":7.6322700278,\"1097\":7.6489523569,\"1098\":7.6475435458,\"1099\":7.6631653621,\"1100\":7.7000627369,\"1101\":7.7364807218,\"1102\":7.714482914,\"1103\":7.7392421563,\"1104\":7.8288237718,\"1105\":7.8317168635,\"1106\":7.8242295007,\"1107\":7.8342500755,\"1108\":7.8445189593,\"1109\":7.8710272531,\"1110\":7.8795326794,\"1111\":7.8933777352,\"1112\":7.8808894906,\"1113\":7.9531517281,\"1114\":7.9228109678,\"1115\":7.9522059307,\"1116\":7.9801243577}"}
