{
    "label": "Influx DB, 4h resolution, 1 season chained",
    "error_metrics": {
        "mae": 0.0007489352,
        "median_ae": 0.0005310183,
        "smape": 0.0001631632,
        "rsme": 0.0009615999,
        "mase": 0.0014605892
    },
    "runtimes": "Training: 11.08 seconds , order study: 268.49 seconds)",
    "length_train_dataset": 402,
    "length_validation_dataset": 200,
    "parameters": "order=(2, 0, 1), seasonal_order=(1, 0, 0, 43)",
    "prediction": [
        4.5759089366,
        5.1468307609,
        4.9965742196,
        5.3571633945,
        5.6425959019,
        5.9280662668,
        6.2134987844,
        6.9346581777,
        6.6491878273,
        6.934658172,
        7.17501943,
        7.5506323242,
        7.8210411122,
        8.2116777562,
        8.2116588753,
        8.1515827107,
        8.4820865588,
        8.6022955034,
        8.842656802,
        8.9929132564,
        9.0830369656,
        9.0830558103,
        9.9994863269,
        9.6088874029,
        9.6839873724,
        9.8192200364,
        9.8492487362,
        1.0303204597,
        2.442535085,
        1.1354867736,
        1.0002541341,
        1.1655342878,
        1.5110619768,
        1.7063896403,
        1.6913471006,
        2.3824588323,
        2.6077964619,
        2.8932666649,
        3.0885567847,
        3.1336468184,
        3.5693171074,
        3.8397635303,
        4.2003150297,
        4.5758767699,
        5.1467311595,
        4.9965061603,
        5.3570458539,
        5.6424727247,
        5.9279000269,
        6.2133268978,
        6.9344060698,
        6.6489787665,
        6.9344060684,
        7.1747655047,
        7.5503276762,
        7.8207320692,
        8.2113167188,
        8.211316503,
        8.1512268043,
        8.4817211106,
        8.6019011511,
        8.8422605879,
        8.9924855848,
        9.082620239,
        9.082620453,
        9.9989914124,
        9.6084071912,
        9.6835193673,
        9.8187218856,
        9.848766627,
        1.0305720939,
        2.4426848366,
        1.1357294404,
        1.000526921,
        1.1657743955,
        1.511291181,
        1.7065836119,
        1.691560919,
        2.3825951328,
        2.6079320924,
        2.8933593927,
        3.0886513959,
        3.1337190437,
        3.5693706993,
        3.8397755211,
        4.2003147855,
        4.5758259672,
        5.1466501709,
        4.9964194779,
        5.3569469178,
        5.6423309393,
        5.9277523855,
        6.2131364171,
        6.9341725578,
        6.6487511246,
        6.9341725507,
        7.1744930123,
        7.5500416087,
        7.8204044737,
        8.2109742567,
        8.210955591,
        8.1508894628,
        8.4813371347,
        8.6015253569,
        8.8418458586,
        8.9920764642,
        9.0821850088,
        9.0822036374,
        9.9984780109,
        9.6079455151,
        9.683032883,
        9.818242262,
        9.8482660497,
        1.0308421814,
        2.4428160762,
        1.1359905513,
        1.0007811953,
        1.1660329377,
        1.5115018863,
        1.7067960121,
        1.6917562497,
        2.3827498569,
        2.6080492517,
        2.8934705379,
        3.0887275493,
        3.1338096782,
        3.5694058468,
        3.8398059163,
        4.2002961114,
        4.5757935644,
        5.1465507692,
        4.9963511887,
        5.3568295799,
        5.6422075418,
        5.9275863565,
        6.2129643186,
        6.9339206753,
        6.6485418582,
        6.9339206724,
        7.1742388893,
        7.5497371948,
        7.8200952424,
        8.2106134629,
        8.2106130362,
        8.1505337991,
        8.4809715081,
        8.6011312537,
        8.8414494714,
        8.9916490473,
        9.0817681128,
        9.0817685359,
        9.9979829404,
        9.6074655668,
        9.6825647175,
        9.8177443774,
        9.8477837826,
        1.0310939539,
        2.4429655622,
        1.1362333578,
        1.0010536957,
        1.1662731855,
        1.5117308116,
        1.7069901316,
        1.6919697919,
        2.3828863149,
        2.6081846195,
        2.8935634305,
        3.0888219048,
        3.1338820717,
        3.5694591902,
        3.8398180855,
        4.200295628,
        4.5757429506,
        5.1464695553,
        4.9962647014,
        5.3567304215,
        5.6420659606,
        5.9274385014,
        6.2127740504,
        6.9336869643,
        6.6483144351,
        6.9336869559,
        7.1739666231,
        7.5494509375,
        7.8197678824,
        8.2102708207,
        8.2102523653,
        8.1501962767,
        8.480587777,
        8.6007552854,
        8.8410349922,
        8.9912397584,
        9.0813331361,
        9.0813515534,
        9.9974698056,
        9.6070037316,
        9.6820784952,
        9.8172645978,
        9.8472834696,
        1.0313637577
    ]
}