{"label":"Sawtooth_[1,6,36]_i=100","error_metrics":{"mae":0.0001281603,"median_ae":0.0001172274,"smape":0.0000315558,"rsme":0.0001513428,"mase":0.0002144039},"runtimes":"Training: 46.81 seconds","length_train_dataset":2964,"length_validation_dataset":36,"parameters":"order=(4, 0, 1), seasonal_order=(2, 0, 0, 30)","prediction":[8.4482517952,8.7585735433,9.0688961339,9.3792194925,9.689542987,9.9998668258,1.0002094541,1.3105338685,1.6208585565,1.9311835144,2.2415087309,2.5518341983,2.8621599079,3.1724858518,3.4828120219,3.7931384109,4.1034650113,4.4137918161,4.7241188185,5.0344460119,5.3447733898,5.6551009462,5.9654286751,6.2757565706,6.5860846272,6.8964128396,7.2067412025,7.5170697109,7.8273983599,8.1377271449,8.4480559101,8.7583848085,9.068713835,9.3790429849,9.6893722504,9.9997016288]}
