{
    "label": "InfluxDB_r=12h",
    "mean_squared_error": 1.7646421492,
    "runtimes": "Training: 0.23 seconds , order study: 13.63 seconds)",
    "length_train_dataset": 168,
    "length_test_dataset": 20,
    "parameters": "order=(2, 0, 0), seasonal_order=(1, 0, 0, 16)",
    "prediction": "{\"168\":6.7037868676,\"169\":6.5045737203,\"170\":6.4064356433,\"171\":6.2928172489,\"172\":4.6397675613,\"173\":4.4481155783,\"174\":4.7559444799,\"175\":4.7733988046,\"176\":4.5441000055,\"177\":4.5092991821,\"178\":4.4029671315,\"179\":4.4675762329,\"180\":4.4524173742,\"181\":4.515878222,\"182\":4.3346334508,\"183\":4.3251615562,\"184\":4.1772400408,\"185\":4.0178217036,\"186\":3.8891519224,\"187\":3.7610649728}"
}