{"label":"InfluxDB_r=2h_om=lbfgs_order=ArimaOrder(order=(0, 0, 4), seasonal_order=(4, 0, 4, 84))","mean_squared_error":1.6699912158,"runtimes":"Training: 1970.05 seconds","length_train_dataset":917,"length_test_dataset":200,"parameters":"order=(0, 0, 4), seasonal_order=(4, 0, 4, 84)","prediction":"{\"917\":6.6541220553,\"918\":5.9712271325,\"919\":5.2543945138,\"920\":4.7742076454,\"921\":4.39740953,\"922\":3.2493410625,\"923\":3.2095258765,\"924\":3.1953082116,\"925\":3.1290929591,\"926\":3.2349708938,\"927\":3.3058938441,\"928\":3.4262919452,\"929\":3.4219331876,\"930\":3.4050100554,\"931\":3.5096566908,\"932\":3.4787978535,\"933\":3.7310038285,\"934\":3.6849519644,\"935\":3.7987887387,\"936\":3.9320045671,\"937\":3.9877606389,\"938\":3.9632841238,\"939\":4.0156474617,\"940\":4.0882224182,\"941\":4.0499826033,\"942\":4.198937111,\"943\":4.1451111673,\"944\":4.1988496507,\"945\":4.3771980265,\"946\":4.2659825845,\"947\":4.4192283286,\"948\":4.4553686829,\"949\":4.465585022,\"950\":4.6057706667,\"951\":4.7160001385,\"952\":4.8403920746,\"953\":4.8499187749,\"954\":4.823380597,\"955\":4.8670763241,\"956\":4.9885020196,\"957\":4.9796567343,\"958\":4.9950541238,\"959\":5.1366759033,\"960\":5.2111434908,\"961\":5.2361333335,\"962\":4.9643460774,\"963\":5.1210393943,\"964\":5.0800027155,\"965\":5.2543508835,\"966\":5.3161634726,\"967\":5.2207074202,\"968\":5.3602773112,\"969\":5.3133030633,\"970\":5.352821035,\"971\":5.4420908208,\"972\":5.4677814395,\"973\":5.5936010497,\"974\":5.7060243885,\"975\":5.6549793578,\"976\":5.7333233158,\"977\":5.753541527,\"978\":5.7949257351,\"979\":5.8919573759,\"980\":5.8784961478,\"981\":5.89685488,\"982\":5.948343652,\"983\":6.0548923567,\"984\":6.1018782981,\"985\":6.1229919922,\"986\":6.1945951714,\"987\":6.2563688379,\"988\":6.2987957043,\"989\":6.2768725451,\"990\":6.3229391175,\"991\":6.491084504,\"992\":6.5846014958,\"993\":5.8145602186,\"994\":5.880496238,\"995\":4.4449349661,\"996\":4.5399711918,\"997\":4.6329936274,\"998\":4.7927226325,\"999\":4.8986154493,\"1000\":4.6107065667,\"1001\":4.5702571257,\"1002\":4.4951402461,\"1003\":4.3546625322,\"1004\":4.4819876128,\"1005\":2.9366510939,\"1006\":2.3143156564,\"1007\":2.2898587384,\"1008\":2.2189408947,\"1009\":2.178681021,\"1010\":2.2204113168,\"1011\":2.3098221832,\"1012\":2.3666893837,\"1013\":2.4796024355,\"1014\":2.435722244,\"1015\":2.4400924211,\"1016\":2.6462608847,\"1017\":2.6974520659,\"1018\":2.6046306404,\"1019\":2.7545444665,\"1020\":2.7392413741,\"1021\":2.7668227869,\"1022\":2.8454444065,\"1023\":2.9158808802,\"1024\":2.9641970347,\"1025\":3.0863252384,\"1026\":3.0965739446,\"1027\":3.1451619353,\"1028\":3.1245677137,\"1029\":3.1519660876,\"1030\":3.160318842,\"1031\":3.2468127166,\"1032\":3.4251013956,\"1033\":3.4838751835,\"1034\":3.5324831109,\"1035\":3.6215585995,\"1036\":3.6788326594,\"1037\":3.6949213884,\"1038\":3.7015876068,\"1039\":3.7528431016,\"1040\":3.7653233054,\"1041\":3.9835377137,\"1042\":3.8923990626,\"1043\":3.9729348235,\"1044\":4.0203517438,\"1045\":4.0837888225,\"1046\":3.8051434088,\"1047\":3.8742094415,\"1048\":3.8545180497,\"1049\":3.9382430129,\"1050\":4.011010219,\"1051\":3.944658224,\"1052\":4.0602683042,\"1053\":4.0696466466,\"1054\":4.0648251707,\"1055\":4.1755740575,\"1056\":4.2161689599,\"1057\":4.2636794488,\"1058\":4.3724414191,\"1059\":4.3518709352,\"1060\":4.4119569912,\"1061\":4.4395087293,\"1062\":4.5049566737,\"1063\":4.5264359078,\"1064\":4.5650846081,\"1065\":4.5873812813,\"1066\":4.6014247735,\"1067\":4.729469839,\"1068\":4.7255898641,\"1069\":4.7197947186,\"1070\":4.8449935195,\"1071\":4.8316402489,\"1072\":4.8767632301,\"1073\":4.8910866998,\"1074\":4.9450320109,\"1075\":4.8913059351,\"1076\":5.0062792041,\"1077\":4.4064435833,\"1078\":4.3792603216,\"1079\":3.7717097671,\"1080\":3.7694445214,\"1081\":3.7489604939,\"1082\":3.9013633637,\"1083\":3.9006885727,\"1084\":3.8379105735,\"1085\":3.7922283397,\"1086\":3.6416140244,\"1087\":3.5678118283,\"1088\":3.5967585809,\"1089\":3.1992422027,\"1090\":2.9281199658,\"1091\":2.9574615126,\"1092\":3.0429258103,\"1093\":2.9032353798,\"1094\":3.0292775012,\"1095\":3.1096927314,\"1096\":3.1171472817,\"1097\":3.150325656,\"1098\":3.2550388243,\"1099\":3.1983678824,\"1100\":3.3228619105,\"1101\":3.3817854038,\"1102\":3.3379698667,\"1103\":3.3920408782,\"1104\":3.679294484,\"1105\":3.6943506359,\"1106\":3.6980225358,\"1107\":3.74052705,\"1108\":3.8287857878,\"1109\":3.8326126548,\"1110\":3.8515545212,\"1111\":3.9093240371,\"1112\":3.9027865974,\"1113\":4.072897564,\"1114\":3.982742653,\"1115\":3.9959907295,\"1116\":4.1745929085}"}
