{"label":"Sawtooth_i=70_om=lbfgs","error_metrics":"RSME: 1.6462889812735749e-06, SMAPE: 2.44134282529449e-07, MASE: 7.658859421476246e-07","runtimes":"Training: 4.89 seconds","length_train_dataset":605,"length_validation_dataset":25,"parameters":"order=(4, 0, 1), seasonal_order=(2, 0, 0, 9)","prediction":"{\"605\":2.9999999677,\"606\":3.9999991921,\"607\":4.9999990615,\"608\":5.9999989415,\"609\":6.9999985413,\"610\":7.9999983642,\"611\":8.9999981983,\"612\":0.9999997787,\"613\":1.999999584,\"614\":2.9999993959,\"615\":3.999999168,\"616\":4.9999989665,\"617\":5.9999987682,\"618\":6.9999985551,\"619\":7.9999983509,\"620\":8.9999981482,\"621\":0.9999997924,\"622\":1.9999995872,\"623\":2.9999993503,\"624\":3.9999983685,\"625\":4.9999980323,\"626\":5.999997707,\"627\":6.9999971009,\"628\":7.9999967181,\"629\":8.9999963466}"}
