{
    "label": "Sawtooth_i=100_e=100_pl=36",
    "error_metrics": {
        "mae": 0.1015207133,
        "median_ae": 0.0951809061,
        "smape": 0.0179639515,
        "rsme": 0.1284315161,
        "mase": 0.1698376327
    },
    "runtimes": "Training: 429.85 seconds",
    "length_train_dataset": 2964,
    "length_validation_dataset": 36,
    "parameters": "Epochs: 100, hyperparameters: Hyperparamters(gradient_clip_val=0.01565726380636608, hidden_continuous_size=10, dropout=0.21608714783830352, attention_head_size=1, learning_rate=0.005623413251903493, accelerator='auto', hidden_size=223)",
    "prediction": [
        8.3337364197,
        8.7467689514,
        9.0912847519,
        9.3657207489,
        9.5772838593,
        9.7729005814,
        1.0291934013,
        1.303003788,
        1.6496403217,
        2.0370750427,
        2.3677401543,
        2.6550240517,
        2.9178259373,
        3.195753336,
        3.4861664772,
        3.768504858,
        4.0559082031,
        4.3565392494,
        4.6643829346,
        4.9655656815,
        5.2535924911,
        5.534968853,
        5.8230195045,
        6.1402659416,
        6.4969182014,
        6.8459396362,
        7.1452608109,
        7.4181146622,
        7.7003474236,
        8.0111131668,
        8.3347740173,
        8.5990343094,
        8.8308811188,
        9.1165676117,
        9.399772644,
        9.6968307495
    ]
}