{"label":"InfluxDB_r=2h_om=lbfgs_order=ArimaOrder(order=(2, 0, 1), seasonal_order=(2, 0, 2, 84))","mean_squared_error":2.0109179439,"runtimes":"Training: 333.18 seconds","length_train_dataset":917,"length_test_dataset":200,"parameters":"order=(2, 0, 1), seasonal_order=(2, 0, 2, 84)","prediction":"{\"917\":7.1906539101,\"918\":7.1847316334,\"919\":7.1318653421,\"920\":7.1561235945,\"921\":6.992366168,\"922\":6.6348808068,\"923\":6.5795721313,\"924\":6.5647319878,\"925\":6.468007686,\"926\":6.4820580589,\"927\":6.4800099545,\"928\":6.4609399249,\"929\":6.4465297072,\"930\":6.4035356157,\"931\":6.3863066241,\"932\":6.4000608074,\"933\":6.405635765,\"934\":6.3396908493,\"935\":6.346699881,\"936\":6.4160488342,\"937\":6.3827140483,\"938\":6.3410807291,\"939\":6.3200099025,\"940\":6.3026922967,\"941\":6.2997046573,\"942\":6.277003739,\"943\":6.2605226149,\"944\":6.2120596253,\"945\":6.2656245991,\"946\":6.1934023313,\"947\":6.1976608979,\"948\":6.2135622076,\"949\":6.1965379338,\"950\":6.2035039552,\"951\":6.2022697946,\"952\":6.2069903607,\"953\":6.1889455105,\"954\":6.1505589927,\"955\":6.1386977563,\"956\":6.1505020788,\"957\":6.1484361633,\"958\":6.124584461,\"959\":6.1125579119,\"960\":6.1207213435,\"961\":6.0935699162,\"962\":6.1198486879,\"963\":6.1307796512,\"964\":6.0827693815,\"965\":6.1262884123,\"966\":6.1165670251,\"967\":6.0567918119,\"968\":6.0871267683,\"969\":6.056727721,\"970\":6.0490666075,\"971\":6.0643636544,\"972\":6.0541224788,\"973\":6.0628586405,\"974\":6.0754532144,\"975\":6.0635305952,\"976\":6.0531043337,\"977\":6.0679619966,\"978\":6.0525692594,\"979\":6.0538344588,\"980\":6.0300280363,\"981\":6.0317096696,\"982\":6.0184385852,\"983\":6.0724159144,\"984\":6.0467023719,\"985\":6.0203378604,\"986\":6.0711191492,\"987\":6.0535990789,\"988\":6.043622294,\"989\":6.0217617443,\"990\":6.0362624733,\"991\":6.0520878721,\"992\":6.0831969236,\"993\":5.3470000042,\"994\":5.2883740696,\"995\":4.8445597587,\"996\":4.8541727384,\"997\":4.9121524739,\"998\":4.9544619199,\"999\":4.9497627732,\"1000\":4.8537871261,\"1001\":4.8417884017,\"1002\":4.8822178649,\"1003\":4.8369119495,\"1004\":4.9099142261,\"1005\":4.4963323829,\"1006\":4.2311764221,\"1007\":4.1898903007,\"1008\":4.1872349345,\"1009\":4.1158114996,\"1010\":4.1218012624,\"1011\":4.143872843,\"1012\":4.1286025472,\"1013\":4.1481313121,\"1014\":4.0857834086,\"1015\":4.1092867364,\"1016\":4.1516754945,\"1017\":4.1340987177,\"1018\":4.0940603478,\"1019\":4.1659341054,\"1020\":4.1814818342,\"1021\":4.1559008878,\"1022\":4.1477124643,\"1023\":4.1402908326,\"1024\":4.1448078054,\"1025\":4.1625454127,\"1026\":4.1467606829,\"1027\":4.151017138,\"1028\":4.1222441696,\"1029\":4.1460333079,\"1030\":4.1102919399,\"1031\":4.1249893292,\"1032\":4.1868413041,\"1033\":4.1817301414,\"1034\":4.18130891,\"1035\":4.1949085527,\"1036\":4.2316423166,\"1037\":4.2232779594,\"1038\":4.1819356365,\"1039\":4.1810172696,\"1040\":4.1696375351,\"1041\":4.2234820896,\"1042\":4.1770971303,\"1043\":4.1811150447,\"1044\":4.1937602607,\"1045\":4.1853183936,\"1046\":4.0989126359,\"1047\":4.1259348314,\"1048\":4.0803154295,\"1049\":4.1038520666,\"1050\":4.1171209379,\"1051\":4.0662855895,\"1052\":4.1044779098,\"1053\":4.0896122118,\"1054\":4.0852560041,\"1055\":4.1221347967,\"1056\":4.1179651235,\"1057\":4.1229450553,\"1058\":4.1479197617,\"1059\":4.1361387858,\"1060\":4.1343768633,\"1061\":4.1816050809,\"1062\":4.1492325188,\"1063\":4.1499586204,\"1064\":4.1540036273,\"1065\":4.1513000565,\"1066\":4.1622204082,\"1067\":4.2075908282,\"1068\":4.1851885999,\"1069\":4.167447764,\"1070\":4.2213815406,\"1071\":4.213589087,\"1072\":4.211149833,\"1073\":4.1904812242,\"1074\":4.212033598,\"1075\":4.2246268476,\"1076\":4.2664051413,\"1077\":3.8221308698,\"1078\":3.7871284894,\"1079\":3.5097252465,\"1080\":3.4965045594,\"1081\":3.5549160024,\"1082\":3.5821203896,\"1083\":3.5840903128,\"1084\":3.5300692046,\"1085\":3.5371521883,\"1086\":3.5479337779,\"1087\":3.5243659163,\"1088\":3.5588798173,\"1089\":3.4690600011,\"1090\":3.1927704647,\"1091\":3.1660377456,\"1092\":3.1718176209,\"1093\":3.1105070991,\"1094\":3.1410057276,\"1095\":3.1555363132,\"1096\":3.158074018,\"1097\":3.1615003147,\"1098\":3.1466123627,\"1099\":3.1468751122,\"1100\":3.1729639111,\"1101\":3.1969935436,\"1102\":3.1590386009,\"1103\":3.176033883,\"1104\":3.2536142464,\"1105\":3.2430633435,\"1106\":3.223404055,\"1107\":3.2219013058,\"1108\":3.2225434461,\"1109\":3.2346605603,\"1110\":3.2320543876,\"1111\":3.2330709899,\"1112\":3.2083673192,\"1113\":3.2699162347,\"1114\":3.2243668752,\"1115\":3.2424514218,\"1116\":3.2665708448}"}
