{
    "label": "InfluxDB_r=12h_chained_e=200_pl=14_hst=50",
    "error_metrics": {
        "mae": 0.8977364326,
        "median_ae": 0.5112141314,
        "smape": 0.2138519866,
        "rsme": 1.3991935541,
        "mase": 1.4398207463
    },
    "runtimes": "Training: 199.56 seconds",
    "length_train_dataset": 5032,
    "length_validation_dataset": 14,
    "parameters": "Epochs: 200, hyperparameters: Hyperparamters(gradient_clip_val=6.9953515571, hidden_continuous_size=40, dropout=0.1558743686, attention_head_size=3, learning_rate=0.0039810717, accelerator='auto', hidden_size=70)",
    "prediction": [
        2.8669831753,
        2.880952,
        2174.0 
        3.1302659512,
        3.277778,
        2224.0
        3.5832996368,
        3.690476,
        2276.0
        4.0698533058,
        4.547619,
        2384.0
        4.4013271332,
        5.325397,
        2482.0
        4.6131396294,
        4.960317,
        2436.0
        4.8646612167,
        5.031746,
        2445.0
        5.0094094276,
        5.253968,
        2473.0
        5.0479807854,
        5.857143,
        2549.0
        7.1209435463,
        6.317460,
        2607.0
        6.4014873505,
        2.746032,
        2157.0
        5.4919643402,
        2.388889,
        2112.0
        3.7866487503,
        2.563492,
        2134.0
        2.2172422409  2.761905,
        2159.0
    ]
}