{
    "label": "Sawtooth_[1,6,36]_i=500",
    "error_metrics": {
        "mae": 0.1034967034,
        "median_ae": 0.1052878314,
        "smape": 0.0170024814,
        "rsme": 0.1266716865,
        "mase": 0.172622602
    },
    "runtimes": "Training: 259.06 seconds",
    "length_train_dataset": 14964,
    "length_validation_dataset": 36,
    "parameters": "Epochs: 50, hyperparameters: Hyperparamters(gradient_clip_val=0.01565726380636608, hidden_continuous_size=10, dropout=0.21608714783830352, attention_head_size=1, learning_rate=0.005623413251903493, accelerator='auto', hidden_size=1)",
    "prediction": [
        8.467042923,
        8.7740421295,
        9.0302667618,
        9.2894573212,
        9.5689325333,
        9.8288784027,
        0.9769024849,
        1.2414422035,
        1.6158676147,
        1.9733836651,
        2.2654008865,
        2.5451099873,
        2.8488218784,
        3.1678206921,
        3.4704117775,
        3.7483222485,
        4.0317430496,
        4.3383712769,
        4.6517920494,
        4.9448957443,
        5.2178068161,
        5.4953970909,
        5.8002419472,
        6.1335420609,
        6.4649343491,
        6.7665228844,
        7.0540676117,
        7.3611793518,
        7.689704895,
        8.0124492645,
        8.2923927307,
        8.5430469513,
        8.8322515488,
        9.1448535919,
        9.4616794586,
        9.7710886002
    ]
}