{
    "label": "Sawtooth_[1,10,10]_i=400",
    "error_metrics": {
        "mae": 0.0360890958,
        "median_ae": 0.0321903229,
        "smape": 0.0095965212,
        "rsme": 0.0456653474,
        "mase": 0.0180622908
    },
    "runtimes": "Training: 278.51 seconds",
    "length_train_dataset": 3564,
    "length_validation_dataset": 36,
    "parameters": "Epochs: 50, hyperparameters: Hyperparamters(gradient_clip_val=5.567624753786564, hidden_continuous_size=41, dropout=0.15965296238642823, attention_head_size=1, learning_rate=0.0031622776601683794, accelerator='auto', hidden_size=104)",
    "prediction": [
        1.0049285889,
        2.1373691559,
        3.2046618462,
        4.34724617,
        5.5143499374,
        6.5724744797,
        7.7271561623,
        8.7640666962,
        10.0449266434,
        0.96296978,
        2.1535203457,
        3.2338306904,
        4.3246870041,
        5.4990038872,
        6.5881662369,
        7.7315673828,
        8.7658309937,
        10.0400524139,
        0.9596447945,
        2.1615829468,
        3.2431311607,
        4.3358016014,
        5.508887291,
        6.59349823,
        7.7349390984,
        8.7726097107,
        10.0365190506,
        0.9560050964,
        2.1756725311,
        3.2542622089,
        4.3485636711,
        5.5196561813,
        6.5990667343,
        7.7399959564,
        8.7804813385,
        10.0328788757
    ]
}