{"label":"Sawtooth[1,10,10], 10 intervals","error_metrics":{"mae":0.0000078973,"median_ae":0.0000069972,"smape":0.0000012514,"rsme":0.0000100433,"mase":0.0000041048},"runtimes":"Training: 2.52 seconds","length_train_dataset":70,"length_validation_dataset":20,"parameters":"order=(4, 0, 1), seasonal_order=(2, 0, 0, 9)","prediction":[8.8749949694,9.9999905293,1.0000030729,2.1250012131,3.2499993287,4.3749971694,5.4999945487,6.6249920633,7.7499898178,8.874987796,9.9999857891,0.9999999842,2.1249979212,3.2499959037,4.3749939423,5.49999202,6.624990109,7.7499882024,8.8749812807,9.9999749642]}
