{"label":"InfluxDB_r=2h_om=lbfgs_order=ArimaOrder(order=(0, 0, 0), seasonal_order=(2, 0, 0, 84))","mean_squared_error":2.2904246644,"runtimes":"Training: 13.88 seconds","length_train_dataset":917,"length_test_dataset":200,"parameters":"order=(0, 0, 0), seasonal_order=(2, 0, 0, 84)","prediction":"{\"917\":4.4639984528,\"918\":4.7346290047,\"919\":4.4913553027,\"920\":4.7269009595,\"921\":4.666082534,\"922\":4.0894278433,\"923\":4.1242032196,\"924\":4.4051877641,\"925\":4.104033584,\"926\":4.2620683039,\"927\":4.3694081058,\"928\":4.3564256846,\"929\":4.4171667304,\"930\":4.2272921005,\"931\":4.4789894379,\"932\":4.5844746083,\"933\":4.6677041994,\"934\":4.6245051877,\"935\":4.7151533052,\"936\":5.2288229389,\"937\":5.2377100254,\"938\":5.1285155919,\"939\":5.0842349184,\"940\":5.1035542044,\"941\":5.1945118407,\"942\":5.1666915397,\"943\":5.2462110406,\"944\":5.2347737322,\"945\":5.5304413972,\"946\":5.3909538204,\"947\":5.4951260171,\"948\":5.4112008357,\"949\":5.4194697117,\"950\":5.4953573291,\"951\":5.5821414241,\"952\":5.6827582899,\"953\":5.6541650189,\"954\":5.6921088276,\"955\":5.7331436889,\"956\":5.7913345129,\"957\":5.7755697308,\"958\":5.856248273,\"959\":5.9140530256,\"960\":6.0327527562,\"961\":6.014515132,\"962\":6.068919313,\"963\":6.2931050411,\"964\":6.0396304518,\"965\":6.2286539051,\"966\":6.3135833684,\"967\":6.1794275474,\"968\":6.3856069632,\"969\":6.3804291399,\"970\":6.4392381744,\"971\":6.5523740102,\"972\":6.5808125218,\"973\":6.6723875417,\"974\":6.7262508919,\"975\":6.8151983102,\"976\":6.7647355314,\"977\":6.9964937183,\"978\":6.9169742174,\"979\":6.9743920714,\"980\":7.0326602751,\"981\":7.0893825389,\"982\":7.1355952236,\"983\":7.3302599514,\"984\":7.3977239333,\"985\":7.3787907188,\"986\":7.598184695,\"987\":7.6970243089,\"988\":7.6549843385,\"989\":7.6106262853,\"990\":7.7672698247,\"991\":8.0333407638,\"992\":8.2137084425,\"993\":5.5221001038,\"994\":4.9862514437,\"995\":4.8471507654,\"996\":4.8262855396,\"997\":5.4531692159,\"998\":5.3616707487,\"999\":5.5480674275,\"1000\":5.3631393088,\"1001\":4.1993396797,\"1002\":4.6529674434,\"1003\":4.2755008617,\"1004\":4.6041976614,\"1005\":4.509831016,\"1006\":3.5721775796,\"1007\":3.6060957403,\"1008\":3.7688269637,\"1009\":3.6049777929,\"1010\":3.7488088867,\"1011\":3.810208909,\"1012\":3.8841341963,\"1013\":3.9557476409,\"1014\":3.5293448675,\"1015\":3.9748141803,\"1016\":4.046774958,\"1017\":4.2454647996,\"1018\":4.1435439078,\"1019\":4.2999907282,\"1020\":4.5061878956,\"1021\":4.5251639733,\"1022\":4.4743247062,\"1023\":4.4249507196,\"1024\":4.3613293163,\"1025\":4.6087889399,\"1026\":4.5816544114,\"1027\":4.6159199052,\"1028\":4.5882716338,\"1029\":4.8065562714,\"1030\":4.7426634829,\"1031\":4.9844574218,\"1032\":4.7665346311,\"1033\":4.7890309605,\"1034\":4.8671711658,\"1035\":4.9992330951,\"1036\":5.1221090879,\"1037\":5.0529884094,\"1038\":5.0920585121,\"1039\":5.1135273558,\"1040\":5.1764686067,\"1041\":5.1734620977,\"1042\":5.1779338872,\"1043\":5.3126549923,\"1044\":5.3789500852,\"1045\":5.3900245834,\"1046\":5.4513341441,\"1047\":5.7751358732,\"1048\":5.3629805165,\"1049\":5.5390980808,\"1050\":5.6817207654,\"1051\":5.5178861084,\"1052\":5.7354760797,\"1053\":5.6953784914,\"1054\":5.7547994905,\"1055\":5.8527768494,\"1056\":5.8763911262,\"1057\":5.9347846396,\"1058\":6.0223676529,\"1059\":6.0493357717,\"1060\":6.0351643029,\"1061\":6.1766835539,\"1062\":6.1424180601,\"1063\":6.1633731611,\"1064\":6.2490676127,\"1065\":6.2507897646,\"1066\":6.3123561967,\"1067\":6.4795446958,\"1068\":6.48968217,\"1069\":6.4815237191,\"1070\":6.6934480056,\"1071\":6.8496379545,\"1072\":6.7179233583,\"1073\":6.6457961709,\"1074\":6.7511613665,\"1075\":7.1611712901,\"1076\":7.2010265208,\"1077\":5.874581892,\"1078\":5.6323211309,\"1079\":5.6821943466,\"1080\":5.6618434501,\"1081\":6.1743170358,\"1082\":5.9531308648,\"1083\":6.2833688929,\"1084\":6.0143499637,\"1085\":4.1084092857,\"1086\":4.4432508257,\"1087\":4.1553159816,\"1088\":4.4182557796,\"1089\":4.3462720686,\"1090\":3.645263212,\"1091\":3.6777875209,\"1092\":3.8926118976,\"1093\":3.6669187616,\"1094\":3.8102818209,\"1095\":3.8920177281,\"1096\":3.9171869053,\"1097\":3.9793262581,\"1098\":3.6978041136,\"1099\":4.0193798298,\"1100\":4.1047113337,\"1101\":4.2331899986,\"1102\":4.1670248177,\"1103\":4.2811210956,\"1104\":4.6345042096,\"1105\":4.6472578329,\"1106\":4.5691175225,\"1107\":4.5250381226,\"1108\":4.5075723394,\"1109\":4.6610460504,\"1110\":4.6350266032,\"1111\":4.6907430633,\"1112\":4.6729392107,\"1113\":4.9192634953,\"1114\":4.8198978668,\"1115\":4.9777354754,\"1116\":4.8406109844}"}
