{
    "label": "4h",
    "error_metrics": {
        "mae": 1.8178596393,
        "median_ae": 1.8405952941,
        "smape": 0.4881432011,
        "rsme": 2.0791893471,
        "mase": 6.4207094908
    },
    "runtimes": "Training: 0.03 seconds , order study: 15.13 seconds)",
    "length_train_dataset": 551,
    "length_validation_dataset": 36,
    "parameters": "order=(1, 0, 0), seasonal_order=(0, 0, 0, 43)",
    "prediction": [
        3.6515971651,
        3.6083208716,
        3.56555746,
        3.5233008517,
        3.4815450406,
        3.4402840915,
        3.3995121396,
        3.3592233898,
        3.3194121153,
        3.2800726574,
        3.2411994246,
        3.2027868914,
        3.1648295979,
        3.1273221489,
        3.0902592132,
        3.0536355227,
        3.0174458717,
        2.9816851164,
        2.9463481736,
        2.9114300207,
        2.8769256945,
        2.8428302905,
        2.8091389625,
        2.7758469216,
        2.7429494358,
        2.7104418291,
        2.6783194808,
        2.6465778252,
        2.6152123505,
        2.5842185984,
        2.5535921637,
        2.523328693,
        2.4934238848,
        2.4638734884,
        2.4346733036,
        2.4058191799
    ]
}