{
    "label": "InfluxDB_r=12h_chained_e=200_pl=10_hst=50",
    "error_metrics": {
        "mae": 0.8060020977,
        "median_ae": 0.4162847125,
        "smape": 0.1504066764,
        "rsme": 1.0642299485,
        "mase": 1.2929789439
    },
    "runtimes": "Training: 167.41 seconds",
    "length_train_dataset": 5034,
    "length_validation_dataset": 10,
    "parameters": "Epochs: 200, hyperparameters: Hyperparamters(gradient_clip_val=6.9953515571, hidden_continuous_size=40, dropout=0.1558743686, attention_head_size=3, learning_rate=0.0039810717, accelerator='auto', hidden_size=70)",
    "prediction": [
        3.6074004173,
        4.1142845154,
        4.4229297638,
        4.5813131332,
        4.6325111389,
        5.2006578445,
        5.4685559273,
        4.8897161484,
        4.7038164139,
        4.7076826096
    ]
}