{"label":"Sawtooth_[1,6,36]_i=30","error_metrics":{"mae":2.5327688542,"median_ae":2.3071293338,"smape":0.4654150002,"rsme":2.9956182235,"mase":4.2763007566},"runtimes":"Training: 164.12 seconds","length_train_dataset":864,"length_validation_dataset":36,"parameters":"Epochs: 100, hyperparameters: Hyperparamters(gradient_clip_val=0.01565726380636608, hidden_continuous_size=10, dropout=0.21608714783830352, attention_head_size=1, learning_rate=0.005623413251903493, accelerator='auto', hidden_size=223)","prediction":[7.6623468399,7.7189855576,7.6731595993,7.5750284195,7.4402918816,7.2748365402,7.0837731361,6.8729357719,6.647623539,6.4125957489,6.1732640266,5.9386129379,5.722161293,5.5373091698,5.3910212517,5.2821068764,5.2044763565,5.1506476402,5.1140375137,5.0895633698,5.0735406876,5.0633773804,5.05727005,5.0539627075,5.0525741577,5.0524821281,5.0532469749,5.0545501709,5.0561676025,5.0579376221,5.0597467422,5.0615158081,5.0631928444,5.0647439957,5.0661525726,5.0674085617]}
