{
    "label": "Sawtooth_[1,10,10]_i=10",
    "error_metrics": {
        "mae": 0.0000192456,
        "median_ae": 0.0000162813,
        "smape": 0.0000041037,
        "rsme": 0.0000247938,
        "mase": 0.0000103032
    },
    "runtimes": "Training: 1.16 seconds",
    "length_train_dataset": 54,
    "length_validation_dataset": 36,
    "parameters": "order=(4, 0, 1), seasonal_order=(2, 0, 0, 9)",
    "prediction": [
        1.0000207037,
        2.1250105143,
        3.2500049543,
        4.3750022977,
        5.499998479,
        6.6249927323,
        7.7499867542,
        8.874981884,
        9.9999778409,
        1.0000056434,
        2.1250011243,
        3.2499965447,
        4.3749922355,
        5.4999881764,
        6.6249841662,
        7.7499801048,
        8.8749760456,
        9.9999720665,
        1.0000207716,
        2.1250067484,
        3.2499973561,
        4.3749908776,
        5.4999832712,
        6.624973775,
        7.7499640721,
        8.8749554897,
        9.9999477467,
        1.0000037787,
        2.1249955743,
        3.2499873318,
        4.3749793754,
        5.4999716757,
        6.6249640305,
        7.7499563425,
        8.8749486668,
        9.999941079
    ]
}