{"label":"Sawtooth[1,6,36], 70 intervals","error_metrics":{"mae":0.000055984,"median_ae":0.0000499432,"smape":0.0000146077,"rsme":0.0000660098,"mase":0.0000938333},"runtimes":"Training: 77.48 seconds","length_train_dataset":2065,"length_validation_dataset":35,"parameters":"order=(4, 0, 1), seasonal_order=(2, 0, 0, 30)","prediction":[8.7586101676,9.0689448352,9.3792798475,9.6896150597,9.999950403,1.0000980263,1.3104336603,1.6207694316,1.9311053345,2.2414413648,2.551777518,2.8621137899,3.1724501764,3.4827866735,3.7931232775,4.1034599847,4.4137967915,4.7241336944,5.0344706901,5.3448077755,5.6551449475,5.965482203,6.2758195392,6.5861569534,6.8964944427,7.2068320047,7.5171696368,7.8275073366,8.1378451017,8.44818293,8.7585207754,9.0688586811,9.3791966451,9.6895346648,9.999872738]}
