{"label":"InfluxDB_r=4h","mean_squared_error":0.9073944437,"runtimes":"Training: 1.02 seconds","length_train_dataset":539,"length_test_dataset":20,"parameters":"order=(1, 0, 0), seasonal_order=(1, 0, 0, 43)","prediction":"{\"539\":3.4593287924,\"540\":3.4101388095,\"541\":3.3416608988,\"542\":3.3064457789,\"543\":3.2700335859,\"544\":3.2459964695,\"545\":3.1933363946,\"546\":3.1578146363,\"547\":3.1162881522,\"548\":3.0808206328,\"549\":3.055177158,\"550\":3.0131972614,\"551\":2.9737347689,\"552\":2.7496847778,\"553\":2.7099558501,\"554\":2.6832862498,\"555\":2.6593589514,\"556\":2.617797978,\"557\":2.5741885024,\"558\":2.5493967784}"}
