{"label":"InfluxDB_r=2h_om=lbfgs_order=ArimaOrder(order=(0, 0, 0), seasonal_order=(1, 1, 1, 84))","mean_squared_error":2.136837594,"runtimes":"Training: 26.81 seconds","length_train_dataset":917,"length_test_dataset":200,"parameters":"order=(0, 0, 0), seasonal_order=(1, 1, 1, 84)","prediction":"{\"917\":4.0517321825,\"918\":4.1713143194,\"919\":4.1408038289,\"920\":4.3650290334,\"921\":3.9239731246,\"922\":3.25491034,\"923\":3.1995442802,\"924\":3.3197001669,\"925\":3.1436038146,\"926\":3.252225856,\"927\":3.3718368424,\"928\":3.3793023288,\"929\":3.4864173715,\"930\":3.4426289389,\"931\":3.5122366702,\"932\":3.693521718,\"933\":3.6883421939,\"934\":3.6445829573,\"935\":3.8053322543,\"936\":4.078798978,\"937\":4.0617546449,\"938\":4.0479362811,\"939\":4.0701333455,\"940\":4.1237827172,\"941\":4.219290222,\"942\":4.2100635503,\"943\":4.2979334415,\"944\":4.2453314136,\"945\":4.4434782882,\"946\":4.3617545979,\"947\":4.4268541598,\"948\":4.6002426664,\"949\":4.6284908903,\"950\":4.6930274972,\"951\":4.7628612055,\"952\":4.8576445879,\"953\":4.8966888262,\"954\":4.8706790024,\"955\":4.911175105,\"956\":4.9702634321,\"957\":5.1133768326,\"958\":5.0926983976,\"959\":5.1213843181,\"960\":5.2186583563,\"961\":5.2158593687,\"962\":5.2894621667,\"963\":5.3812647641,\"964\":5.3165308918,\"965\":5.4751215902,\"966\":5.5319454903,\"967\":5.4330529646,\"968\":5.5920402854,\"969\":5.5921247491,\"970\":5.6339198722,\"971\":5.7551124584,\"972\":5.7905594757,\"973\":5.8634233174,\"974\":5.9505975104,\"975\":5.9964010602,\"976\":6.01735347,\"977\":6.1763689454,\"978\":6.1594930911,\"979\":6.2223943857,\"980\":6.2335102096,\"981\":6.3051192728,\"982\":6.3407099948,\"983\":6.5191086135,\"984\":6.5197782706,\"985\":6.4983104342,\"986\":6.7236647644,\"987\":6.7201318854,\"988\":6.7497760797,\"989\":6.7478223641,\"990\":6.8619716346,\"991\":6.9358117927,\"992\":7.089827106,\"993\":5.4613962494,\"994\":5.2615947572,\"995\":4.3767748732,\"996\":4.4164652621,\"997\":4.6746014652,\"998\":4.8251110298,\"999\":4.8407045338,\"1000\":4.6977569398,\"1001\":4.0973115432,\"1002\":4.2832468564,\"1003\":4.1908406098,\"1004\":4.4419816859,\"1005\":4.0392247445,\"1006\":3.2871416498,\"1007\":3.2432057139,\"1008\":3.3584891636,\"1009\":3.1960299265,\"1010\":3.3094205942,\"1011\":3.417841092,\"1012\":3.4435373416,\"1013\":3.5483100846,\"1014\":3.4269407225,\"1015\":3.5691016617,\"1016\":3.7342813906,\"1017\":3.7689706206,\"1018\":3.7105711373,\"1019\":3.8796565369,\"1020\":4.1155469022,\"1021\":4.1042661049,\"1022\":4.0912498681,\"1023\":4.1033951825,\"1024\":4.1330561013,\"1025\":4.2668875466,\"1026\":4.2551566289,\"1027\":4.3321250178,\"1028\":4.2805755973,\"1029\":4.4760332221,\"1030\":4.4035362746,\"1031\":4.5079956033,\"1032\":4.6160854719,\"1033\":4.6453902858,\"1034\":4.7128670499,\"1035\":4.7968428069,\"1036\":4.8990239332,\"1037\":4.9195406371,\"1038\":4.9022311175,\"1039\":4.9386153424,\"1040\":4.9994952902,\"1041\":5.1257656865,\"1042\":5.1003548133,\"1043\":5.1519366926,\"1044\":5.2407914563,\"1045\":5.2429009043,\"1046\":5.3164945976,\"1047\":5.4516419632,\"1048\":5.3219603387,\"1049\":5.4836815264,\"1050\":5.5589982349,\"1051\":5.4468321086,\"1052\":5.617110839,\"1053\":5.6080624607,\"1054\":5.6528824346,\"1055\":5.7708984392,\"1056\":5.8046844617,\"1057\":5.8730696952,\"1058\":5.9649367144,\"1059\":6.0023209774,\"1060\":6.0224984171,\"1061\":6.1718203741,\"1062\":6.1570382081,\"1063\":6.2112234716,\"1064\":6.2355560012,\"1065\":6.2928075299,\"1066\":6.3340173191,\"1067\":6.5103522657,\"1068\":6.5063776609,\"1069\":6.4875732131,\"1070\":6.7132484781,\"1071\":6.7375209918,\"1072\":6.7361203157,\"1073\":6.7216376778,\"1074\":6.8307474806,\"1075\":6.9665811548,\"1076\":7.0923663282,\"1077\":5.6258269435,\"1078\":5.4480769421,\"1079\":4.6994863264,\"1080\":4.7315158525,\"1081\":5.0160097337,\"1082\":5.1040591165,\"1083\":5.1779256219,\"1084\":5.0071008826,\"1085\":4.0916567791,\"1086\":4.2693600428,\"1087\":4.1846328397,\"1088\":4.4324346214,\"1089\":4.0249261517,\"1090\":3.2831429001,\"1091\":3.2377888958,\"1092\":3.3536768402,\"1093\":3.1895257262,\"1094\":3.3023247784,\"1095\":3.4121336144,\"1096\":3.4355680801,\"1097\":3.5406314186,\"1098\":3.4288870675,\"1099\":3.5620467556,\"1100\":3.729224577,\"1101\":3.7589675244,\"1102\":3.7023843707,\"1103\":3.8704355589,\"1104\":4.1109878027,\"1105\":4.0989919573,\"1106\":4.0858762053,\"1107\":4.0992685814,\"1108\":4.1319056069,\"1109\":4.2609824256,\"1110\":4.249562195,\"1111\":4.3278830694,\"1112\":4.276203058,\"1113\":4.4719943223,\"1114\":4.3983526669,\"1115\":4.4979288601,\"1116\":4.6141199479}"}
