{"label":"InfluxDB_r=2h_om=lbfgs_order=ArimaOrder(order=(1, 2, 2), seasonal_order=(2, 0, 2, 84))","mean_squared_error":4.2939801893,"runtimes":"Training: 379.70 seconds","length_train_dataset":917,"length_test_dataset":200,"parameters":"order=(1, 2, 2), seasonal_order=(2, 0, 2, 84)","prediction":"{\"917\":7.2210353254,\"918\":7.2586857119,\"919\":7.2503448282,\"920\":7.3124281776,\"921\":7.2750031461,\"922\":6.9701716585,\"923\":6.9633620128,\"924\":6.9926359324,\"925\":6.944326987,\"926\":6.9959441173,\"927\":7.0364944676,\"928\":7.0541177938,\"929\":7.0845081991,\"930\":7.0736308203,\"931\":7.1056549677,\"932\":7.1526309107,\"933\":7.1992140742,\"934\":7.1713379867,\"935\":7.2132831166,\"936\":7.3219275211,\"937\":7.3304178121,\"938\":7.3196532834,\"939\":7.3367718019,\"940\":7.3473354732,\"941\":7.3901510645,\"942\":7.3966912645,\"943\":7.4221743107,\"944\":7.4041217286,\"945\":7.4993518148,\"946\":7.4612880252,\"947\":7.5049992837,\"948\":7.5379181333,\"949\":7.5577893877,\"950\":7.5943876693,\"951\":7.6296484738,\"952\":7.6588850584,\"953\":7.6770087681,\"954\":7.6741163265,\"955\":7.6966961482,\"956\":7.7394232796,\"957\":7.7671647202,\"958\":7.7762887424,\"959\":7.7988975844,\"960\":7.8340765264,\"961\":7.8401065507,\"962\":7.9227108392,\"963\":7.9692407344,\"964\":7.9425895195,\"965\":8.0208452267,\"966\":8.0382011577,\"967\":8.0120962171,\"968\":8.0685914913,\"969\":8.0709415468,\"970\":8.0904737519,\"971\":8.1336824095,\"972\":8.1489754387,\"973\":8.188418381,\"974\":8.2221908098,\"975\":8.2448108862,\"976\":8.2569957435,\"977\":8.3002582666,\"978\":8.3118491177,\"979\":8.3435488635,\"980\":8.3423910091,\"981\":8.375496807,\"982\":8.3836585278,\"983\":8.4634024776,\"984\":8.4631182493,\"985\":8.4653925354,\"986\":8.5408910875,\"987\":8.5537102106,\"988\":8.561346245,\"989\":8.5686541691,\"990\":8.6048734726,\"991\":8.6553313004,\"992\":8.7018091595,\"993\":8.0318405979,\"994\":7.9854020453,\"995\":7.6032806017,\"996\":7.635321998,\"997\":7.7265504947,\"998\":7.7813805648,\"999\":7.8077918781,\"1000\":7.7320718188,\"1001\":7.7451608694,\"1002\":7.8122165047,\"1003\":7.7928725218,\"1004\":7.8869439199,\"1005\":7.5509912326,\"1006\":7.3340581524,\"1007\":7.3226366034,\"1008\":7.3454716683,\"1009\":7.306105185,\"1010\":7.3306259613,\"1011\":7.3778046731,\"1012\":7.3821093373,\"1013\":7.4298489872,\"1014\":7.3829742408,\"1015\":7.4389348781,\"1016\":7.4996445934,\"1017\":7.5021678405,\"1018\":7.4871288283,\"1019\":7.5813217579,\"1020\":7.6134537351,\"1021\":7.6129219904,\"1022\":7.6235608506,\"1023\":7.6383926773,\"1024\":7.6582281204,\"1025\":7.7044184148,\"1026\":7.7040693547,\"1027\":7.7345521161,\"1028\":7.7241826423,\"1029\":7.7684908029,\"1030\":7.7559144394,\"1031\":7.7935880672,\"1032\":7.863027035,\"1033\":7.8797728714,\"1034\":7.8938552602,\"1035\":7.9290387205,\"1036\":7.9791893338,\"1037\":7.9924381092,\"1038\":7.9723706531,\"1039\":7.9917293868,\"1040\":7.9951084962,\"1041\":8.0682819289,\"1042\":8.0398098453,\"1043\":8.0647350252,\"1044\":8.0915875133,\"1045\":8.1036614069,\"1046\":8.0455128659,\"1047\":8.0939824424,\"1048\":8.0595794591,\"1049\":8.1005861157,\"1050\":8.130219923,\"1051\":8.1008602924,\"1052\":8.1527396354,\"1053\":8.1584593211,\"1054\":8.1694040507,\"1055\":8.2223153441,\"1056\":8.2324726803,\"1057\":8.2543335674,\"1058\":8.2900385831,\"1059\":8.2990522658,\"1060\":8.3096555775,\"1061\":8.3746893846,\"1062\":8.3566242828,\"1063\":8.3749679011,\"1064\":8.3933380055,\"1065\":8.4087408695,\"1066\":8.4327063813,\"1067\":8.4897750836,\"1068\":8.4828757724,\"1069\":8.4828621695,\"1070\":8.5494870622,\"1071\":8.5607842175,\"1072\":8.5674743735,\"1073\":8.5645676323,\"1074\":8.5979563548,\"1075\":8.6314986402,\"1076\":8.6799519874,\"1077\":8.3244670211,\"1078\":8.2953095802,\"1079\":8.0860192237,\"1080\":8.0832902401,\"1081\":8.1612320853,\"1082\":8.1908005057,\"1083\":8.2126552465,\"1084\":8.1751557518,\"1085\":8.1996543886,\"1086\":8.2252271834,\"1087\":8.2209583498,\"1088\":8.264132944,\"1089\":8.2750251136,\"1090\":8.0417587804,\"1091\":8.0378134253,\"1092\":8.061771921,\"1093\":8.0256481311,\"1094\":8.0686252329,\"1095\":8.0980284926,\"1096\":8.1142975929,\"1097\":8.1348869855,\"1098\":8.1331090026,\"1099\":8.1540665547,\"1100\":8.1884370634,\"1101\":8.2287200001,\"1102\":8.2082534299,\"1103\":8.2329093992,\"1104\":8.3239958131,\"1105\":8.3318780731,\"1106\":8.3228745955,\"1107\":8.3362403857,\"1108\":8.3444282958,\"1109\":8.375943452,\"1110\":8.3832247743,\"1111\":8.4018154691,\"1112\":8.3891891673,\"1113\":8.4660831559,\"1114\":8.4365020801,\"1115\":8.4698844598,\"1116\":8.4910031996}"}
