{
    "label": "Sawtooth_[1,10,10]_i=20",
    "error_metrics": {
        "mae": 0.000003874,
        "median_ae": 0.0000029951,
        "smape": 0.0000012953,
        "rsme": 0.0000048076,
        "mase": 0.0000019856
    },
    "runtimes": "Training: 2.58 seconds",
    "length_train_dataset": 144,
    "length_validation_dataset": 36,
    "parameters": "order=(4, 0, 1), seasonal_order=(2, 0, 0, 9)",
    "prediction": [
        1.0000060672,
        2.1250038843,
        3.2500027753,
        4.3750027763,
        5.500001874,
        6.6250000626,
        7.7499982345,
        8.8749973808,
        9.9999968626,
        1.0000043919,
        2.1250027768,
        3.2500013463,
        4.3750004561,
        5.4999997256,
        6.6249986157,
        7.7499972149,
        8.8749959736,
        9.9999950655,
        1.0000087975,
        2.1250054998,
        3.2500031299,
        4.3750020043,
        5.5000001653,
        6.6249974082,
        7.7499944798,
        8.8749924629,
        9.9999908809,
        1.0000059949,
        2.1250033951,
        3.2500008875,
        4.3749988994,
        5.4999971398,
        6.6249950561,
        7.7499926566,
        8.8749903629,
        9.9999883998
    ]
}