{
    "label": "InfluxDB_r=12h_chained_om=cg",
    "mean_squared_error": 4.4410685248,
    "runtimes": "Training: 0.15 seconds",
    "length_train_dataset": 735,
    "length_test_dataset": 80,
    "parameters": "order=(2, 0, 0), seasonal_order=(0, 0, 1, 12)",
    "prediction": "{\"735\":4.8762282722,\"736\":4.778528968,\"737\":4.8560370619,\"738\":4.7001985484,\"739\":3.6451189881,\"740\":3.4935670354,\"741\":3.4293093652,\"742\":3.3786282386,\"743\":3.5079866631,\"744\":3.2540426692,\"745\":3.2158375502,\"746\":3.4783751967,\"747\":3.3521369649,\"748\":3.2353781202,\"749\":3.1226204846,\"750\":3.013793495,\"751\":2.908759242,\"752\":2.8073855566,\"753\":2.7095448636,\"754\":2.6151140339,\"755\":2.5239742298,\"756\":2.4360107553,\"757\":2.3511129114,\"758\":2.2691738574,\"759\":2.1900904759,\"760\":2.1137632434,\"761\":2.0400961049,\"762\":1.9689963529,\"763\":1.900374511,\"764\":1.8341442211,\"765\":1.7702221348,\"766\":1.7085278085,\"767\":1.6489836021,\"768\":1.5915145815,\"769\":1.5360484239,\"770\":1.4825153272,\"771\":1.430847922,\"772\":1.3809811867,\"773\":1.3328523659,\"774\":1.2864008912,\"775\":1.2415683051,\"776\":1.1982981874,\"777\":1.1565360842,\"778\":1.1162294396,\"779\":1.0773275289,\"780\":1.0397813957,\"781\":1.0035437895,\"782\":0.9685691065,\"783\":0.9348133324,\"784\":0.9022339867,\"785\":0.8707900697,\"786\":0.8404420102,\"787\":0.8111516163,\"788\":0.7828820271,\"789\":0.7555976664,\"790\":0.7292641978,\"791\":0.7038484816,\"792\":0.6793185331,\"793\":0.6556434821,\"794\":0.6327935346,\"795\":0.6107399346,\"796\":0.5894549286,\"797\":0.5689117301,\"798\":0.5490844863,\"799\":0.5299482452,\"800\":0.5114789247,\"801\":0.4936532818,\"802\":0.4764488835,\"803\":0.4598440788,\"804\":0.4438179711,\"805\":0.4283503921,\"806\":0.4134218764,\"807\":0.3990136371,\"808\":0.3851075419,\"809\":0.3716860905,\"810\":0.3587323925,\"811\":0.3462301461,\"812\":0.3341636177,\"813\":0.3225176221,\"814\":0.3112775031}"
}