{"label":"Sawtooth[1,6,36], 20 intervals","error_metrics":{"mae":0.0001767906,"median_ae":0.000159026,"smape":0.000033284,"rsme":0.000209414,"mase":0.000300831},"runtimes":"Training: 33.22 seconds","length_train_dataset":565,"length_validation_dataset":35,"parameters":"order=(4, 0, 1), seasonal_order=(2, 0, 0, 30)","prediction":[8.7585906564,9.068900812,9.3792110152,9.689518282,9.9998273028,1.000159026,1.3104711102,1.6207852097,1.9311010631,2.2414185578,2.5517376322,2.862058109,3.172379863,3.4827027736,3.793026717,4.1033515883,4.41367729,4.7240037337,5.0343308408,5.3446585405,5.6549867694,5.9653154707,6.275644594,6.5859740938,6.8963039299,7.2066340661,7.5169644701,7.8272951134,8.1376259701,8.4479570174,8.7582880353,9.0686191742,9.378950449,9.6892818253,9.9996133212]}
