{"label":"InfluxDB_r=2h_om=lbfgs_order=ArimaOrder(order=(1, 0, 0), seasonal_order=(2, 0, 2, 84))","mean_squared_error":1.9756366379,"runtimes":"Training: 174.23 seconds","length_train_dataset":917,"length_test_dataset":200,"parameters":"order=(1, 0, 0), seasonal_order=(2, 0, 2, 84)","prediction":"{\"917\":7.16947162,\"918\":7.1593377492,\"919\":7.10033569,\"920\":7.1191097737,\"921\":6.9939813563,\"922\":6.6314799713,\"923\":6.5727266516,\"924\":6.5559988403,\"925\":6.4554076682,\"926\":6.4669921304,\"927\":6.4596439769,\"928\":6.4375647046,\"929\":6.4186065241,\"930\":6.3710983938,\"931\":6.351418616,\"932\":6.3604547736,\"933\":6.3638846125,\"934\":6.2940469216,\"935\":6.2926684568,\"936\":6.3636582355,\"937\":6.3267883177,\"938\":6.2795819251,\"939\":6.2540122543,\"940\":6.2303981924,\"941\":6.2268791287,\"942\":6.1997508389,\"943\":6.1806274627,\"944\":6.1273169448,\"945\":6.1813810403,\"946\":6.1059895693,\"947\":6.1081277596,\"948\":6.1146909627,\"949\":6.0943305622,\"950\":6.0992541454,\"951\":6.0947249344,\"952\":6.0940255318,\"953\":6.0728576992,\"954\":6.0346252525,\"955\":6.0191808784,\"956\":6.0311729148,\"957\":6.0227393509,\"958\":5.9992169345,\"959\":5.9843224687,\"960\":5.9900068081,\"961\":5.9593769006,\"962\":6.0037306416,\"963\":6.0129867209,\"964\":5.9602094519,\"965\":6.0037193276,\"966\":5.9916012409,\"967\":5.9296193092,\"968\":5.9582480864,\"969\":5.9255467256,\"970\":5.9168747287,\"971\":5.9281800318,\"972\":5.9163341483,\"973\":5.9233181086,\"974\":5.9326015657,\"975\":5.9208966263,\"976\":5.9080474389,\"977\":5.9192903224,\"978\":5.9045729321,\"979\":5.9044082284,\"980\":5.8778010324,\"981\":5.879152311,\"982\":5.8628868799,\"983\":5.9153706175,\"984\":5.8888108787,\"985\":5.860517722,\"986\":5.9118815528,\"987\":5.8934505675,\"988\":5.8800193949,\"989\":5.8573982282,\"990\":5.8706931609,\"991\":5.8888109562,\"992\":5.9162135672,\"993\":5.1759095125,\"994\":5.1135843737,\"995\":4.6715257503,\"996\":4.6825477547,\"997\":4.74284597,\"998\":4.7822703623,\"999\":4.7785095706,\"1000\":4.6794350873,\"1001\":4.6625548073,\"1002\":4.7048256254,\"1003\":4.6564149895,\"1004\":4.7298341646,\"1005\":4.3138145891,\"1006\":4.0547807893,\"1007\":4.0116381941,\"1008\":4.0092504998,\"1009\":3.9368489049,\"1010\":3.9395192339,\"1011\":3.9604260748,\"1012\":3.9421428423,\"1013\":3.9622100088,\"1014\":3.8947053396,\"1015\":3.9203598854,\"1016\":3.9620897255,\"1017\":3.9386531772,\"1018\":3.8996712896,\"1019\":3.9726152658,\"1020\":3.9841921574,\"1021\":3.9568210188,\"1022\":3.9479408127,\"1023\":3.9383451833,\"1024\":3.9413454803,\"1025\":3.9595021061,\"1026\":3.9410427079,\"1027\":3.9455305672,\"1028\":3.9158393991,\"1029\":3.9363106463,\"1030\":3.901447612,\"1031\":3.9149623824,\"1032\":3.9746513943,\"1033\":3.9680464649,\"1034\":3.9648088703,\"1035\":3.9775798841,\"1036\":4.0134426561,\"1037\":4.0039827855,\"1038\":3.9619835625,\"1039\":3.9597562113,\"1040\":3.9452529972,\"1041\":3.9999110272,\"1042\":3.9514432796,\"1043\":3.9546281194,\"1044\":3.9660485715,\"1045\":3.9567255938,\"1046\":3.8658533424,\"1047\":3.8929478773,\"1048\":3.8442495986,\"1049\":3.8653780256,\"1050\":3.8789716231,\"1051\":3.8267810817,\"1052\":3.8645466725,\"1053\":3.8490885301,\"1054\":3.8439155555,\"1055\":3.8800303344,\"1056\":3.8749084245,\"1057\":3.8781227869,\"1058\":3.9017977929,\"1059\":3.8892233293,\"1060\":3.8861444606,\"1061\":3.9344327988,\"1062\":3.8999212627,\"1063\":3.8997338692,\"1064\":3.9040127821,\"1065\":3.9002230933,\"1066\":3.9112619221,\"1067\":3.9538395507,\"1068\":3.931462656,\"1069\":3.9128823762,\"1070\":3.9669095278,\"1071\":3.9590104499,\"1072\":3.9549981599,\"1073\":3.9333852063,\"1074\":3.954663093,\"1075\":3.9677719603,\"1076\":4.008216701,\"1077\":3.5915607326,\"1078\":3.5516700894,\"1079\":3.2922703506,\"1080\":3.2764329289,\"1081\":3.3364721383,\"1082\":3.3597935295,\"1083\":3.3625996062,\"1084\":3.3100081332,\"1085\":3.3150986737,\"1086\":3.3238730511,\"1087\":3.2988264093,\"1088\":3.3295378482,\"1089\":3.285125534,\"1090\":3.0124904096,\"1091\":2.9863282414,\"1092\":2.9929272285,\"1093\":2.9323653533,\"1094\":2.9632172384,\"1095\":2.9750800907,\"1096\":2.9779096106,\"1097\":2.9791815228,\"1098\":2.9643772559,\"1099\":2.9640486552,\"1100\":2.9873339291,\"1101\":3.0125189065,\"1102\":2.974078659,\"1103\":2.9842099732,\"1104\":3.065155826,\"1105\":3.0542617573,\"1106\":3.0320101621,\"1107\":3.0289075332,\"1108\":3.0260166855,\"1109\":3.0391882431,\"1110\":3.0351757664,\"1111\":3.0356363587,\"1112\":3.0092477087,\"1113\":3.0727303971,\"1114\":3.0269609966,\"1115\":3.0447258378,\"1116\":3.061272629}"}
