{"label":"InfluxDB_r=6h_chained_e=200_pl=30_hst=50","error_metrics":{"mae":1.5529953576,"median_ae":1.7461050913,"smape":0.3791656926,"rsme":1.9457995368,"mase":4.5920073183},"runtimes":"Training: 73.26 seconds","length_train_dataset":5402,"length_validation_dataset":30,"parameters":"Epochs: 200, hyperparameters: Hyperparamters(gradient_clip_val=6.9953515571, hidden_continuous_size=40, dropout=0.1558743686, attention_head_size=3, learning_rate=0.0039810717, accelerator='auto', hidden_size=70)","prediction":[2.2457618713,2.3696331978,2.4895362854,2.6192030907,2.7332596779,2.8144857883,2.8651928902,2.8951764107,2.9127898216,2.9233317375,2.9298353195,2.9339761734,2.9366817474,2.9384741783,2.9396588802,2.9404213428,2.9408826828,2.9411222935,2.9411973953,2.9411492348,2.9410066605,2.9407925606,2.9405264854,2.9402210712,2.9398877621,2.9395349026,2.9391691685,2.9387955666,2.9384183884,2.9380409718]}
