{"label":"Sawtooth[1,10,10], 100 intervals","error_metrics":{"mae":0.0000058741,"median_ae":0.0000048126,"smape":0.0000012122,"rsme":0.0000074745,"mase":0.0000029458},"runtimes":"Training: 7.52 seconds","length_train_dataset":880,"length_validation_dataset":20,"parameters":"order=(4, 0, 1), seasonal_order=(2, 0, 0, 9)","prediction":[8.8749963604,9.9999933542,1.0000059377,2.125004204,3.250002038,4.3749998028,5.4999975948,6.6249955623,7.7499935389,8.8749915183,9.9999895009,1.0000024927,2.1250005453,3.249998619,4.3749967064,5.4999948125,6.6249929362,7.7499910762,8.8749855947,9.999980759]}
