{"label":"Sawtooth[1,10,10], 70 intervals","error_metrics":{"mae":0.000001097,"median_ae":0.0000009307,"smape":0.0000002171,"rsme":0.0000013973,"mase":0.0000005509},"runtimes":"Training: 5.13 seconds","length_train_dataset":610,"length_validation_dataset":20,"parameters":"order=(4, 0, 1), seasonal_order=(2, 0, 0, 9)","prediction":[8.8749992828,9.9999987364,1.0000010315,2.1250007054,3.2500003011,4.3749998884,5.4999995012,6.6249991361,7.7499987706,8.8749984046,9.9999980444,1.0000003752,2.125000027,3.249999682,4.3749993404,5.4999990025,6.6249986679,7.7499983361,8.8749972901,9.9999964173]}
