{"label":"Sawtooth_[1,6,36]_i=40","error_metrics":{"mae":0.0000281637,"median_ae":0.0000260709,"smape":0.0000068466,"rsme":0.0000332766,"mase":0.0000473919},"runtimes":"Training: 33.78 seconds","length_train_dataset":1164,"length_validation_dataset":36,"parameters":"order=(4, 0, 1), seasonal_order=(2, 0, 0, 30)","prediction":[8.4482706243,8.7586104048,9.068950346,9.3792904091,9.689630529,9.9999707249,1.0000451013,1.3103854332,1.6207258298,1.9310662891,2.2414068088,2.5517473869,2.8620880212,3.1724287099,3.4827694511,3.7931102429,4.1034510836,4.4137919715,4.7241329049,5.0344738822,5.3448149019,5.6551559626,5.9654970628,6.2758382012,6.5861793763,6.896520587,7.206861832,7.5172031101,7.8275444201,8.137885761,8.4482271159,8.7585685001,9.0689099125,9.379251352,9.6895928175,9.9999343082]}
