{
    "label": "4h",
    "error_metrics": {
        "mae": 1.0464133824,
        "median_ae": 0.6642852682,
        "smape": 0.2681437853,
        "rsme": 1.7073777799,
        "mase": 3.6959489009
    },
    "runtimes": "Training: 64.84 seconds",
    "length_train_dataset": 551,
    "length_validation_dataset": 36,
    "parameters": "order=(0, 0, 2), seasonal_order=(2, 0, 2, 43)",
    "prediction": [
        3.6080198481,
        3.9381968366,
        3.5207816064,
        3.1936331883,
        3.2069503027,
        3.3631062485,
        3.2902039449,
        3.4357309731,
        3.4752076288,
        3.5498606046,
        3.5969282434,
        3.8085147928,
        3.7595338738,
        4.0255377082,
        3.9568327754,
        4.055894429,
        4.2590943138,
        4.3986832728,
        4.5455365665,
        4.667492509,
        4.7409578937,
        4.7956632711,
        4.936250808,
        5.1415014339,
        5.2541626834,
        5.3906745204,
        5.4582158483,
        5.5861175108,
        5.6653939244,
        5.5343920088,
        5.8035983655,
        5.836743219,
        5.937069956,
        6.0285455326,
        6.1544686518,
        5.525009647
    ]
}