{"label":"InfluxDB_r=2h_om=lbfgs_order=ArimaOrder(order=(1, 0, 2), seasonal_order=(2, 0, 2, 84))","mean_squared_error":2.0326249857,"runtimes":"Training: 252.66 seconds","length_train_dataset":917,"length_test_dataset":200,"parameters":"order=(1, 0, 2), seasonal_order=(2, 0, 2, 84)","prediction":"{\"917\":7.1910320948,\"918\":7.1880573253,\"919\":7.1369311876,\"920\":7.1632380347,\"921\":7.0055035584,\"922\":6.6474411647,\"923\":6.5943682803,\"924\":6.5809750898,\"925\":6.4860030736,\"926\":6.5026443393,\"927\":6.5021946354,\"928\":6.4856613571,\"929\":6.4724542725,\"930\":6.4315215486,\"931\":6.4155719407,\"932\":6.4309574099,\"933\":6.4398314745,\"934\":6.3743423926,\"935\":6.3820911372,\"936\":6.4538804772,\"937\":6.4220468363,\"938\":6.3815794765,\"939\":6.3621278383,\"940\":6.3457264276,\"941\":6.3446493796,\"942\":6.3235122682,\"943\":6.3081635309,\"944\":6.2604941579,\"945\":6.316453721,\"946\":6.2451834873,\"947\":6.2511346319,\"948\":6.2681807675,\"949\":6.2525126849,\"950\":6.2613125507,\"951\":6.261208276,\"952\":6.2670439789,\"953\":6.2500051327,\"954\":6.2129379667,\"955\":6.2020815055,\"956\":6.2159230227,\"957\":6.2145401577,\"958\":6.1920253873,\"959\":6.1811271214,\"960\":6.1903480851,\"961\":6.164143523,\"962\":6.1959052477,\"963\":6.2079005093,\"964\":6.1607794402,\"965\":6.2059363327,\"966\":6.1970225926,\"967\":6.1382694366,\"968\":6.1695681091,\"969\":6.1400803423,\"970\":6.1334824083,\"971\":6.1495751989,\"972\":6.1403299792,\"973\":6.1501109047,\"974\":6.1636021967,\"975\":6.1529410445,\"976\":6.1434655808,\"977\":6.1585638892,\"978\":6.1445774487,\"979\":6.1465224784,\"980\":6.1233451966,\"981\":6.1260153795,\"982\":6.1132181664,\"983\":6.1687426486,\"984\":6.1433665512,\"985\":6.1176507273,\"986\":6.1695214478,\"987\":6.152661205,\"988\":6.143170196,\"989\":6.1220892287,\"990\":6.1372012285,\"991\":6.1540221468,\"992\":6.1856333435,\"993\":5.4420938961,\"994\":5.3861954343,\"995\":4.9385435515,\"996\":4.9496955324,\"997\":5.0082841665,\"998\":5.0517113085,\"999\":5.0475693639,\"1000\":4.9514619833,\"1001\":4.939409788,\"1002\":4.9810379881,\"1003\":4.9365269831,\"1004\":5.0108602019,\"1005\":4.5843224931,\"1006\":4.3179285644,\"1007\":4.2765010331,\"1008\":4.2742626708,\"1009\":4.2025983922,\"1010\":4.2086829391,\"1011\":4.2319103195,\"1012\":4.2164921737,\"1013\":4.2371008863,\"1014\":4.1749400059,\"1015\":4.1989747028,\"1016\":4.2424425329,\"1017\":4.2242354283,\"1018\":4.1849984038,\"1019\":4.2591801935,\"1020\":4.2744840919,\"1021\":4.2492679419,\"1022\":4.2419652762,\"1023\":4.2351041809,\"1024\":4.2410801788,\"1025\":4.2584722617,\"1026\":4.243214303,\"1027\":4.2479434098,\"1028\":4.220013554,\"1029\":4.2434839686,\"1030\":4.2077955367,\"1031\":4.2226542228,\"1032\":4.2866310378,\"1033\":4.2819088821,\"1034\":4.2815291047,\"1035\":4.2958010751,\"1036\":4.3336979885,\"1037\":4.3258357725,\"1038\":4.2838762753,\"1039\":4.2836118411,\"1040\":4.2716103168,\"1041\":4.3269672187,\"1042\":4.2800167395,\"1043\":4.2844091291,\"1044\":4.297574917,\"1045\":4.2895656145,\"1046\":4.1962950833,\"1047\":4.2236677426,\"1048\":4.1785107427,\"1049\":4.2019783828,\"1050\":4.2156546748,\"1051\":4.1644955575,\"1052\":4.2032597445,\"1053\":4.1884512113,\"1054\":4.1840017189,\"1055\":4.2218527817,\"1056\":4.2177166205,\"1057\":4.2229419878,\"1058\":4.2486198659,\"1059\":4.2362477868,\"1060\":4.2346796955,\"1061\":4.2830876939,\"1062\":4.2498763246,\"1063\":4.2508701603,\"1064\":4.2552276854,\"1065\":4.2523293145,\"1066\":4.2637937754,\"1067\":4.3093891351,\"1068\":4.2870345454,\"1069\":4.2693526298,\"1070\":4.3232776005,\"1071\":4.3153927324,\"1072\":4.3135699269,\"1073\":4.2926115908,\"1074\":4.3144740038,\"1075\":4.3263926397,\"1076\":4.3692336833,\"1077\":3.9230764963,\"1078\":3.8866393432,\"1079\":3.6070301115,\"1080\":3.5928073862,\"1081\":3.6511982202,\"1082\":3.6789400872,\"1083\":3.680530423,\"1084\":3.6264464505,\"1085\":3.6344129187,\"1086\":3.6450038599,\"1087\":3.6214016337,\"1088\":3.6561279891,\"1089\":3.5725751736,\"1090\":3.293018147,\"1091\":3.2668093426,\"1092\":3.2724966512,\"1093\":3.2111280714,\"1094\":3.2428268201,\"1095\":3.2573498451,\"1096\":3.2609271235,\"1097\":3.2639353512,\"1098\":3.2497130983,\"1099\":3.2496622862,\"1100\":3.2758775326,\"1101\":3.3019776229,\"1102\":3.2629200159,\"1103\":3.2789420788,\"1104\":3.3581864029,\"1105\":3.3477576361,\"1106\":3.3277146188,\"1107\":3.3264530695,\"1108\":3.3265961672,\"1109\":3.3393452668,\"1110\":3.3370057183,\"1111\":3.3378600544,\"1112\":3.3125757576,\"1113\":3.3756924942,\"1114\":3.3296410625,\"1115\":3.3482679242,\"1116\":3.3720986053}"}
