{
    "label": "12h_chained",
    "error_metrics": {
        "mae": 1.4668371737,
        "median_ae": 1.2099905772,
        "smape": 0.3917118404,
        "rsme": 1.7026642993,
        "mase": 2.3525642019
    },
    "runtimes": "Training: 45.78 seconds",
    "length_train_dataset": 5032,
    "length_validation_dataset": 14,
    "parameters": "order=(4, 0, 4), seasonal_order=(4, 0, 4, 7)",
    "prediction": [
        1.4485731717,
        2.1467012263,
        2.3828427827,
        3.0862237639,
        3.3472995823,
        3.9341012076,
        4.2871470686,
        4.6696531614,
        5.0063279432,
        5.4950187761,
        5.7754659151,
        6.1362255376,
        3.7731145401,
        3.9722634396
    ]
}