{"label":"Sawtooth_i=100","error_metrics":"{\"MAE\": 3.354672882051049, \"MedianAE\": 3.07677547958033, \"SMAPE\": 0.6557269517126755, \"RSME\": 3.960190301725615, \"MASE\": 5.613062801712606}","runtimes":"Training: 0.15 seconds , order study: 227.97 seconds)","length_train_dataset":2965,"length_validation_dataset":35,"parameters":"order=(2, 0, 0), seasonal_order=(0, 0, 0, 30)","prediction":[8.1350532316,7.8432167662,7.5616875582,7.2902664156,7.0285876882,6.7763017262,6.5330713824,6.2985716121,6.0724890378,5.8545215304,5.6443778057,5.4417770347,5.2464484687,5.0581310772,4.8765731994,4.7015322074,4.5327741826,4.3700736023,4.2132130392,4.0619828701,3.9161809961,3.7756125727,3.640089749,3.509431417,3.3834629692,3.2620160658,3.1449284092,3.0320435276,2.9232105654,2.818284082,2.7171238571,2.6195947038,2.5255662874,2.4349129515,2.3475135502]}
