{
    "label": "InfluxDB_r=4h_om=lbfgs_order=ArimaOrder(order=(0, 1, 0), seasonal_order=(0, 0, 0, 43))",
    "error_metrics": "RSME: 2.17336690845277, MASE: 6.328114321217769",
    "runtimes": "Training: 0.01 seconds",
    "length_train_dataset": 359,
    "length_test_dataset": 200,
    "parameters": "order=(0, 1, 0), seasonal_order=(0, 0, 0, 43)",
    "prediction": "{\"359\":4.2020725389,\"360\":4.2020725389,\"361\":4.2020725389,\"362\":4.2020725389,\"363\":4.2020725389,\"364\":4.2020725389,\"365\":4.2020725389,\"366\":4.2020725389,\"367\":4.2020725389,\"368\":4.2020725389,\"369\":4.2020725389,\"370\":4.2020725389,\"371\":4.2020725389,\"372\":4.2020725389,\"373\":4.2020725389,\"374\":4.2020725389,\"375\":4.2020725389,\"376\":4.2020725389,\"377\":4.2020725389,\"378\":4.2020725389,\"379\":4.2020725389,\"380\":4.2020725389,\"381\":4.2020725389,\"382\":4.2020725389,\"383\":4.2020725389,\"384\":4.2020725389,\"385\":4.2020725389,\"386\":4.2020725389,\"387\":4.2020725389,\"388\":4.2020725389,\"389\":4.2020725389,\"390\":4.2020725389,\"391\":4.2020725389,\"392\":4.2020725389,\"393\":4.2020725389,\"394\":4.2020725389,\"395\":4.2020725389,\"396\":4.2020725389,\"397\":4.2020725389,\"398\":4.2020725389,\"399\":4.2020725389,\"400\":4.2020725389,\"401\":4.2020725389,\"402\":4.2020725389,\"403\":4.2020725389,\"404\":4.2020725389,\"405\":4.2020725389,\"406\":4.2020725389,\"407\":4.2020725389,\"408\":4.2020725389,\"409\":4.2020725389,\"410\":4.2020725389,\"411\":4.2020725389,\"412\":4.2020725389,\"413\":4.2020725389,\"414\":4.2020725389,\"415\":4.2020725389,\"416\":4.2020725389,\"417\":4.2020725389,\"418\":4.2020725389,\"419\":4.2020725389,\"420\":4.2020725389,\"421\":4.2020725389,\"422\":4.2020725389,\"423\":4.2020725389,\"424\":4.2020725389,\"425\":4.2020725389,\"426\":4.2020725389,\"427\":4.2020725389,\"428\":4.2020725389,\"429\":4.2020725389,\"430\":4.2020725389,\"431\":4.2020725389,\"432\":4.2020725389,\"433\":4.2020725389,\"434\":4.2020725389,\"435\":4.2020725389,\"436\":4.2020725389,\"437\":4.2020725389,\"438\":4.2020725389,\"439\":4.2020725389,\"440\":4.2020725389,\"441\":4.2020725389,\"442\":4.2020725389,\"443\":4.2020725389,\"444\":4.2020725389,\"445\":4.2020725389,\"446\":4.2020725389,\"447\":4.2020725389,\"448\":4.2020725389,\"449\":4.2020725389,\"450\":4.2020725389,\"451\":4.2020725389,\"452\":4.2020725389,\"453\":4.2020725389,\"454\":4.2020725389,\"455\":4.2020725389,\"456\":4.2020725389,\"457\":4.2020725389,\"458\":4.2020725389,\"459\":4.2020725389,\"460\":4.2020725389,\"461\":4.2020725389,\"462\":4.2020725389,\"463\":4.2020725389,\"464\":4.2020725389,\"465\":4.2020725389,\"466\":4.2020725389,\"467\":4.2020725389,\"468\":4.2020725389,\"469\":4.2020725389,\"470\":4.2020725389,\"471\":4.2020725389,\"472\":4.2020725389,\"473\":4.2020725389,\"474\":4.2020725389,\"475\":4.2020725389,\"476\":4.2020725389,\"477\":4.2020725389,\"478\":4.2020725389,\"479\":4.2020725389,\"480\":4.2020725389,\"481\":4.2020725389,\"482\":4.2020725389,\"483\":4.2020725389,\"484\":4.2020725389,\"485\":4.2020725389,\"486\":4.2020725389,\"487\":4.2020725389,\"488\":4.2020725389,\"489\":4.2020725389,\"490\":4.2020725389,\"491\":4.2020725389,\"492\":4.2020725389,\"493\":4.2020725389,\"494\":4.2020725389,\"495\":4.2020725389,\"496\":4.2020725389,\"497\":4.2020725389,\"498\":4.2020725389,\"499\":4.2020725389,\"500\":4.2020725389,\"501\":4.2020725389,\"502\":4.2020725389,\"503\":4.2020725389,\"504\":4.2020725389,\"505\":4.2020725389,\"506\":4.2020725389,\"507\":4.2020725389,\"508\":4.2020725389,\"509\":4.2020725389,\"510\":4.2020725389,\"511\":4.2020725389,\"512\":4.2020725389,\"513\":4.2020725389,\"514\":4.2020725389,\"515\":4.2020725389,\"516\":4.2020725389,\"517\":4.2020725389,\"518\":4.2020725389,\"519\":4.2020725389,\"520\":4.2020725389,\"521\":4.2020725389,\"522\":4.2020725389,\"523\":4.2020725389,\"524\":4.2020725389,\"525\":4.2020725389,\"526\":4.2020725389,\"527\":4.2020725389,\"528\":4.2020725389,\"529\":4.2020725389,\"530\":4.2020725389,\"531\":4.2020725389,\"532\":4.2020725389,\"533\":4.2020725389,\"534\":4.2020725389,\"535\":4.2020725389,\"536\":4.2020725389,\"537\":4.2020725389,\"538\":4.2020725389,\"539\":4.2020725389,\"540\":4.2020725389,\"541\":4.2020725389,\"542\":4.2020725389,\"543\":4.2020725389,\"544\":4.2020725389,\"545\":4.2020725389,\"546\":4.2020725389,\"547\":4.2020725389,\"548\":4.2020725389,\"549\":4.2020725389,\"550\":4.2020725389,\"551\":4.2020725389,\"552\":4.2020725389,\"553\":4.2020725389,\"554\":4.2020725389,\"555\":4.2020725389,\"556\":4.2020725389,\"557\":4.2020725389,\"558\":4.2020725389}"
}