{
    "label": "Sawtooth_i=100_om=lbfgs",
    "error_metrics": "RSME: 3.513090362685293e-07, SMAPE: 5.363040382179897e-08, MASE: 1.6458086724786268e-07",
    "runtimes": "Training: 5.45 seconds",
    "length_train_dataset": 875,
    "length_validation_dataset": 25,
    "parameters": "order=(4, 0, 1), seasonal_order=(2, 0, 0, 9)",
    "prediction": "{\"875\":3.0000000161,\"876\":3.9999997906,\"877\":4.9999997493,\"878\":5.9999997749,\"879\":6.9999996512,\"880\":7.999999606,\"881\":8.9999996258,\"882\":0.9999999205,\"883\":1.9999998748,\"884\":2.9999998772,\"885\":3.9999998297,\"886\":4.9999997816,\"887\":5.9999997654,\"888\":6.9999997239,\"889\":7.9999996744,\"890\":8.9999996449,\"891\":0.9999999685,\"892\":1.99999992,\"893\":2.9999998996,\"894\":3.9999996343,\"895\":4.9999995469,\"896\":5.9999995332,\"897\":6.9999993701,\"898\":7.9999992814,\"899\":8.999999261}"
}