{
    "label": "18h_chained",
    "error_metrics": {
        "mae": 1.6492660996,
        "median_ae": 1.4779108938,
        "smape": 0.421681534,
        "rsme": 2.0267471021,
        "mase": 2.2581454963
    },
    "runtimes": "Training: 24.43 seconds",
    "length_train_dataset": 5004,
    "length_validation_dataset": 100,
    "parameters": "order=(2, 0, 1), seasonal_order=(2, 0, 2, 9)",
    "prediction": [
        4.8797182748,
        4.4843128406,
        4.3615803504,
        3.8112386544,
        3.7952240945,
        3.6574933679,
        3.8604559424,
        4.0674235758,
        4.2139520791,
        4.3042498021,
        4.3310134992,
        4.1902232927,
        4.5772584768,
        4.5489695997,
        4.5527998353,
        4.2191671338,
        3.9001254102,
        3.6144313883,
        3.5161754596,
        3.5106276512,
        3.7033229601,
        3.4859716554,
        3.6608124752,
        3.6665835284,
        3.9081680177,
        4.1165639692,
        4.2453046988,
        4.3203449607,
        4.3347802539,
        4.2070375808,
        4.5301259842,
        4.5048755244,
        4.4977936601,
        4.2025338951,
        3.9205136208,
        3.6647969497,
        3.5785671283,
        3.5737678161,
        3.7403163966,
        3.5672301641,
        3.7263613328,
        3.7317027702,
        3.9302313075,
        4.0992519165,
        4.1971219271,
        4.2593151652,
        4.2723538169,
        4.1686210873,
        4.4514172013,
        4.4411504881,
        4.4350662822,
        4.1799219043,
        3.9345409869,
        3.7075480279,
        3.6333620296,
        3.6299959423,
        3.7745625077,
        3.6385109118,
        3.783859781,
        3.7882705984,
        3.9499321711,
        4.085279813,
        4.1567580522,
        4.2078695083,
        4.2195752434,
        4.1360199985,
        4.3847659789,
        4.3871370603,
        4.3819062532,
        4.1606431151,
        3.9462124832,
        3.7434878792,
        3.679486601,
        3.6773447811,
        3.8033671816,
        3.6985803298,
        3.8322985245,
        3.8359257858,
        3.9664709238,
        4.0733973936,
        4.1226003349,
        4.1643573771,
        4.1749370132,
        4.1084113095,
        4.3284148823,
        4.3414508596,
        4.3369400753,
        4.1442753445,
        3.9559695314,
        3.7737304531,
        3.7183258794,
        3.7172173372,
        3.82758684,
        3.7491877443,
        3.8730873577,
        3.8760532947,
        3.9803352938,
        4.0632737859,
        4.0936767875,
        4.1275383827
    ]
}