{"label":"InfluxDB_r=2h_om=lbfgs_order=ArimaOrder(order=(0, 0, 0), seasonal_order=(2, 0, 1, 84))","mean_squared_error":2.0777299882,"runtimes":"Training: 58.50 seconds","length_train_dataset":917,"length_test_dataset":200,"parameters":"order=(0, 0, 0), seasonal_order=(2, 0, 1, 84)","prediction":"{\"917\":3.9550302303,\"918\":4.0730266048,\"919\":4.0422572184,\"920\":4.2606553875,\"921\":3.8236191929,\"922\":3.1684232936,\"923\":3.1149891048,\"924\":3.2311105444,\"925\":3.0616576011,\"926\":3.16737728,\"927\":3.2832622917,\"928\":3.291867226,\"929\":3.3956045293,\"930\":3.3512259616,\"931\":3.4208621733,\"932\":3.5961190995,\"933\":3.5938366932,\"934\":3.5505461595,\"935\":3.7083231558,\"936\":3.9702196604,\"937\":3.9541439392,\"938\":3.9417318951,\"939\":3.9637818689,\"940\":4.015710162,\"941\":4.1094084275,\"942\":4.1015437301,\"943\":4.1857900824,\"944\":4.1353227157,\"945\":4.3271060741,\"946\":4.2483148434,\"947\":4.3134081461,\"948\":4.4814761971,\"949\":4.5093553898,\"950\":4.572592374,\"951\":4.6413184358,\"952\":4.7348224805,\"953\":4.7723968829,\"954\":4.7465570667,\"955\":4.786135282,\"956\":4.8439934366,\"957\":4.9828642622,\"958\":4.9621785694,\"959\":4.9912762901,\"960\":5.0855630966,\"961\":5.083519214,\"962\":5.1527680205,\"963\":5.2434233898,\"964\":5.179600929,\"965\":5.333604334,\"966\":5.389508892,\"967\":5.2934936505,\"968\":5.4479842497,\"969\":5.447871801,\"970\":5.4886621219,\"971\":5.6067230736,\"972\":5.641326745,\"973\":5.7121349376,\"974\":5.7977319181,\"975\":5.8413615014,\"976\":5.8624880459,\"977\":6.0163201472,\"978\":6.0002538833,\"979\":6.0611264083,\"980\":6.0726799455,\"981\":6.1414097262,\"982\":6.1767240896,\"983\":6.3503693972,\"984\":6.3503446808,\"985\":6.329936018,\"986\":6.5481310149,\"987\":6.5457401558,\"988\":6.574283988,\"989\":6.5720305598,\"990\":6.6823173658,\"991\":6.7555071487,\"992\":6.9044975303,\"993\":5.3294279854,\"994\":5.1403968032,\"995\":4.2793668912,\"996\":4.3181197738,\"997\":4.5671929619,\"998\":4.7124512549,\"999\":4.7293953246,\"1000\":4.5893819031,\"1001\":3.9791103238,\"1002\":4.1576543887,\"1003\":4.0700211978,\"1004\":4.3123210291,\"1005\":3.9133786388,\"1006\":3.1847942381,\"1007\":3.1420794954,\"1008\":3.2533133685,\"1009\":3.0969294003,\"1010\":3.2066054068,\"1011\":3.3117387621,\"1012\":3.3369739877,\"1013\":3.4381744066,\"1014\":3.3225951276,\"1015\":3.4586710631,\"1016\":3.6184681927,\"1017\":3.6526630819,\"1018\":3.5961263871,\"1019\":3.7607774935,\"1020\":3.9873980736,\"1021\":3.9766483309,\"1022\":3.9649066847,\"1023\":3.9775354291,\"1024\":4.0071419582,\"1025\":4.1357256757,\"1026\":4.1254518168,\"1027\":4.1994338876,\"1028\":4.1500642354,\"1029\":4.3386855921,\"1030\":4.2686521676,\"1031\":4.3695905245,\"1032\":4.4767733249,\"1033\":4.5054650251,\"1034\":4.5710995425,\"1035\":4.6524983161,\"1036\":4.7522888409,\"1037\":4.7726576762,\"1038\":4.7550171462,\"1039\":4.7906151321,\"1040\":4.8498424733,\"1041\":4.9726356046,\"1042\":4.9477354467,\"1043\":4.9977014268,\"1044\":5.0838680268,\"1045\":5.0862823748,\"1046\":5.1555125705,\"1047\":5.2856333387,\"1048\":5.162239407,\"1049\":5.3185256301,\"1050\":5.3911905538,\"1051\":5.2833018922,\"1052\":5.4475925313,\"1053\":5.4390753609,\"1054\":5.4824725114,\"1055\":5.5970932776,\"1056\":5.6300064852,\"1057\":5.6963968659,\"1058\":5.7858763267,\"1059\":5.8216647073,\"1060\":5.8419009517,\"1061\":5.9862509512,\"1062\":5.9721421448,\"1063\":6.0247563317,\"1064\":6.0483717016,\"1065\":6.1036766326,\"1066\":6.1439486815,\"1067\":6.3149581797,\"1068\":6.3107272636,\"1069\":6.2928051211,\"1070\":6.5105131099,\"1071\":6.533668811,\"1072\":6.5334796961,\"1073\":6.5197150267,\"1074\":6.6249832955,\"1075\":6.7549195831,\"1076\":6.8773390747,\"1077\":5.4571294465,\"1078\":5.288603637,\"1079\":4.5568920271,\"1080\":4.5883978672,\"1081\":4.8610027491,\"1082\":4.9481548528,\"1083\":5.018596102,\"1084\":4.8535493165,\"1085\":3.9471229637,\"1086\":4.1174233118,\"1087\":4.0369442392,\"1088\":4.2747276294,\"1089\":3.8743544769,\"1090\":3.1595245232,\"1091\":3.1158962864,\"1092\":3.2268726192,\"1093\":3.0701411686,\"1094\":3.1785585365,\"1095\":3.2841505486,\"1096\":3.3072963859,\"1097\":3.4080438391,\"1098\":3.3014654097,\"1099\":3.4289350158,\"1100\":3.5893282813,\"1101\":3.6190956707,\"1102\":3.5644908527,\"1103\":3.7271454168,\"1104\":3.956140009,\"1105\":3.9448594595,\"1106\":3.9331273128,\"1107\":3.9467419285,\"1108\":3.9786865998,\"1109\":4.1023316912,\"1110\":4.0924091299,\"1111\":4.1670228939,\"1112\":4.1178902317,\"1113\":4.3054880011,\"1114\":4.2349663541,\"1115\":4.3310593013,\"1116\":4.4444255256}"}
