{"label":"StockPrice","mean_squared_error":0.5937525906,"runtimes":"Training: 0.64 seconds , order study: 12.26 seconds)","length_train_dataset":3252,"length_test_dataset":20,"parameters":"order=(1, 1, 2), seasonal_order=(0, 0, 0, 0)","prediction":"{\"3252\":8.2584417549,\"3253\":8.2675149836,\"3254\":8.2605202038,\"3255\":8.2659126552,\"3256\":8.261755479,\"3257\":8.2649603505,\"3258\":8.2624896346,\"3259\":8.2643943716,\"3260\":8.262925962,\"3261\":8.2640579958,\"3262\":8.2631852825,\"3263\":8.2638580791,\"3264\":8.2633394033,\"3265\":8.2637392635,\"3266\":8.2634310012,\"3267\":8.2636686484,\"3268\":8.2634854402,\"3269\":8.26362668,\"3270\":8.2635177947,\"3271\":8.2636017371}"}
