{"label":"InfluxDB_r=2h_om=lbfgs_order=ArimaOrder(order=(0, 2, 0), seasonal_order=(2, 0, 2, 84))","mean_squared_error":56.9858811791,"runtimes":"Training: 208.32 seconds","length_train_dataset":917,"length_test_dataset":200,"parameters":"order=(0, 2, 0), seasonal_order=(2, 0, 2, 84)","prediction":"{\"917\":6.7171438497,\"918\":6.346766801,\"919\":5.7939881926,\"920\":5.2374892279,\"921\":4.7834952357,\"922\":3.6562652733,\"923\":3.141125816,\"924\":2.6208625683,\"925\":2.1590314783,\"926\":1.7028122787,\"927\":1.2575859926,\"928\":0.8869284151,\"929\":0.3679068177,\"930\":-0.1724327502,\"931\":-0.4773464511,\"932\":-1.1039379343,\"933\":-1.3625904496,\"934\":-1.8326043469,\"935\":-2.1878456608,\"936\":-2.7067519765,\"937\":-3.1428006407,\"938\":-3.6635685989,\"939\":-4.1205918741,\"940\":-4.5606762416,\"941\":-5.1342458214,\"942\":-5.4497120415,\"943\":-6.0203840916,\"944\":-6.4045171673,\"945\":-6.8253625757,\"946\":-7.3314452995,\"947\":-7.694992628,\"948\":-8.1981888053,\"949\":-8.7275973449,\"950\":-9.1218618976,\"951\":-9.5294025812,\"952\":-9.8665666907,\"953\":-10.3822050468,\"954\":-10.8913317219,\"955\":-11.3793384102,\"956\":-11.8034586607,\"957\":-12.3264962329,\"958\":-12.8192747596,\"959\":-13.1432452223,\"960\":-13.600288405,\"961\":-14.0659852184,\"962\":-14.881789739,\"963\":-15.2034459543,\"964\":-15.7402947985,\"965\":-16.168991916,\"966\":-16.5833687779,\"967\":-17.1185155663,\"968\":-17.5413826728,\"969\":-18.0473034049,\"970\":-18.5071245046,\"971\":-18.9495322676,\"972\":-19.4254123707,\"973\":-19.8293456686,\"974\":-20.2702067903,\"975\":-20.7967856513,\"976\":-21.2370714198,\"977\":-21.6879651884,\"978\":-22.191773934,\"979\":-22.6128978664,\"980\":-23.0681707028,\"981\":-23.5863787995,\"982\":-23.9840159463,\"983\":-24.5081248164,\"984\":-24.9135121653,\"985\":-25.3709039349,\"986\":-25.8801631608,\"987\":-26.2715581178,\"988\":-26.7386776382,\"989\":-27.2627287984,\"990\":-27.7434978458,\"991\":-28.0424633017,\"992\":-28.4858177057,\"993\":-28.5050944238,\"994\":-28.7720628085,\"995\":-29.9867339728,\"996\":-30.4134568778,\"997\":-30.8016797226,\"998\":-31.2702735511,\"999\":-31.6172548114,\"1000\":-32.2644049068,\"1001\":-32.7684288346,\"1002\":-33.3051673893,\"1003\":-33.853153393,\"1004\":-34.3918382826,\"1005\":-35.5872803744,\"1006\":-36.5837488761,\"1007\":-37.2045678307,\"1008\":-37.928857335,\"1009\":-38.4198112099,\"1010\":-39.0374633521,\"1011\":-39.6220286513,\"1012\":-40.1673789521,\"1013\":-40.6915319873,\"1014\":-41.2937016826,\"1015\":-41.9257417888,\"1016\":-42.4041717598,\"1017\":-42.9117907318,\"1018\":-43.5768149422,\"1019\":-44.2407757692,\"1020\":-44.923208794,\"1021\":-45.4627365189,\"1022\":-45.9805862755,\"1023\":-46.5234192151,\"1024\":-47.1904141307,\"1025\":-47.5973002268,\"1026\":-48.20238783,\"1027\":-48.7838081173,\"1028\":-49.4044657903,\"1029\":-50.014686219,\"1030\":-50.5228277549,\"1031\":-51.0438888743,\"1032\":-51.7483734032,\"1033\":-52.2881828702,\"1034\":-52.8500518653,\"1035\":-53.3707114812,\"1036\":-54.0579740498,\"1037\":-54.675850215,\"1038\":-55.1230546438,\"1039\":-55.6728119929,\"1040\":-56.2335160695,\"1041\":-56.7822208839,\"1042\":-57.3640037471,\"1043\":-57.8998379481,\"1044\":-58.4892539974,\"1045\":-59.0297620669,\"1046\":-59.3111860619,\"1047\":-59.8675203577,\"1048\":-60.4848704125,\"1049\":-61.0098755151,\"1050\":-61.5525868172,\"1051\":-62.1531563559,\"1052\":-62.7125780101,\"1053\":-63.2870085234,\"1054\":-63.8846549031,\"1055\":-64.5004750137,\"1056\":-65.032547767,\"1057\":-65.6108744485,\"1058\":-66.1765754491,\"1059\":-66.7621469585,\"1060\":-67.3151744102,\"1061\":-68.0555180497,\"1062\":-68.429576352,\"1063\":-69.0187720524,\"1064\":-69.6064987312,\"1065\":-70.1830881197,\"1066\":-70.827379023,\"1067\":-71.4034161817,\"1068\":-71.9490915952,\"1069\":-72.5539370639,\"1070\":-73.0789986323,\"1071\":-73.6767846616,\"1072\":-74.2691316039,\"1073\":-74.8075494994,\"1074\":-75.4166273087,\"1075\":-76.0633610538,\"1076\":-76.6745073617,\"1077\":-76.8822957006,\"1078\":-77.5408783654,\"1079\":-78.2276132242,\"1080\":-78.7649306693,\"1081\":-79.5313615803,\"1082\":-80.0878114406,\"1083\":-80.627712996,\"1084\":-81.2664320064,\"1085\":-81.904544911,\"1086\":-82.6007193854,\"1087\":-83.1576716994,\"1088\":-83.716915857,\"1089\":-83.9973802044,\"1090\":-83.8934667216,\"1091\":-84.4386830916,\"1092\":-84.9244473912,\"1093\":-85.5785055582,\"1094\":-86.1684430424,\"1095\":-86.7842209917,\"1096\":-87.4755538634,\"1097\":-88.0699835315,\"1098\":-88.6068432764,\"1099\":-89.2994977667,\"1100\":-89.8400122289,\"1101\":-90.6334324006,\"1102\":-91.1877923658,\"1103\":-91.826517109,\"1104\":-92.3358087242,\"1105\":-92.9825364411,\"1106\":-93.5790849959,\"1107\":-94.2087201246,\"1108\":-94.7838697139,\"1109\":-95.4016151238,\"1110\":-96.1010774724,\"1111\":-96.6269643693,\"1112\":-97.2679116392,\"1113\":-97.887675965,\"1114\":-98.5001729628,\"1115\":-99.2097747773,\"1116\":-99.7186627963}"}
