{"label":"Sawtooth_[1,10,10]_i=200","error_metrics":{"mae":2.17653958,"median_ae":2.2441253662,"smape":0.4372961403,"rsme":2.6846812771,"mase":1.0904345779},"runtimes":"Training: 237.75 seconds","length_train_dataset":1764,"length_validation_dataset":36,"parameters":"Epochs: 50, hyperparameters: Hyperparamters(gradient_clip_val=5.567624753786564, hidden_continuous_size=41, dropout=0.15965296238642823, attention_head_size=1, learning_rate=0.0031622776601683794, accelerator='auto', hidden_size=104)","prediction":[1.4337468147,1.8088858128,2.6276767254,4.2373380661,5.6398644447,6.2474727631,6.42182827,6.3880724907,6.2203578949,6.0131201744,5.8328680992,5.7003922462,5.612555027,5.5593905449,5.5304274559,5.5167961121,5.5119276047,5.5114150047,5.5125527382,5.5138549805,5.5146226883,5.5146298409,5.5138955116,5.5125517845,5.5107531548,5.5086450577,5.5063438416,5.5039353371,5.5014762878,5.4990038872,5.4965405464,5.4940953255,5.4916753769,5.4892807007,5.4869127274,5.484568119]}
