{
    "label": "2h",
    "error_metrics": {
        "mae": 0.1813798696,
        "median_ae": 0.0970809956,
        "smape": 0.0322758756,
        "rsme": 0.3231756558,
        "mase": 0.9602381505
    },
    "runtimes": "Training: 611.34 seconds",
    "length_train_dataset": 1165,
    "length_validation_dataset": 36,
    "parameters": "order=(0, 0, 2), seasonal_order=(2, 0, 2, 84)",
    "prediction": [
        4.9451695286,
        4.9558242559,
        4.8172717793,
        4.9340587815,
        4.9333576572,
        5.0702069862,
        5.1299426205,
        5.2347202929,
        5.1362694911,
        5.2282983348,
        5.1526101844,
        5.2527345059,
        5.2787220793,
        5.3155190271,
        5.3818295839,
        5.4830463171,
        5.5380878097,
        5.5792570408,
        5.6670507608,
        5.6656150999,
        5.7261072503,
        5.7715472972,
        5.7897401806,
        5.8244701616,
        5.9168607265,
        5.9636634608,
        5.9678203913,
        6.0445003543,
        6.0982816733,
        6.1846406646,
        6.177412043,
        6.2430839722,
        6.3231196622,
        6.3703614497,
        5.2705194481,
        4.7749609621
    ]
}