{"label":"InfluxDB_r=2h_om=lbfgs_order=ArimaOrder(order=(1, 1, 0), seasonal_order=(2, 0, 2, 84))","mean_squared_error":4.0479255004,"runtimes":"Training: 218.82 seconds","length_train_dataset":917,"length_test_dataset":200,"parameters":"order=(1, 1, 0), seasonal_order=(2, 0, 2, 84)","prediction":"{\"917\":7.2380778522,\"918\":7.2753092807,\"919\":7.2627629711,\"920\":7.3281370398,\"921\":7.2432461309,\"922\":6.9413574551,\"923\":6.9281458379,\"924\":6.9562594156,\"925\":6.9023488097,\"926\":6.9548710968,\"927\":6.9905226441,\"928\":7.0101160919,\"929\":7.0347934271,\"930\":7.0271711755,\"931\":7.0513896691,\"932\":7.1014404369,\"933\":7.1418541546,\"934\":7.1152269037,\"935\":7.1559209057,\"936\":7.2606415364,\"937\":7.2631637587,\"938\":7.2565774414,\"939\":7.2693870229,\"940\":7.2842232317,\"941\":7.3192190623,\"942\":7.3290477681,\"943\":7.3480391779,\"944\":7.332919969,\"945\":7.4192033237,\"946\":7.383378914,\"947\":7.4207903958,\"948\":7.462734994,\"949\":7.4775324871,\"950\":7.515388301,\"951\":7.5452976093,\"952\":7.5791261173,\"953\":7.5919663419,\"954\":7.5878000426,\"955\":7.6055356605,\"956\":7.647814418,\"957\":7.6740947036,\"958\":7.6817471843,\"959\":7.6992316195,\"960\":7.7358490728,\"961\":7.7375293,\"962\":7.8065102942,\"963\":7.8467190245,\"964\":7.8245174403,\"965\":7.8951935095,\"966\":7.9141298277,\"967\":7.8832080925,\"968\":7.9403411557,\"969\":7.9378462024,\"970\":7.9579451232,\"971\":7.9977212242,\"972\":8.0142308243,\"973\":8.048073779,\"974\":8.0845940151,\"975\":8.1003963906,\"976\":8.1148234595,\"977\":8.1541372434,\"978\":8.165130311,\"979\":8.1909950686,\"980\":8.192374247,\"981\":8.2190634994,\"982\":8.2298128912,\"983\":8.3047901547,\"984\":8.3043726141,\"985\":8.3018345194,\"986\":8.3766883437,\"987\":8.3836505817,\"988\":8.3944578171,\"989\":8.3962558953,\"990\":8.433157973,\"991\":8.4746254626,\"992\":8.5243899693,\"993\":7.8502439409,\"994\":7.8114946169,\"995\":7.4184344477,\"996\":7.4499330008,\"997\":7.5316385962,\"998\":7.58986532,\"999\":7.6088201496,\"1000\":7.536353071,\"1001\":7.547251996,\"1002\":7.6116129925,\"1003\":7.5896004016,\"1004\":7.6826981875,\"1005\":7.3307456761,\"1006\":7.1059530788,\"1007\":7.0886946047,\"1008\":7.1108353654,\"1009\":7.0652926015,\"1010\":7.0922310686,\"1011\":7.1347511509,\"1012\":7.1408201855,\"1013\":7.1821396158,\"1014\":7.1408295767,\"1015\":7.1875996188,\"1016\":7.248940253,\"1017\":7.2498105877,\"1018\":7.2341566203,\"1019\":7.3226707284,\"1020\":7.3582360491,\"1021\":7.3534616123,\"1022\":7.3649024976,\"1023\":7.3762117823,\"1024\":7.3985764563,\"1025\":7.4371088532,\"1026\":7.4395288756,\"1027\":7.4639453727,\"1028\":7.454880963,\"1029\":7.4962160033,\"1030\":7.4820243377,\"1031\":7.5146434661,\"1032\":7.5879449022,\"1033\":7.6005759532,\"1034\":7.6170453743,\"1035\":7.6477418867,\"1036\":7.6992021883,\"1037\":7.7084941595,\"1038\":7.6879395431,\"1039\":7.7036010794,\"1040\":7.7093108651,\"1041\":7.7769754434,\"1042\":7.750023462,\"1043\":7.7702639395,\"1044\":7.7985699062,\"1045\":7.8062930099,\"1046\":7.7459282631,\"1047\":7.7887062824,\"1048\":7.7582957025,\"1049\":7.7963390741,\"1050\":7.8253716277,\"1051\":7.7918642631,\"1052\":7.8441652812,\"1053\":7.8452015315,\"1054\":7.8565775136,\"1055\":7.9057868682,\"1056\":7.9166462845,\"1057\":7.9354540308,\"1058\":7.9727621648,\"1059\":7.9767878254,\"1060\":7.9886685127,\"1061\":8.0485120979,\"1062\":8.0316855911,\"1063\":8.0464228194,\"1064\":8.0642282072,\"1065\":8.0756801023,\"1066\":8.0996659698,\"1067\":8.1547309937,\"1068\":8.1477448465,\"1069\":8.1437434864,\"1070\":8.2097840479,\"1071\":8.2160277775,\"1072\":8.2250430546,\"1073\":8.218164763,\"1074\":8.2517857564,\"1075\":8.2788644168,\"1076\":8.3296097861,\"1077\":7.938555455,\"1078\":7.9120404467,\"1079\":7.6752632704,\"1080\":7.6742066739,\"1081\":7.7452392911,\"1082\":7.7796766891,\"1083\":7.7953052762,\"1084\":7.7559143406,\"1085\":7.7782306976,\"1086\":7.8047674416,\"1087\":7.796171617,\"1088\":7.8430501869,\"1089\":7.8085354123,\"1090\":7.5686834736,\"1091\":7.5590331482,\"1092\":7.5812318769,\"1093\":7.5390155129,\"1094\":7.5821328207,\"1095\":7.6086363513,\"1096\":7.6251752423,\"1097\":7.6421646504,\"1098\":7.6401729374,\"1099\":7.6561371679,\"1100\":7.6931572783,\"1101\":7.7285990832,\"1102\":7.7069676384,\"1103\":7.7326599068,\"1104\":7.8206981293,\"1105\":7.8234607877,\"1106\":7.816363711,\"1107\":7.8263389951,\"1108\":7.8368356583,\"1109\":7.8632173386,\"1110\":7.8715849949,\"1111\":7.8855018535,\"1112\":7.8732393775,\"1113\":7.9444052378,\"1114\":7.9145187483,\"1115\":7.9436992522,\"1116\":7.9722263829}"}
