{
    "label": "Sawtooth_[1,10,10]_i=100",
    "error_metrics": {
        "mae": 0.0000046524,
        "median_ae": 0.0000040151,
        "smape": 0.0000009821,
        "rsme": 0.000005656,
        "mase": 0.0000023357
    },
    "runtimes": "Training: 5.52 seconds",
    "length_train_dataset": 864,
    "length_validation_dataset": 36,
    "parameters": "order=(4, 0, 1), seasonal_order=(2, 0, 0, 9)",
    "prediction": [
        1.0000044482,
        2.1250029293,
        3.2500016834,
        4.3749999924,
        5.4999985862,
        6.6249974326,
        7.7499961966,
        8.8749951722,
        9.9999942943,
        0.9999994842,
        2.1249987058,
        3.2499979894,
        4.3749972666,
        5.4999965876,
        6.6249959264,
        7.7499952557,
        8.8749945983,
        9.9999939422,
        1.0000038002,
        2.1250016208,
        3.2499997119,
        4.3749973529,
        5.4999952789,
        6.6249934552,
        7.7499915468,
        8.8749898497,
        9.9999882982,
        0.9999988897,
        2.1249974356,
        3.2499960434,
        4.3749946442,
        5.4999932891,
        6.6249919519,
        7.7499906051,
        8.874989272,
        9.9999879403
    ]
}