{"label":"InfluxDB_r=2h_om=lbfgs_order=ArimaOrder(order=(0, 0, 0), seasonal_order=(1, 2, 2, 84))","mean_squared_error":2.6907056698,"runtimes":"Training: 737.72 seconds","length_train_dataset":917,"length_test_dataset":200,"parameters":"order=(0, 0, 0), seasonal_order=(1, 2, 2, 84)","prediction":"{\"917\":3.9597981508,\"918\":4.2047101892,\"919\":4.1620949998,\"920\":4.5089731794,\"921\":4.6907027258,\"922\":3.6893480798,\"923\":3.5076129026,\"924\":3.541477318,\"925\":3.3119278192,\"926\":3.4385297216,\"927\":3.5865734922,\"928\":3.5541361069,\"929\":3.7392940298,\"930\":3.609876475,\"931\":3.7659289574,\"932\":4.0241250354,\"933\":3.8633638202,\"934\":3.8571487307,\"935\":4.1353524032,\"936\":4.5065070278,\"937\":4.3937502679,\"938\":4.339219475,\"939\":4.3346184869,\"940\":4.3037161226,\"941\":4.5577322915,\"942\":4.4880718821,\"943\":4.6263669419,\"944\":4.4536208955,\"945\":4.7931829267,\"946\":4.6969687584,\"947\":4.789466684,\"948\":5.00366032,\"949\":5.0016742932,\"950\":5.0525739232,\"951\":5.1293882002,\"952\":5.25709124,\"953\":5.2980624339,\"954\":5.2372692989,\"955\":5.2387229975,\"956\":5.3800360897,\"957\":5.5347839191,\"958\":5.5009795399,\"959\":5.4668404922,\"960\":5.6028039795,\"961\":5.5222116554,\"962\":6.459181956,\"963\":6.5809174822,\"964\":6.4204807949,\"965\":6.6598367032,\"966\":6.734025694,\"967\":6.5483667523,\"968\":6.759703825,\"969\":6.7381889327,\"970\":6.8359861115,\"971\":6.9488385943,\"972\":7.0052786584,\"973\":7.0593347541,\"974\":7.1237601,\"975\":7.2281416974,\"976\":7.2514002602,\"977\":7.4744759983,\"978\":7.4647390099,\"979\":7.5475210336,\"980\":7.5280370731,\"981\":7.6394395808,\"982\":7.6797079391,\"983\":7.9133608548,\"984\":7.8816476545,\"985\":7.7670681067,\"986\":8.2127368009,\"987\":8.1698143678,\"988\":8.1733053945,\"989\":8.1669175647,\"990\":8.3023478718,\"991\":8.4298885383,\"992\":8.6227498188,\"993\":6.4327896154,\"994\":6.0630716391,\"995\":4.6008379176,\"996\":4.7356131433,\"997\":5.1333998369,\"998\":5.3214259368,\"999\":5.3543452622,\"1000\":5.0691418282,\"1001\":3.9896004316,\"1002\":4.3260423139,\"1003\":4.2153040355,\"1004\":4.6160773066,\"1005\":4.9798408421,\"1006\":3.8347094751,\"1007\":3.6414040907,\"1008\":3.661579526,\"1009\":3.4283575475,\"1010\":3.5647309024,\"1011\":3.7085789216,\"1012\":3.684685193,\"1013\":3.8840072189,\"1014\":3.6592510866,\"1015\":3.9047523391,\"1016\":4.1649412253,\"1017\":4.0115924713,\"1018\":3.9974481807,\"1019\":4.3014065461,\"1020\":4.6671803024,\"1021\":4.5426959444,\"1022\":4.4779074586,\"1023\":4.4558671746,\"1024\":4.3858955804,\"1025\":4.7076777158,\"1026\":4.6202794446,\"1027\":4.7611783352,\"1028\":4.5659114235,\"1029\":4.9326705053,\"1030\":4.8404122955,\"1031\":4.9756170588,\"1032\":5.1280940511,\"1033\":5.120910355,\"1034\":5.1719039801,\"1035\":5.2636543408,\"1036\":5.4011332455,\"1037\":5.4240548366,\"1038\":5.3689554859,\"1039\":5.3590092869,\"1040\":5.5153088655,\"1041\":5.6569429182,\"1042\":5.6173294936,\"1043\":5.5942533019,\"1044\":5.7299491867,\"1045\":5.6391147889,\"1046\":6.7284080908,\"1047\":6.8997482759,\"1048\":6.652566435,\"1049\":6.9124724266,\"1050\":7.0086881651,\"1051\":6.7911444286,\"1052\":7.0271496677,\"1053\":6.992355282,\"1054\":7.1027848563,\"1055\":7.2118616245,\"1056\":7.2698279834,\"1057\":7.3171011997,\"1058\":7.381237415,\"1059\":7.4900165102,\"1060\":7.509969149,\"1061\":7.7386999251,\"1062\":7.7307421777,\"1063\":7.8093488984,\"1064\":7.7965202417,\"1065\":7.9032346221,\"1066\":7.94825147,\"1067\":8.1907897716,\"1068\":8.1511272966,\"1069\":8.0218927896,\"1070\":8.5121971971,\"1071\":8.489578617,\"1072\":8.4552141995,\"1073\":8.4352682241,\"1074\":8.573411596,\"1075\":8.7754876705,\"1076\":8.94826255,\"1077\":6.7909045572,\"1078\":6.3930350313,\"1079\":4.9747077039,\"1080\":5.1164814802,\"1081\":5.5791673389,\"1082\":5.7103216357,\"1083\":5.8047121923,\"1084\":5.4658315408,\"1085\":3.9647427621,\"1086\":4.3367238277,\"1087\":4.2198754042,\"1088\":4.6579829769,\"1089\":5.2185370808,\"1090\":3.9833430354,\"1091\":3.7553428023,\"1092\":3.7581047062,\"1093\":3.5033635184,\"1094\":3.6461302685,\"1095\":3.7995086867,\"1096\":3.7623232323,\"1097\":3.9850577265,\"1098\":3.7359293564,\"1099\":4.0051911181,\"1100\":4.2902519373,\"1101\":4.0901889296,\"1102\":4.0863843935,\"1103\":4.4188362285,\"1104\":4.8245942137,\"1105\":4.6738053262,\"1106\":4.5946332751,\"1107\":4.5631619922,\"1108\":4.4706461265,\"1109\":4.83581441,\"1110\":4.7281626697,\"1111\":4.8868290502,\"1112\":4.6571836279,\"1113\":5.066326123,\"1114\":4.967651439,\"1115\":5.1083988504,\"1116\":5.26943411}"}
