{"label":"InfluxDB_r=2h_om=lbfgs_order=ArimaOrder(order=(0, 0, 0), seasonal_order=(1, 1, 0, 84))","mean_squared_error":2.5749603529,"runtimes":"Training: 6.34 seconds","length_train_dataset":917,"length_test_dataset":200,"parameters":"order=(0, 0, 0), seasonal_order=(1, 1, 0, 84)","prediction":"{\"917\":4.7229944486,\"918\":5.0046506701,\"919\":4.7507538721,\"920\":4.9974491897,\"921\":4.9339749902,\"922\":4.3331474012,\"923\":4.3699121071,\"924\":4.6695857572,\"925\":4.3481527733,\"926\":4.5154700503,\"927\":4.6299673194,\"928\":4.6142080752,\"929\":4.6781332252,\"930\":4.4830633886,\"931\":4.7444611566,\"932\":4.8567071052,\"933\":4.9419372066,\"934\":4.8976715306,\"935\":4.9919069144,\"936\":5.541886918,\"937\":5.5510402293,\"938\":5.4342916395,\"939\":5.3876231822,\"940\":5.4099849273,\"941\":5.5024165091,\"942\":5.4730047444,\"943\":5.5580902488,\"944\":5.5463861273,\"945\":5.8606141989,\"946\":5.7114520837,\"947\":5.8182900581,\"948\":5.732760467,\"949\":5.7411633381,\"950\":5.8212952508,\"951\":5.9119298944,\"952\":6.0177213709,\"953\":5.988461067,\"954\":6.0285270233,\"955\":6.0723451807,\"956\":6.1337195204,\"957\":6.1167623174,\"958\":6.2037996528,\"959\":6.2630707008,\"960\":6.389723042,\"961\":6.3697640782,\"962\":6.4270867273,\"963\":6.6616269728,\"964\":6.3975269337,\"965\":6.5975572258,\"966\":6.6859405488,\"967\":6.5448852469,\"968\":6.7624717214,\"969\":6.7578210513,\"970\":6.8199458312,\"971\":6.9398442106,\"972\":6.9700064155,\"973\":7.0675464817,\"974\":7.12366774,\"975\":7.2191079465,\"976\":7.1649350871,\"977\":7.4119367583,\"978\":7.3268512538,\"979\":7.3883770543,\"980\":7.4493004435,\"981\":7.5105267543,\"982\":7.5589955818,\"983\":7.7653288852,\"984\":7.8379598279,\"985\":7.8177013745,\"986\":8.0496942416,\"987\":8.152783447,\"988\":8.1104696019,\"989\":8.0642520951,\"990\":8.2309703927,\"991\":8.5087263842,\"992\":8.7026085579,\"993\":5.8265140129,\"994\":5.2534252559,\"995\":5.1020083881,\"996\":5.0799495646,\"997\":5.7450189529,\"998\":5.6513859804,\"999\":5.8449583686,\"1000\":5.6515340093,\"1001\":4.5555492349,\"1002\":5.0426049185,\"1003\":4.6368911268,\"1004\":4.9907513812,\"1005\":4.8893229332,\"1006\":3.8821616255,\"1007\":3.9189263314,\"1008\":4.0980394276,\"1009\":3.9172604232,\"1010\":4.0734146859,\"1011\":4.1410272952,\"1012\":4.2190373707,\"1013\":4.2963581378,\"1014\":3.8400737678,\"1015\":4.3180340122,\"1016\":4.396790918,\"1017\":4.6092793819,\"1018\":4.5002682233,\"1019\":4.6681795011,\"1020\":4.8988972972,\"1021\":4.9192136227,\"1022\":4.8627453099,\"1023\":4.809379044,\"1024\":4.7424366751,\"1025\":5.0067786764,\"1026\":4.9773669117,\"1027\":5.0155677563,\"1028\":4.9860028119,\"1029\":5.2243223866,\"1030\":5.1533013711,\"1031\":5.4119563393,\"1032\":5.1790749601,\"1033\":5.2031060512,\"1034\":5.2877031696,\"1035\":5.4296876788,\"1036\":5.5622703894,\"1037\":5.4883580285,\"1038\":5.5306565877,\"1039\":5.5543813195,\"1040\":5.6224534677,\"1041\":5.6188918819,\"1042\":5.6255555146,\"1043\":5.7696654709,\"1044\":5.8427353437,\"1045\":5.8540328199,\"1046\":5.9202858803,\"1047\":6.2686888711,\"1048\":5.825980604,\"1049\":6.0170804848,\"1050\":6.1702092904,\"1051\":5.9934323429,\"1052\":6.2288796402,\"1053\":6.1862747217,\"1054\":6.2506321044,\"1055\":6.3571348667,\"1056\":6.3828318659,\"1057\":6.4468828894,\"1058\":6.5409583961,\"1059\":6.5716531199,\"1060\":6.555434509,\"1061\":6.7108994633,\"1062\":6.6726986187,\"1063\":6.6962701708,\"1064\":6.7884499999,\"1065\":6.7916286366,\"1066\":6.8579582868,\"1067\":7.0397329589,\"1068\":7.0520836246,\"1069\":7.0429881855,\"1070\":7.2727484498,\"1071\":7.4405831378,\"1072\":7.3000347673,\"1073\":7.2225608206,\"1074\":7.3379292526,\"1075\":7.7786652522,\"1076\":7.8251956377,\"1077\":6.3556408884,\"1078\":6.086186119,\"1079\":6.1357035078,\"1080\":6.1136446842,\"1081\":6.6715491357,\"1082\":6.4350295808,\"1083\":6.7893493742,\"1084\":6.4999230924,\"1085\":4.6478165599,\"1086\":5.0216909915,\"1087\":4.6996329078,\"1088\":4.9944420742,\"1089\":4.9139275532,\"1090\":4.1306682875,\"1091\":4.1674329934,\"1092\":4.4129785636,\"1093\":4.1546950062,\"1094\":4.3170004239,\"1095\":4.4104478842,\"1096\":4.4367882578,\"1097\":4.5067276389,\"1098\":4.1943802958,\"1099\":4.5530081333,\"1100\":4.6502185041,\"1101\":4.7925838009,\"1102\":4.7192493413,\"1103\":4.8465629961,\"1104\":5.2532038252,\"1105\":5.2673689957,\"1106\":5.1776844459,\"1107\":5.128008873,\"1108\":5.1102757442,\"1109\":5.2798899584,\"1110\":5.2504781937,\"1111\":5.3145138893,\"1112\":5.2947907929,\"1113\":5.5749382216,\"1114\":5.4608591211,\"1115\":5.6358583814,\"1116\":5.4841722482}"}
