{
    "label": "Sawtooth_[1,6,36]_i=40",
    "error_metrics": {
        "mae": 0.1365577919,
        "median_ae": 0.1287255082,
        "smape": 0.0263561011,
        "rsme": 0.1558325714,
        "mase": 0.2297901834
    },
    "runtimes": "Training: 348.27 seconds",
    "length_train_dataset": 1164,
    "length_validation_dataset": 36,
    "parameters": "Epochs: 100, hyperparameters: Hyperparamters(gradient_clip_val=0.01565726380636608, hidden_continuous_size=10, dropout=0.21608714783830352, attention_head_size=1, learning_rate=0.005623413251903493, accelerator='auto', hidden_size=223)",
    "prediction": [
        8.4337463379,
        8.7946987152,
        9.0622882843,
        9.2718868256,
        9.5231933594,
        9.9045886993,
        1.0356612206,
        1.2000384331,
        1.5765154362,
        1.9030582905,
        2.2043905258,
        2.473512888,
        2.7283306122,
        3.0071291924,
        3.3183979988,
        3.6473097801,
        3.9797356129,
        4.3027291298,
        4.6184682846,
        4.9339017868,
        5.2476658821,
        5.5557923317,
        5.850110054,
        6.1288776398,
        6.4015040398,
        6.6837511063,
        6.9880876541,
        7.3148488998,
        7.6467599869,
        7.9620184898,
        8.2572174072,
        8.558675766,
        8.8486166,
        9.1039533615,
        9.3866539001,
        9.7181110382
    ]
}