{"label":"InfluxDB_r=2h_om=lbfgs_order=ArimaOrder(order=(2, 0, (0,)), seasonal_order=(2, 0, 2, 84))","mean_squared_error":2.0242488587,"runtimes":"Training: 230.60 seconds","length_train_dataset":917,"length_test_dataset":200,"parameters":"order=(2, 0, (0,)), seasonal_order=(2, 0, 2, 84)","prediction":"{\"917\":7.1945011407,\"918\":7.1882351689,\"919\":7.1365507823,\"920\":7.1620777969,\"921\":7.0009275663,\"922\":6.6440774917,\"923\":6.5903410191,\"924\":6.5760951888,\"925\":6.4807660754,\"926\":6.4963204279,\"927\":6.4951901226,\"928\":6.4778221579,\"929\":6.4640535456,\"930\":6.422377842,\"931\":6.4058527019,\"932\":6.4205518313,\"933\":6.4283358629,\"934\":6.3625377841,\"935\":6.3700410821,\"936\":6.4402405816,\"937\":6.4078311212,\"938\":6.3670658877,\"939\":6.3470745293,\"940\":6.3302713323,\"941\":6.3284698962,\"942\":6.3067981732,\"943\":6.290920537,\"944\":6.2429646503,\"945\":6.2976767921,\"946\":6.2262590354,\"947\":6.2315352548,\"948\":6.2483602611,\"949\":6.2321993713,\"950\":6.2402407339,\"951\":6.2396202786,\"952\":6.2450981906,\"953\":6.2276073074,\"954\":6.1899750273,\"955\":6.1786830737,\"956\":6.1916286948,\"957\":6.1901417483,\"958\":6.1669306722,\"959\":6.1556246868,\"960\":6.1642928074,\"961\":6.1378101809,\"962\":6.1673731076,\"963\":6.1788565452,\"964\":6.1315445034,\"965\":6.1757901523,\"966\":6.1665546304,\"967\":6.1076121004,\"968\":6.1383209908,\"969\":6.1085775778,\"970\":6.1015163471,\"971\":6.1172752695,\"972\":6.1076329558,\"973\":6.1168938918,\"974\":6.1300073363,\"975\":6.1188652136,\"976\":6.1090716719,\"977\":6.1239516975,\"978\":6.1094080252,\"979\":6.1109321288,\"980\":6.087649879,\"981\":6.089834307,\"982\":6.0768980608,\"983\":6.1317245126,\"984\":6.1060894679,\"985\":6.0801774593,\"986\":6.1313881193,\"987\":6.1142739982,\"988\":6.1046019804,\"989\":6.0832449944,\"990\":6.0979853419,\"991\":6.1142269793,\"992\":6.1455324156,\"993\":5.4068000848,\"994\":5.3509507254,\"995\":4.905820581,\"996\":4.9163634961,\"997\":4.974264309,\"998\":5.0171790249,\"999\":5.0127188199,\"1000\":4.9170598449,\"1001\":4.9052473939,\"1002\":4.9458822182,\"1003\":4.9014231741,\"1004\":4.9748178578,\"1005\":4.552040364,\"1006\":4.2863457024,\"1007\":4.2449013634,\"1008\":4.2423827625,\"1009\":4.1708270908,\"1010\":4.1767973225,\"1011\":4.1995727101,\"1012\":4.1841235943,\"1013\":4.2042018914,\"1014\":4.1424384462,\"1015\":4.1658653137,\"1016\":4.208758994,\"1017\":4.1907942008,\"1018\":4.15140239,\"1019\":4.2246029761,\"1020\":4.2399964134,\"1021\":4.2147595875,\"1022\":4.2071831573,\"1023\":4.2001966411,\"1024\":4.2058849827,\"1025\":4.2229321621,\"1026\":4.2076544095,\"1027\":4.2120891813,\"1028\":4.1840849334,\"1029\":4.2075288327,\"1030\":4.1717158978,\"1031\":4.1863486087,\"1032\":4.249663555,\"1033\":4.244829558,\"1034\":4.2444560943,\"1035\":4.2584689997,\"1036\":4.2959002338,\"1037\":4.2879448049,\"1038\":4.2461583091,\"1039\":4.2457641406,\"1040\":4.2339533078,\"1041\":4.2885928005,\"1042\":4.2419852994,\"1043\":4.2462077382,\"1044\":4.2592123711,\"1045\":4.2510986746,\"1046\":4.1591421257,\"1047\":4.1861956138,\"1048\":4.1412989823,\"1049\":4.164725281,\"1050\":4.1781296053,\"1051\":4.1272105297,\"1052\":4.1656481036,\"1053\":4.1508135714,\"1054\":4.1463442201,\"1055\":4.1838298563,\"1056\":4.1796674707,\"1057\":4.1848765793,\"1058\":4.2103307632,\"1059\":4.1980274538,\"1060\":4.1964283943,\"1061\":4.2443068821,\"1062\":4.2114140164,\"1063\":4.2123834814,\"1064\":4.2165488803,\"1065\":4.213692827,\"1066\":4.2249393056,\"1067\":4.2703818229,\"1068\":4.2481003852,\"1069\":4.2304824548,\"1070\":4.2840651985,\"1071\":4.2761678983,\"1072\":4.2743413868,\"1073\":4.2535215515,\"1074\":4.2752131665,\"1075\":4.2870631724,\"1076\":4.32962313,\"1077\":3.883790886,\"1078\":3.847715263,\"1079\":3.5683834985,\"1080\":3.5544631571,\"1081\":3.6124549956,\"1082\":3.6402292796,\"1083\":3.6417633134,\"1084\":3.5877672075,\"1085\":3.5959092495,\"1086\":3.6063237386,\"1087\":3.5827683752,\"1088\":3.6175060191,\"1089\":3.5309814996,\"1090\":3.2530946169,\"1091\":3.2268753298,\"1092\":3.2323984008,\"1093\":3.1712777418,\"1094\":3.2025602793,\"1095\":3.2170765475,\"1096\":3.2204512001,\"1097\":3.2235602287,\"1098\":3.2091544496,\"1099\":3.2091898955,\"1100\":3.2353750754,\"1101\":3.2609704403,\"1102\":3.2221730151,\"1103\":3.2386023418,\"1104\":3.3168711526,\"1105\":3.3064206654,\"1106\":3.2866382308,\"1107\":3.2853884781,\"1108\":3.2856821824,\"1109\":3.2982885457,\"1110\":3.2959353138,\"1111\":3.2968085915,\"1112\":3.2717363899,\"1113\":3.3341594673,\"1114\":3.2884482937,\"1115\":3.3069283237,\"1116\":3.3310758308}"}
