{"label":"InfluxDB_r=24h_chained_e=200_pl=10_hst=50","error_metrics":{"mae":1.6797440986,"median_ae":1.5298834104,"smape":0.4377503284,"rsme":1.8574186552,"mase":1.501655914},"runtimes":"Training: 69.19 seconds","length_train_dataset":5329,"length_validation_dataset":10,"parameters":"Epochs: 200, hyperparameters: Hyperparamters(gradient_clip_val=6.9953515571, hidden_continuous_size=40, dropout=0.1558743686, attention_head_size=3, learning_rate=0.0039810717, accelerator='auto', hidden_size=70)","prediction":[3.2220726013,3.4573097229,3.6447951794,3.7845025063,3.8788542747,3.9403920174,3.9804739952,4.0069646835,4.0248003006,4.0370221138]}
