{"label":"Sawtooth_[1,10,10]_i=500","error_metrics":{"mae":2.4931671355,"median_ae":2.259449482,"smape":0.5090585877,"rsme":2.8945345371,"mase":1.2475619381},"runtimes":"Training: 156.12 seconds","length_train_dataset":4464,"length_validation_dataset":36,"parameters":"Epochs: 50, hyperparameters: Hyperparamters(gradient_clip_val=5.567624753786564, hidden_continuous_size=41, dropout=0.15965296238642823, attention_head_size=1, learning_rate=0.0031622776601683794, accelerator='auto', hidden_size=104)","prediction":[5.3182177544,5.4060397148,5.4552493095,5.4801125526,5.4918966293,5.4971294403,5.4992098808,5.4997849464,5.4996347427,5.4991288185,5.4984440804,5.4976687431,5.4968476295,5.4960041046,5.4951500893,5.4942936897,5.4934382439,5.4925870895,5.4917416573,5.4909024239,5.4900693893,5.4892430305,5.4884238243,5.4876117706,5.4868073463,5.4860110283,5.4852218628,5.4844403267,5.48366642,5.4829001427,5.4821414948,5.4813904762,5.4806470871,5.4799113274,5.4791822433,5.4784607887]}
