{
    "value": 0.1456794441,
    "trial_number": 46,
    "duration": 49.143497,
    "gradient_clip_val": 0.0232248427,
    "hidden_size": 33,
    "dropout": 0.2653380632,
    "hidden_continuous_size": 11,
    "attention_head_size": 3,
    "learning_rate": 0.0398107171
}
{
    "value": 0.2151449472,
    "trial_number": 10,
    "duration": 46.016881,
    "gradient_clip_val": 0.0103158167,
    "hidden_size": 30,
    "dropout": 0.2946987627,
    "hidden_continuous_size": 8,
    "attention_head_size": 2,
    "learning_rate": 0.0501187234
}
{
    "value": 0.2567538619,
    "trial_number": 17,
    "duration": 45.265532,
    "gradient_clip_val": 0.0130135936,
    "hidden_size": 23,
    "dropout": 0.2779186917,
    "hidden_continuous_size": 8,
    "attention_head_size": 2,
    "learning_rate": 0.0562341325
}
{
    "value": 0.2740121484,
    "trial_number": 20,
    "duration": 44.813105,
    "gradient_clip_val": 0.0100795391,
    "hidden_size": 22,
    "dropout": 0.2276463576,
    "hidden_continuous_size": 9,
    "attention_head_size": 1,
    "learning_rate": 0.0398107171
}
{
    "value": 0.3194759488,
    "trial_number": 11,
    "duration": 45.589768,
    "gradient_clip_val": 0.0109687762,
    "hidden_size": 28,
    "dropout": 0.299296992,
    "hidden_continuous_size": 8,
    "attention_head_size": 2,
    "learning_rate": 0.0316227766
}
{
    "value": 0.3207024038,
    "trial_number": 2,
    "duration": 45.300821,
    "gradient_clip_val": 0.016566504,
    "hidden_size": 16,
    "dropout": 0.2928169695,
    "hidden_continuous_size": 9,
    "attention_head_size": 3,
    "learning_rate": 0.0707945784
}
{
    "value": 0.347514838,
    "trial_number": 48,
    "duration": 48.830528,
    "gradient_clip_val": 0.0140041491,
    "hidden_size": 28,
    "dropout": 0.2469723633,
    "hidden_continuous_size": 12,
    "attention_head_size": 2,
    "learning_rate": 0.0354813389
}
{
    "value": 0.369078815,
    "trial_number": 15,
    "duration": 44.822111,
    "gradient_clip_val": 0.0589771893,
    "hidden_size": 26,
    "dropout": 0.2976756917,
    "hidden_continuous_size": 11,
    "attention_head_size": 1,
    "learning_rate": 0.0251188643
}
{
    "value": 0.3785439134,
    "trial_number": 14,
    "duration": 45.615176,
    "gradient_clip_val": 0.0547302019,
    "hidden_size": 30,
    "dropout": 0.2615451624,
    "hidden_continuous_size": 8,
    "attention_head_size": 2,
    "learning_rate": 0.0446683592
}
{
    "value": 0.4007934332,
    "trial_number": 26,
    "duration": 46.876504,
    "gradient_clip_val": 0.091433261,
    "hidden_size": 25,
    "dropout": 0.2826136251,
    "hidden_continuous_size": 9,
    "attention_head_size": 2,
    "learning_rate": 0.0281838293
}
{
    "value": 0.4342054725,
    "trial_number": 16,
    "duration": 47.014906,
    "gradient_clip_val": 0.0398085251,
    "hidden_size": 45,
    "dropout": 0.243619951,
    "hidden_continuous_size": 13,
    "attention_head_size": 2,
    "learning_rate": 0.0177827941
}
{
    "value": 0.4569994211,
    "trial_number": 8,
    "duration": 52.852541,
    "gradient_clip_val": 1.3379732144,
    "hidden_size": 99,
    "dropout": 0.2060718537,
    "hidden_continuous_size": 43,
    "attention_head_size": 4,
    "learning_rate": 0.0089125094
}
{
    "value": 0.4712718427,
    "trial_number": 29,
    "duration": 46.704902,
    "gradient_clip_val": 0.0831622423,
    "hidden_size": 19,
    "dropout": 0.2540595195,
    "hidden_continuous_size": 9,
    "attention_head_size": 3,
    "learning_rate": 0.0630957344
}
{
    "value": 0.4892610908,
    "trial_number": 38,
    "duration": 45.621035,
    "gradient_clip_val": 0.028191303,
    "hidden_size": 23,
    "dropout": 0.2578532804,
    "hidden_continuous_size": 10,
    "attention_head_size": 1,
    "learning_rate": 0.0501187234
}
{
    "value": 0.5236366391,
    "trial_number": 30,
    "duration": 45.160544,
    "gradient_clip_val": 0.2226453459,
    "hidden_size": 26,
    "dropout": 0.2964830257,
    "hidden_continuous_size": 10,
    "attention_head_size": 1,
    "learning_rate": 0.0281838293
}
{
    "value": 0.5482057929,
    "trial_number": 0,
    "duration": 52.399436,
    "gradient_clip_val": 1.533553185,
    "hidden_size": 141,
    "dropout": 0.2948205002,
    "hidden_continuous_size": 9,
    "attention_head_size": 3,
    "learning_rate": 0.0050118723
}
{
    "value": 0.6504240036,
    "trial_number": 34,
    "duration": 48.927551,
    "gradient_clip_val": 0.0432472854,
    "hidden_size": 75,
    "dropout": 0.2899963831,
    "hidden_continuous_size": 14,
    "attention_head_size": 2,
    "learning_rate": 0.0141253754
}
{
    "value": 0.7326701283,
    "trial_number": 19,
    "duration": 47.034059,
    "gradient_clip_val": 0.0253901327,
    "hidden_size": 42,
    "dropout": 0.2457276895,
    "hidden_continuous_size": 12,
    "attention_head_size": 2,
    "learning_rate": 0.0398107171
}
{
    "value": 0.7510288954,
    "trial_number": 13,
    "duration": 46.69421,
    "gradient_clip_val": 0.0100141038,
    "hidden_size": 33,
    "dropout": 0.2672762166,
    "hidden_continuous_size": 8,
    "attention_head_size": 2,
    "learning_rate": 0.0354813389
}
{
    "value": 0.7986011505,
    "trial_number": 12,
    "duration": 44.810362,
    "gradient_clip_val": 0.0245172369,
    "hidden_size": 32,
    "dropout": 0.2656552956,
    "hidden_continuous_size": 8,
    "attention_head_size": 2,
    "learning_rate": 0.0398107171
}
{
    "value": 0.8391290903,
    "trial_number": 37,
    "duration": 46.642539,
    "gradient_clip_val": 0.6570587052,
    "hidden_size": 29,
    "dropout": 0.2986589035,
    "hidden_continuous_size": 9,
    "attention_head_size": 3,
    "learning_rate": 0.0446683592
}
{
    "value": 0.8509185314,
    "trial_number": 6,
    "duration": 62.906225,
    "gradient_clip_val": 26.1451949303,
    "hidden_size": 249,
    "dropout": 0.2327899293,
    "hidden_continuous_size": 10,
    "attention_head_size": 1,
    "learning_rate": 0.0019952623
}
{
    "value": 0.8638913631,
    "trial_number": 5,
    "duration": 44.281624,
    "gradient_clip_val": 0.2825947417,
    "hidden_size": 16,
    "dropout": 0.1925375133,
    "hidden_continuous_size": 13,
    "attention_head_size": 3,
    "learning_rate": 0.0501187234
}
{
    "value": 0.981797576,
    "trial_number": 28,
    "duration": 45.362911,
    "gradient_clip_val": 0.0313411159,
    "hidden_size": 35,
    "dropout": 0.2839956361,
    "hidden_continuous_size": 11,
    "attention_head_size": 2,
    "learning_rate": 0.0398107171
}
{
    "value": 1.0222334862,
    "trial_number": 33,
    "duration": 47.963206,
    "gradient_clip_val": 0.0168358188,
    "hidden_size": 19,
    "dropout": 0.2707847414,
    "hidden_continuous_size": 8,
    "attention_head_size": 3,
    "learning_rate": 0.0630957344
}
{
    "value": 1.0281772614,
    "trial_number": 22,
    "duration": 45.937586,
    "gradient_clip_val": 0.0313484969,
    "hidden_size": 38,
    "dropout": 0.2777677777,
    "hidden_continuous_size": 10,
    "attention_head_size": 1,
    "learning_rate": 0.0223872114
}
{
    "value": 1.0833178759,
    "trial_number": 25,
    "duration": 46.95242,
    "gradient_clip_val": 0.0212189681,
    "hidden_size": 61,
    "dropout": 0.2343987904,
    "hidden_continuous_size": 24,
    "attention_head_size": 1,
    "learning_rate": 0.0125892541
}
{
    "value": 1.0970903635,
    "trial_number": 44,
    "duration": 46.718903,
    "gradient_clip_val": 0.0141065458,
    "hidden_size": 21,
    "dropout": 0.2644363734,
    "hidden_continuous_size": 9,
    "attention_head_size": 4,
    "learning_rate": 0.0707945784
}
{
    "value": 1.1325970888,
    "trial_number": 27,
    "duration": 44.582088,
    "gradient_clip_val": 0.022227334,
    "hidden_size": 20,
    "dropout": 0.2593608703,
    "hidden_continuous_size": 8,
    "attention_head_size": 1,
    "learning_rate": 0.0794328235
}
{
    "value": 1.1804310083,
    "trial_number": 41,
    "duration": 48.602816,
    "gradient_clip_val": 0.0100225744,
    "hidden_size": 16,
    "dropout": 0.2915278236,