{
    "value": 1.152458787,
    "trial_number": 40,
    "duration": 35.099573,
    "gradient_clip_val": 1.6087318309,
    "hidden_size": 16,
    "dropout": 0.1616205552,
    "hidden_continuous_size": 12,
    "attention_head_size": 3,
    "learning_rate": 0.0562341325
}
{
    "value": 1.185079217,
    "trial_number": 24,
    "duration": 35.274864,
    "gradient_clip_val": 51.6300820066,
    "hidden_size": 24,
    "dropout": 0.1598310357,
    "hidden_continuous_size": 15,
    "attention_head_size": 3,
    "learning_rate": 0.0398107171
}
{
    "value": 1.2168705463,
    "trial_number": 2,
    "duration": 37.54026,
    "gradient_clip_val": 74.072296846,
    "hidden_size": 42,
    "dropout": 0.1084756829,
    "hidden_continuous_size": 32,
    "attention_head_size": 4,
    "learning_rate": 0.0141253754
}
{
    "value": 1.2681517601,
    "trial_number": 33,
    "duration": 35.014675,
    "gradient_clip_val": 14.8305218506,
    "hidden_size": 20,
    "dropout": 0.1534369106,
    "hidden_continuous_size": 13,
    "attention_head_size": 3,
    "learning_rate": 0.0446683592
}
{
    "value": 1.3114171028,
    "trial_number": 14,
    "duration": 39.42583,
    "gradient_clip_val": 97.919658375,
    "hidden_size": 82,
    "dropout": 0.151483449,
    "hidden_continuous_size": 29,
    "attention_head_size": 2,
    "learning_rate": 0.0056234133
}
{
    "value": 1.3869942427,
    "trial_number": 23,
    "duration": 36.383185,
    "gradient_clip_val": 51.897850139,
    "hidden_size": 25,
    "dropout": 0.1548935284,
    "hidden_continuous_size": 16,
    "attention_head_size": 3,
    "learning_rate": 0.0354813389
}
{
    "value": 1.3908541203,
    "trial_number": 38,
    "duration": 37.817511,
    "gradient_clip_val": 10.9776077845,
    "hidden_size": 27,
    "dropout": 0.1985836245,
    "hidden_continuous_size": 17,
    "attention_head_size": 4,
    "learning_rate": 0.0281838293
}
{
    "value": 1.4503034353,
    "trial_number": 41,
    "duration": 37.590942,
    "gradient_clip_val": 1.456680373,
    "hidden_size": 19,
    "dropout": 0.1618503889,
    "hidden_continuous_size": 13,
    "attention_head_size": 3,
    "learning_rate": 0.0281838293
}
{
    "value": 1.5103799105,
    "trial_number": 49,
    "duration": 41.480243,
    "gradient_clip_val": 64.2229381276,
    "hidden_size": 62,
    "dropout": 0.1680819896,
    "hidden_continuous_size": 8,
    "attention_head_size": 3,
    "learning_rate": 0.0079432823
}
{
    "value": 1.5684275627,
    "trial_number": 42,
    "duration": 36.922695,
    "gradient_clip_val": 0.3704694688,
    "hidden_size": 16,
    "dropout": 0.1710373529,
    "hidden_continuous_size": 12,
    "attention_head_size": 3,
    "learning_rate": 0.0446683592
}
{
    "value": 1.6536718607,
    "trial_number": 17,
    "duration": 36.736951,
    "gradient_clip_val": 22.8877463218,
    "hidden_size": 34,
    "dropout": 0.1447106474,
    "hidden_continuous_size": 16,
    "attention_head_size": 4,
    "learning_rate": 0.0251188643
}
{
    "value": 1.6692801714,
    "trial_number": 8,
    "duration": 37.135815,
    "gradient_clip_val": 1.0687974957,
    "hidden_size": 52,
    "dropout": 0.2479814637,
    "hidden_continuous_size": 9,
    "attention_head_size": 1,
    "learning_rate": 0.0070794578
}
{
    "value": 1.6736431122,
    "trial_number": 43,
    "duration": 37.324259,
    "gradient_clip_val": 2.1969221062,
    "hidden_size": 19,
    "dropout": 0.1269914701,
    "hidden_continuous_size": 13,
    "attention_head_size": 3,
    "learning_rate": 0.0251188643
}
{
    "value": 1.7284150124,
    "trial_number": 36,
    "duration": 35.898609,
    "gradient_clip_val": 3.2216332928,
    "hidden_size": 30,
    "dropout": 0.1527084012,
    "hidden_continuous_size": 20,
    "attention_head_size": 2,
    "learning_rate": 0.0251188643
}
{
    "value": 1.7405635118,
    "trial_number": 7,
    "duration": 37.866783,
    "gradient_clip_val": 0.0460796915,
    "hidden_size": 29,
    "dropout": 0.124440381,
    "hidden_continuous_size": 16,
    "attention_head_size": 3,
    "learning_rate": 0.0281838293
}
{
    "value": 1.7660201788,
    "trial_number": 47,
    "duration": 41.002715,
    "gradient_clip_val": 27.5617188113,
    "hidden_size": 107,
    "dropout": 0.1274753631,
    "hidden_continuous_size": 42,
    "attention_head_size": 3,
    "learning_rate": 0.0063095734
}
{
    "value": 1.8038268089,
    "trial_number": 18,
    "duration": 36.7596,
    "gradient_clip_val": 8.5479072232,
    "hidden_size": 17,
    "dropout": 0.153171067,
    "hidden_continuous_size": 11,
    "attention_head_size": 3,
    "learning_rate": 0.0446683592
}
{
    "value": 1.921459794,
    "trial_number": 45,
    "duration": 35.979577,
    "gradient_clip_val": 40.3229070585,
    "hidden_size": 23,
    "dropout": 0.1088973278,
    "hidden_continuous_size": 12,
    "attention_head_size": 3,
    "learning_rate": 0.0398107171
}
{
    "value": 1.9408193827,
    "trial_number": 19,
    "duration": 37.076022,
    "gradient_clip_val": 95.2505677669,
    "hidden_size": 68,
    "dropout": 0.1227188644,
    "hidden_continuous_size": 35,
    "attention_head_size": 2,
    "learning_rate": 0.0079432823
}
{
    "value": 2.0115764141,
    "trial_number": 25,
    "duration": 35.947841,
    "gradient_clip_val": 13.1525476815,
    "hidden_size": 21,
    "dropout": 0.189083248,
    "hidden_continuous_size": 13,
    "attention_head_size": 2,
    "learning_rate": 0.0398107171
}
{
    "value": 2.2041277885,
    "trial_number": 32,
    "duration": 36.073202,
    "gradient_clip_val": 52.0442067839,
    "hidden_size": 22,
    "dropout": 0.1791790022,
    "hidden_continuous_size": 15,
    "attention_head_size": 3,
    "learning_rate": 0.0316227766
}
{
    "value": 2.2527928352,
    "trial_number": 20,
    "duration": 37.655522,
    "gradient_clip_val": 42.2587398891,
    "hidden_size": 43,
    "dropout": 0.1039000564,
    "hidden_continuous_size": 25,
    "attention_head_size": 4,
    "learning_rate": 0.0125892541
}
{
    "value": 2.2613554001,
    "trial_number": 46,
    "duration": 36.792495,
    "gradient_clip_val": 73.265044026,
    "hidden_size": 27,
    "dropout": 0.1807087756,
    "hidden_continuous_size": 19,
    "attention_head_size": 4,
    "learning_rate": 0.0398107171
}
{
    "value": 2.2631559372,
    "trial_number": 26,
    "duration": 35.916446,
    "gradient_clip_val": 53.5059042734,
    "hidden_size": 23,
    "dropout": 0.1634870963,
    "hidden_continuous_size": 11,
    "attention_head_size": 3,
    "learning_rate": 0.0354813389
}
{
    "value": 2.3095126152,
    "trial_number": 9,
    "duration": 42.177869,
    "gradient_clip_val": 0.0402900705,
    "hidden_size": 151,
    "dropout": 0.2913421386,
    "hidden_continuous_size": 20,
    "attention_head_size": 4,
    "learning_rate": 0.0063095734
}
{
    "value": 2.3606495857,
    "trial_number": 3,
    "duration": 35.005716,
    "gradient_clip_val": 0.2779783962,
    "hidden_size": 25,
    "dropout": 0.2665556555,
    "hidden_continuous_size": 20,
    "attention_head_size": 1,
    "learning_rate": 0.0398107171
}
{
    "value": 2.3920485973,
    "trial_number": 5,
    "duration": 37.594908,
    "gradient_clip_val": 0.4303100436,
    "hidden_size": 62,
    "dropout": 0.1301199214,
    "hidden_continuous_size": 22,
    "attention_head_size": 3,
    "learning_rate": 0.0079432823
}
{
    "value": 2.3956689835,
    "trial_number": 35,
    "duration": 36.842253,
    "gradient_clip_val": 6.3281562818,
    "hidden_size": 19,
    "dropout": 0.1331855411,
    "hidden_continuous_size": 11,
    "attention_head_size": 4,
    "learning_rate": 0.0630957344
}
{
    "value": 2.3997161388,
    "trial_number": 10,
    "duration": 37.095101,
    "gradient_clip_val": 95.8257715146,
    "hidden_size": 40,
    "dropout": 0.1680953141,
    "hidden_continuous_size": 8,
    "attention_head_size": 4,
    "learning_rate": 0.0223872114
}
{
    "value": 2.4343457222,
    "trial_number": 31,
    "duration": 36.408954,
    "gradient_clip_val": 44.5898863121,
    "hidden_size": 25,