{"value":0.0056685167,"trial_number":36,"duration":33.890837,"gradient_clip_val":0.1342273881,"hidden_size":18,"dropout":0.1773307971,"hidden_continuous_size":12,"attention_head_size":1,"learning_rate":0.0316227766}
{"value":0.0059302524,"trial_number":32,"duration":33.685329,"gradient_clip_val":0.0879232979,"hidden_size":18,"dropout":0.1407786922,"hidden_continuous_size":11,"attention_head_size":1,"learning_rate":0.0398107171}
{"value":0.0086695701,"trial_number":15,"duration":35.433707,"gradient_clip_val":0.0157217983,"hidden_size":46,"dropout":0.1991917792,"hidden_continuous_size":11,"attention_head_size":1,"learning_rate":0.0223872114}
{"value":0.0088180359,"trial_number":43,"duration":34.120745,"gradient_clip_val":0.0466445145,"hidden_size":19,"dropout":0.1165071138,"hidden_continuous_size":11,"attention_head_size":2,"learning_rate":0.0446683592}
{"value":0.0098055843,"trial_number":44,"duration":34.432114,"gradient_clip_val":0.0215344478,"hidden_size":23,"dropout":0.1095096395,"hidden_continuous_size":13,"attention_head_size":2,"learning_rate":0.0501187234}
{"value":0.0110001266,"trial_number":31,"duration":33.561602,"gradient_clip_val":0.059413266,"hidden_size":20,"dropout":0.1414594098,"hidden_continuous_size":11,"attention_head_size":1,"learning_rate":0.0501187234}
{"value":0.0116350548,"trial_number":33,"duration":34.277684,"gradient_clip_val":0.1597337025,"hidden_size":17,"dropout":0.1626848317,"hidden_continuous_size":11,"attention_head_size":1,"learning_rate":0.0316227766}
{"value":0.0120362882,"trial_number":6,"duration":35.057482,"gradient_clip_val":2.0642059259,"hidden_size":26,"dropout":0.1262042303,"hidden_continuous_size":11,"attention_head_size":2,"learning_rate":0.0223872114}
{"value":0.0128411241,"trial_number":47,"duration":34.424544,"gradient_clip_val":0.0347474431,"hidden_size":27,"dropout":0.1141946948,"hidden_continuous_size":13,"attention_head_size":2,"learning_rate":0.0354813389}
{"value":0.0131940888,"trial_number":41,"duration":33.918115,"gradient_clip_val":0.1699955969,"hidden_size":18,"dropout":0.1596976025,"hidden_continuous_size":11,"attention_head_size":1,"learning_rate":0.0281838293}
{"value":0.013336407,"trial_number":29,"duration":34.055498,"gradient_clip_val":0.0838527715,"hidden_size":21,"dropout":0.1396406067,"hidden_continuous_size":11,"attention_head_size":1,"learning_rate":0.0354813389}
{"value":0.0141831078,"trial_number":8,"duration":34.976422,"gradient_clip_val":0.0380791875,"hidden_size":21,"dropout":0.2541338231,"hidden_continuous_size":8,"attention_head_size":4,"learning_rate":0.0501187234}
{"value":0.0141949235,"trial_number":45,"duration":34.128601,"gradient_clip_val":0.0227647993,"hidden_size":28,"dropout":0.1197911768,"hidden_continuous_size":15,"attention_head_size":2,"learning_rate":0.0398107171}
{"value":0.0147932591,"trial_number":48,"duration":34.69998,"gradient_clip_val":0.0447071244,"hidden_size":23,"dropout":0.1285214714,"hidden_continuous_size":14,"attention_head_size":3,"learning_rate":0.0354813389}
{"value":0.0158779323,"trial_number":2,"duration":33.573253,"gradient_clip_val":0.0608996733,"hidden_size":21,"dropout":0.1273943716,"hidden_continuous_size":14,"attention_head_size":2,"learning_rate":0.0446683592}
{"value":0.0171516463,"trial_number":25,"duration":35.52614,"gradient_clip_val":0.0193571142,"hidden_size":26,"dropout":0.1763850878,"hidden_continuous_size":8,"attention_head_size":3,"learning_rate":0.0281838293}
{"value":0.0174860172,"trial_number":16,"duration":34.784305,"gradient_clip_val":2.3610601007,"hidden_size":55,"dropout":0.1897847319,"hidden_continuous_size":21,"attention_head_size":1,"learning_rate":0.0125892541}
{"value":0.0175451394,"trial_number":12,"duration":35.142301,"gradient_clip_val":0.2824695305,"hidden_size":16,"dropout":0.2618315098,"hidden_continuous_size":8,"attention_head_size":4,"learning_rate":0.0707945784}
{"value":0.017616462,"trial_number":27,"duration":35.425319,"gradient_clip_val":0.0102774608,"hidden_size":48,"dropout":0.2996204676,"hidden_continuous_size":16,"attention_head_size":4,"learning_rate":0.0223872114}
{"value":0.0178692304,"trial_number":23,"duration":35.734302,"gradient_clip_val":0.0122882627,"hidden_size":52,"dropout":0.2132244384,"hidden_continuous_size":10,"attention_head_size":4,"learning_rate":0.0141253754}
{"value":0.0179982577,"trial_number":5,"duration":34.739321,"gradient_clip_val":8.7732688492,"hidden_size":62,"dropout":0.2149562505,"hidden_continuous_size":14,"attention_head_size":1,"learning_rate":0.0112201845}
{"value":0.020218391,"trial_number":11,"duration":36.240863,"gradient_clip_val":0.0130511111,"hidden_size":41,"dropout":0.231550018,"hidden_continuous_size":8,"attention_head_size":4,"learning_rate":0.0223872114}
{"value":0.0210651197,"trial_number":30,"duration":34.71227,"gradient_clip_val":0.0969931238,"hidden_size":34,"dropout":0.1407670496,"hidden_continuous_size":13,"attention_head_size":1,"learning_rate":0.0251188643}
{"value":0.0221870523,"trial_number":20,"duration":34.133687,"gradient_clip_val":58.8195802632,"hidden_size":37,"dropout":0.1911071413,"hidden_continuous_size":12,"attention_head_size":1,"learning_rate":0.0223872114}
{"value":0.0224080849,"trial_number":21,"duration":34.580183,"gradient_clip_val":0.0253757222,"hidden_size":21,"dropout":0.224258311,"hidden_continuous_size":9,"attention_head_size":2,"learning_rate":0.0316227766}
{"value":0.0286190975,"trial_number":13,"duration":35.166819,"gradient_clip_val":1.316347507,"hidden_size":44,"dropout":0.242497562,"hidden_continuous_size":10,"attention_head_size":2,"learning_rate":0.0199526231}
{"value":0.029584283,"trial_number":9,"duration":36.568615,"gradient_clip_val":0.0280446236,"hidden_size":143,"dropout":0.1026672106,"hidden_continuous_size":12,"attention_head_size":4,"learning_rate":0.0056234133}
{"value":0.0313806012,"trial_number":7,"duration":34.928042,"gradient_clip_val":0.1298017228,"hidden_size":29,"dropout":0.1186156307,"hidden_continuous_size":25,"attention_head_size":3,"learning_rate":0.0199526231}
{"value":0.0326680876,"trial_number":28,"duration":34.406342,"gradient_clip_val":0.532884599,"hidden_size":38,"dropout":0.2005391341,"hidden_continuous_size":9,"attention_head_size":2,"learning_rate":0.0158489319}
{"value":0.0326735042,"trial_number":24,"duration":34.728621,"gradient_clip_val":0.0703453525,"hidden_size":20,"dropout":0.1946909301,"hidden_continuous_size":11,"attention_head_size":2,"learning_rate":0.0251188643}
{"value":0.0329028703,"trial_number":35,"duration":33.765496,"gradient_clip_val":0.0610961105,"hidden_size":18,"dropout":0.1508226967,"hidden_continuous_size":11,"attention_head_size":1,"learning_rate":0.0398107171}
{"value":0.0334418677,"trial_number":34,"duration":33.402869,"gradient_clip_val":0.0524669696,"hidden_size":17,"dropout":0.1650661573,"hidden_continuous_size":10,"attention_head_size":1,"learning_rate":0.0446683592}
{"value":0.0337100998,"trial_number":17,"duration":34.942001,"gradient_clip_val":0.0109613591,"hidden_size":87,"dropout":0.155306152,"hidden_continuous_size":18,"attention_head_size":1,"learning_rate":0.0125892541}
{"value":0.0407961123,"trial_number":42,"duration":34.107278,"gradient_clip_val":0.0776592817,"hidden_size":16,"dropout":0.1673092905,"hidden_continuous_size":12,"attention_head_size":1,"learning_rate":0.0501187234}
{"value":0.0473765619,"trial_number":39,"duration":34.585935,"gradient_clip_val":0.1069941356,"hidden_size":23,"dropout":0.145032359,"hidden_continuous_size":12,"attention_head_size":1,"learning_rate":0.0251188643}
{"value":0.0502562523,"trial_number":46,"duration":33.86123,"gradient_clip_val":0.0180213161,"hidden_size":23,"dropout":0.1070754456,"hidden_continuous_size":12,"attention_head_size":2,"learning_rate":0.0398107171}
{"value":0.0573172085,"trial_number":38,"duration":34.011368,"gradient_clip_val":0.0483364986,"hidden_size":29,"dropout":0.134025286,"hidden_continuous_size":14,"attention_head_size":1,"learning_rate":0.0223872114}
{"value":0.0583151244,