{"value":226.9604187012,"trial_number":10,"duration":147.748547,"gradient_clip_val":81.9590898475,"hidden_size":18,"dropout":0.1153160388,"hidden_continuous_size":8,"attention_head_size":3,"learning_rate":0.0707945784}
{"value":362.854675293,"trial_number":21,"duration":143.609365,"gradient_clip_val":90.7133108423,"hidden_size":20,"dropout":0.1396018378,"hidden_continuous_size":8,"attention_head_size":3,"learning_rate":0.1258925412}
{"value":483.1272888184,"trial_number":27,"duration":141.274692,"gradient_clip_val":29.333627541,"hidden_size":16,"dropout":0.132609392,"hidden_continuous_size":9,"attention_head_size":4,"learning_rate":0.0794328235}
{"value":485.5895690918,"trial_number":17,"duration":144.537454,"gradient_clip_val":21.0566630902,"hidden_size":16,"dropout":0.1318833996,"hidden_continuous_size":9,"attention_head_size":4,"learning_rate":0.2818382931}
{"value":490.0529174805,"trial_number":12,"duration":148.185546,"gradient_clip_val":85.9835187058,"hidden_size":18,"dropout":0.2293338009,"hidden_continuous_size":8,"attention_head_size":3,"learning_rate":0.0891250938}
{"value":510.6193847656,"trial_number":0,"duration":160.045662,"gradient_clip_val":9.6872521229,"hidden_size":21,"dropout":0.1997296547,"hidden_continuous_size":11,"attention_head_size":3,"learning_rate":0.0501187234}
{"value":526.910949707,"trial_number":25,"duration":157.803191,"gradient_clip_val":13.6611397246,"hidden_size":26,"dropout":0.1545619165,"hidden_continuous_size":12,"attention_head_size":2,"learning_rate":0.0707945784}
{"value":533.9709472656,"trial_number":26,"duration":153.963053,"gradient_clip_val":94.816494549,"hidden_size":19,"dropout":0.1155077001,"hidden_continuous_size":8,"attention_head_size":3,"learning_rate":0.0891250938}
{"value":538.3913574219,"trial_number":18,"duration":154.975162,"gradient_clip_val":20.1890435387,"hidden_size":28,"dropout":0.1232697664,"hidden_continuous_size":10,"attention_head_size":4,"learning_rate":0.0398107171}
{"value":542.0686645508,"trial_number":14,"duration":160.068105,"gradient_clip_val":83.2040656772,"hidden_size":29,"dropout":0.2337447599,"hidden_continuous_size":8,"attention_head_size":4,"learning_rate":0.0398107171}
{"value":546.0706787109,"trial_number":9,"duration":171.883966,"gradient_clip_val":18.6412601161,"hidden_size":41,"dropout":0.1844365839,"hidden_continuous_size":14,"attention_head_size":4,"learning_rate":0.0223872114}
{"value":553.1312255859,"trial_number":16,"duration":174.836922,"gradient_clip_val":19.4751595678,"hidden_size":43,"dropout":0.1293367802,"hidden_continuous_size":41,"attention_head_size":2,"learning_rate":0.0177827941}
{"value":564.283203125,"trial_number":11,"duration":138.044174,"gradient_clip_val":58.5066882292,"hidden_size":16,"dropout":0.1016699333,"hidden_continuous_size":8,"attention_head_size":3,"learning_rate":0.0794328235}
{"value":579.4760131836,"trial_number":15,"duration":161.151636,"gradient_clip_val":91.789358064,"hidden_size":26,"dropout":0.1005184672,"hidden_continuous_size":9,"attention_head_size":3,"learning_rate":0.0794328235}
{"value":580.1486206055,"trial_number":6,"duration":192.362975,"gradient_clip_val":0.0121329045,"hidden_size":101,"dropout":0.1808848555,"hidden_continuous_size":28,"attention_head_size":1,"learning_rate":0.0177827941}
{"value":587.0271606445,"trial_number":3,"duration":249.554006,"gradient_clip_val":0.1802378703,"hidden_size":194,"dropout":0.1820458859,"hidden_continuous_size":14,"attention_head_size":2,"learning_rate":0.0050118723}
{"value":594.1411132812,"trial_number":8,"duration":193.964388,"gradient_clip_val":0.0138732011,"hidden_size":110,"dropout":0.2023226766,"hidden_continuous_size":16,"attention_head_size":1,"learning_rate":0.0177827941}
{"value":598.1364135742,"trial_number":4,"duration":177.506596,"gradient_clip_val":38.262417046,"hidden_size":65,"dropout":0.142781152,"hidden_continuous_size":32,"attention_head_size":1,"learning_rate":0.0223872114}
{"value":608.1674194336,"trial_number":13,"duration":138.077279,"gradient_clip_val":47.4014131832,"hidden_size":16,"dropout":0.2333507673,"hidden_continuous_size":8,"attention_head_size":3,"learning_rate":0.0794328235}
{"value":613.5989379883,"trial_number":1,"duration":231.873553,"gradient_clip_val":4.6988288687,"hidden_size":178,"dropout":0.2750821392,"hidden_continuous_size":26,"attention_head_size":2,"learning_rate":0.0035481339}
{"value":640.5505371094,"trial_number":5,"duration":165.919788,"gradient_clip_val":7.0132589961,"hidden_size":23,"dropout":0.1617331708,"hidden_continuous_size":22,"attention_head_size":4,"learning_rate":0.0501187234}
{"value":640.6423950195,"trial_number":24,"duration":149.681072,"gradient_clip_val":48.2894582155,"hidden_size":20,"dropout":0.1351155756,"hidden_continuous_size":8,"attention_head_size":4,"learning_rate":0.0501187234}
{"value":647.5246582031,"trial_number":7,"duration":154.152227,"gradient_clip_val":1.5668412159,"hidden_size":36,"dropout":0.1802555138,"hidden_continuous_size":11,"attention_head_size":3,"learning_rate":0.0251188643}
{"value":653.8550415039,"trial_number":2,"duration":187.361734,"gradient_clip_val":0.2950129332,"hidden_size":106,"dropout":0.1680855037,"hidden_continuous_size":11,"attention_head_size":2,"learning_rate":0.0070794578}
{"value":675.1351318359,"trial_number":19,"duration":145.261336,"gradient_clip_val":2.8439604047,"hidden_size":16,"dropout":0.1452328892,"hidden_continuous_size":9,"attention_head_size":4,"learning_rate":0.0794328235}
{"value":676.3591918945,"trial_number":20,"duration":162.063103,"gradient_clip_val":11.3883564212,"hidden_size":22,"dropout":0.117746326,"hidden_continuous_size":9,"attention_head_size":4,"learning_rate":0.0891250938}
{"value":683.5252685547,"trial_number":23,"duration":153.107644,"gradient_clip_val":30.9910993241,"hidden_size":32,"dropout":0.1165705521,"hidden_continuous_size":10,"attention_head_size":3,"learning_rate":0.0316227766}
{"value":684.7967529297,"trial_number":29,"duration":143.983602,"gradient_clip_val":8.9200312461,"hidden_size":20,"dropout":0.1078718851,"hidden_continuous_size":10,"attention_head_size":2,"learning_rate":0.1122018454}
{"value":695.9782104492,"trial_number":28,"duration":158.166439,"gradient_clip_val":40.0683669987,"hidden_size":25,"dropout":0.1518131855,"hidden_continuous_size":10,"attention_head_size":3,"learning_rate":0.0398107171}
{"value":825.8342895508,"trial_number":22,"duration":157.618778,"gradient_clip_val":30.3168830848,"hidden_size":21,"dropout":0.1434660844,"hidden_continuous_size":9,"attention_head_size":3,"learning_rate":0.0501187234}
