{"value":1.1964082718,"trial_number":0,"duration":126.404186,"gradient_clip_val":0.6538798216,"hidden_size":70,"dropout":0.1915601528,"hidden_continuous_size":59,"attention_head_size":2,"learning_rate":0.0794328235}
