{
    "value": 1.2057518959,
    "trial_number": 0,
    "duration": 333.994419,
    "gradient_clip_val": 83.6770898029,
    "hidden_size": 42,
    "dropout": 0.237875917,
    "hidden_continuous_size": 8,
    "attention_head_size": 1,
    "learning_rate": 0.177827941
}