{"value":0.6679295301,"trial_number":0,"duration":108.585582,"gradient_clip_val":6.9953515571,"hidden_size":70,"dropout":0.1558743686,"hidden_continuous_size":40,"attention_head_size":3,"learning_rate":0.0039810717}
