{"value":479.9815673828,"trial_number":0,"duration":76.514128,"gradient_clip_val":0.1972908957,"hidden_size":22,"dropout":0.2867048432,"hidden_continuous_size":22,"attention_head_size":3,"learning_rate":0.0446683592}
