{
    "label": "Sawtooth_i=1000_e=100_pl=36",
    "error_metrics": {
        "mae": 0.1370256664,
        "median_ae": 0.1237241687,
        "smape": 0.027588193,
        "rsme": 0.1618333919,
        "mase": 0.2284607719
    },
    "runtimes": "Training: 442.86 seconds",
    "length_train_dataset": 29964,
    "length_validation_dataset": 36,
    "parameters": "Epochs: 100, hyperparameters: Hyperparamters(gradient_clip_val=0.01565726380636608, hidden_continuous_size=10, dropout=0.21608714783830352, attention_head_size=1, learning_rate=0.005623413251903493, accelerator='auto', hidden_size=223)",
    "prediction": [
        8.4245986938,
        8.7675094604,
        9.0851793289,
        9.3377361298,
        9.5819311142,
        9.8845062256,
        0.9886784554,
        1.4226555824,
        1.7762510777,
        2.0054738522,
        2.2390985489,
        2.5083556175,
        2.8116965294,
        3.1012322903,
        3.3629834652,
        3.6211218834,
        3.8916268349,
        4.1833724976,
        4.4938750267,
        4.8059983253,
        5.1016159058,
        5.3939943314,
        5.7315483093,
        6.131565094,
        6.5194859505,
        6.8427400589,
        7.1277279854,
        7.4088659286,
        7.6999130249,
        7.9854593277,
        8.2425498962,
        8.498003006,
        8.8017177582,
        9.1218318939,
        9.4369621277,
        9.8088703156
    ]
}