{
    "label": "Sawtooth_[1,6,36]_i=20",
    "error_metrics": {
        "mae": 2.5129902884,
        "median_ae": 2.3932362836,
        "smape": 0.4606360726,
        "rsme": 2.9007183527,
        "mase": 4.2725806975
    },
    "runtimes": "Training: 175.14 seconds",
    "length_train_dataset": 564,
    "length_validation_dataset": 36,
    "parameters": "Epochs: 100, hyperparameters: Hyperparamters(gradient_clip_val=0.01565726380636608, hidden_continuous_size=10, dropout=0.21608714783830352, attention_head_size=1, learning_rate=0.005623413251903493, accelerator='auto', hidden_size=223)",
    "prediction": [
        7.1037836075,
        7.1257686615,
        7.0954389572,
        7.0275950432,
        6.929936409,
        6.8079519272,
        6.6675553322,
        6.5160713196,
        6.3627204895,
        6.2147684097,
        6.0781955719,
        5.9570083618,
        5.852997303,
        5.7659978867,
        5.6945180893,
        5.6364169121,
        5.5894193649,
        5.551419735,
        5.5206069946,
        5.4954957962,
        5.4748945236,
        5.457859993,
        5.443655014,
        5.4317002296,
        5.421544075,
        5.4128284454,
        5.4052772522,
        5.3986682892,
        5.3928289413,
        5.3876209259,
        5.3829360008,
        5.3786845207,
        5.3747992516,
        5.3712244034,
        5.3679141998,
        5.3648333549
    ]
}