{
    "label": "InfluxDB_r=24h",
    "mean_squared_error": 4.5941748766,
    "runtimes": "Training: 0.02 seconds , order study: 1.40 seconds)",
    "length_train_dataset": 16,
    "length_test_dataset": 20,
    "parameters": "order=(1, 0, 0), seasonal_order=(0, 0, 1, 6)",
    "prediction": "{\"16\":3.8429141243,\"17\":3.2531392718,\"18\":3.5197125858,\"19\":3.783827395,\"20\":3.1099962542,\"21\":3.3121206448,\"22\":2.7783020711,\"23\":2.330519696,\"24\":1.9549069592,\"25\":1.6398321909,\"26\":1.3755384121,\"27\":1.1538411878,\"28\":0.967875179,\"29\":0.8118815414,\"30\":0.6810295909,\"31\":0.5712672109,\"32\":0.4791953692,\"33\":0.4019628599,\"34\":0.3371780095,\"35\":0.2828346134}"
}