{"label":"InfluxDB_r=2h_om=lbfgs_order=ArimaOrder(order=(0, 0, 0), seasonal_order=(1, 0, 0, 84))","mean_squared_error":1.8101007475,"runtimes":"Training: 1.93 seconds","length_train_dataset":917,"length_test_dataset":200,"parameters":"order=(0, 0, 0), seasonal_order=(1, 0, 0, 84)","prediction":"{\"917\":3.8788257292,\"918\":4.4532275427,\"919\":3.9885429296,\"920\":4.3757801072,\"921\":4.2596089539,\"922\":3.0849895151,\"923\":3.1172592799,\"924\":3.1882527625,\"925\":3.1301671858,\"926\":3.259246245,\"927\":3.2850620569,\"928\":3.420595069,\"929\":3.4980425046,\"930\":2.9107327852,\"931\":3.4851345986,\"932\":3.5303122694,\"933\":3.8078322467,\"934\":3.6658452815,\"935\":3.8659178233,\"936\":3.8401020115,\"937\":3.8659178233,\"938\":3.8594638703,\"939\":3.8078322467,\"940\":3.6852071404,\"941\":4.0401745532,\"942\":4.0143587414,\"943\":4.0143587414,\"944\":3.9756350236,\"945\":4.1305298947,\"946\":4.1240759417,\"947\":4.4596814957,\"948\":4.1498917536,\"949\":4.1821615184,\"950\":4.2596089539,\"951\":4.4209577779,\"952\":4.5564907901,\"953\":4.4596814957,\"954\":4.4984052134,\"955\":4.5048591664,\"956\":4.569398696,\"957\":4.575852649,\"958\":4.5242210253,\"959\":4.7113856611,\"960\":4.737201473,\"961\":4.7694712378,\"962\":4.8340107674,\"963\":5.221247945,\"964\":4.7049317082,\"965\":4.8662805322,\"966\":5.0469912151,\"967\":4.8662805322,\"968\":5.0857149328,\"969\":5.0211754032,\"970\":5.0792609799,\"971\":5.1631623684,\"972\":5.1825242272,\"973\":5.214793992,\"974\":5.3245111924,\"975\":5.3051493335,\"976\":5.3180572394,\"977\":5.389050722,\"978\":5.389050722,\"979\":5.382596769,\"980\":5.4858600164,\"981\":5.4471362986,\"982\":5.5181297812,\"983\":5.6601167463,\"984\":5.6278469815,\"985\":5.6278469815,\"986\":5.8279195233,\"987\":6.0215381121,\"988\":5.8279195233,\"989\":5.7375641818,\"990\":5.8021037114,\"991\":6.3055120424,\"992\":6.2409725127,\"993\":5.9569985825,\"994\":5.9376367236,\"995\":6.1248013595,\"996\":6.1054395006,\"997\":6.51849249,\"998\":6.2087027479,\"999\":6.6346636433,\"1000\":6.3119659953,\"1001\":3.4045911966,\"1002\":3.9087652673,\"1003\":3.5008941089,\"1004\":3.8407867409,\"1005\":3.7388189513,\"1006\":2.7078113011,\"1007\":2.7361356871,\"1008\":2.7984493363,\"1009\":2.7474654415,\"1010\":2.8607629855,\"1011\":2.8834224943,\"1012\":3.0023849154,\"1013\":3.0703634418,\"1014\":2.5548596167,\"1015\":3.0590336874,\"1016\":3.0986878278,\"1017\":3.3422775474,\"1018\":3.217650249,\"1019\":3.3932614422,\"1020\":3.3706019334,\"1021\":3.3932614422,\"1022\":3.387596565,\"1023\":3.3422775474,\"1024\":3.2346448806,\"1025\":3.5462131265,\"1026\":3.5235536177,\"1027\":3.5235536177,\"1028\":3.4895643545,\"1029\":3.6255214073,\"1030\":3.6198565301,\"1031\":3.9144301445,\"1032\":3.6425160389,\"1033\":3.6708404249,\"1034\":3.7388189513,\"1035\":3.8804408813,\"1036\":3.9994033024,\"1037\":3.9144301445,\"1038\":3.9484194076,\"1039\":3.9540842848,\"1040\":4.0107330568,\"1041\":4.016397934,\"1042\":3.9710789164,\"1043\":4.1353603552,\"1044\":4.158019864,\"1045\":4.18634425,\"1046\":4.242993022,\"1047\":4.5828856539,\"1048\":4.129695478,\"1049\":4.271317408,\"1050\":4.4299339696,\"1051\":4.271317408,\"1052\":4.4639232328,\"1053\":4.4072744608,\"1054\":4.4582583556,\"1055\":4.5319017591,\"1056\":4.5488963907,\"1057\":4.5772207767,\"1058\":4.6735236891,\"1059\":4.6565290575,\"1060\":4.6678588119,\"1061\":4.7301724611,\"1062\":4.7301724611,\"1063\":4.7245075839,\"1064\":4.8151456191,\"1065\":4.7811563559,\"1066\":4.8434700051,\"1067\":4.9680973035,\"1068\":4.9397729175,\"1069\":4.9397729175,\"1070\":5.1153841106,\"1071\":5.2853304266,\"1072\":5.1153841106,\"1073\":5.0360758298,\"1074\":5.0927246018,\"1075\":5.5345850233,\"1076\":5.4779362514,\"1077\":5.2286816546,\"1078\":5.211687023,\"1079\":5.3759684618,\"1080\":5.3589738302,\"1081\":5.7215259709,\"1082\":5.4496118654,\"1083\":5.8234937605,\"1084\":5.5402499005,\"1085\":2.9883377148,\"1086\":3.4308702549,\"1087\":3.0728664022,\"1088\":3.3712029461,\"1089\":3.2817019829,\"1090\":2.3767477998,\"1091\":2.4016091784,\"1092\":2.4563042115,\"1093\":2.4115537299,\"1094\":2.5109992445,\"1095\":2.5308883474,\"1096\":2.6353061378,\"1097\":2.6949734466,\"1098\":2.242496355,\"1099\":2.6850288951,\"1100\":2.7198348253,\"1101\":2.9336426817,\"1102\":2.8242526156,\"1103\":2.9783931633,\"1104\":2.9585040604,\"1105\":2.9783931633,\"1106\":2.9734208876,\"1107\":2.9336426817,\"1108\":2.8391694428,\"1109\":3.1126446081,\"1110\":3.0927555051,\"1111\":3.0927555051,\"1112\":3.0629218507,\"1113\":3.1822564683,\"1114\":3.1772841926,\"1115\":3.4358425306,\"1116\":3.1971732955}"}
