{"label":"Sawtooth[1,6,36], 100 intervals","error_metrics":{"mae":0.0000649913,"median_ae":0.0000581485,"smape":0.0000169366,"rsme":0.0000766419,"mase":0.000108744},"runtimes":"Training: 88.24 seconds","length_train_dataset":2965,"length_validation_dataset":35,"parameters":"order=(4, 0, 1), seasonal_order=(2, 0, 0, 30)","prediction":[8.7586085034,9.0689415433,9.3792749829,9.6896086308,9.9999424416,1.0001135986,1.3104477482,1.6207820577,1.9311165213,2.2414511338,2.5517858899,2.8621207848,3.1724558135,3.4827909715,3.7931262542,4.1034616574,4.4137971769,4.7241328087,5.0344685488,5.3448043935,5.6551403393,5.9654763825,6.2758125198,6.5861487481,6.896485064,7.2068214646,7.5171579469,7.8274945082,8.1378311456,8.4481678566,8.7585045843,9.0688413822,9.3791782482,9.6895151789,9.999852172]}
