{"label":"InfluxDB_r=2h_om=lbfgs_order=ArimaOrder(order=(0, 0, 0), seasonal_order=(1, 1, 2, 84))","mean_squared_error":2.0318381721,"runtimes":"Training: 189.85 seconds","length_train_dataset":917,"length_test_dataset":200,"parameters":"order=(0, 0, 0), seasonal_order=(1, 1, 2, 84)","prediction":"{\"917\":3.9876060236,\"918\":4.1111914414,\"919\":4.044239605,\"920\":4.2164096038,\"921\":4.3474111143,\"922\":3.4981564693,\"923\":3.463785804,\"924\":3.5393197913,\"925\":3.3769343449,\"926\":3.5298017745,\"927\":3.6160298552,\"928\":3.6679485194,\"929\":3.7307134661,\"930\":3.6826867618,\"931\":3.7724133003,\"932\":3.8981492732,\"933\":4.0147037253,\"934\":3.9401066413,\"935\":4.0080325365,\"936\":4.3472732957,\"937\":4.3560285393,\"938\":4.3137773407,\"939\":4.3301108988,\"940\":4.3493193277,\"941\":4.4589627476,\"942\":4.4683710678,\"943\":4.5243424193,\"944\":4.473537938,\"945\":4.7333058985,\"946\":4.6249277379,\"947\":4.7337554748,\"948\":4.7727893208,\"949\":4.8058884197,\"950\":4.9109631754,\"951\":4.9905264043,\"952\":5.0548586853,\"953\":5.0814541156,\"954\":5.0946690686,\"955\":5.1356083122,\"956\":5.2599294355,\"957\":5.2958349134,\"958\":5.3383351151,\"959\":5.386155568,\"960\":5.4840364037,\"961\":5.4787530157,\"962\":5.7393599662,\"963\":5.8621651078,\"964\":5.7607223015,\"965\":5.9707565117,\"966\":6.0220377298,\"967\":5.924689117,\"968\":6.0909416733,\"969\":6.0747987349,\"970\":6.1312014864,\"971\":6.2245039456,\"972\":6.2660237731,\"973\":6.3600049872,\"974\":6.4479365299,\"975\":6.4978835245,\"976\":6.5233702078,\"977\":6.6202013676,\"978\":6.6588829923,\"979\":6.731094436,\"980\":6.7236889063,\"981\":6.801917184,\"982\":6.8170162583,\"983\":7.0166641465,\"984\":7.0263506401,\"985\":7.0162129966,\"986\":7.2312888754,\"987\":7.2587123687,\"988\":7.2632245272,\"989\":7.2648299434,\"990\":7.3702568424,\"991\":7.5240911713,\"992\":7.6379087445,\"993\":5.7693660785,\"994\":5.5891892812,\"995\":4.5983413004,\"996\":4.6854582726,\"997\":4.9594521743,\"998\":5.0850981653,\"999\":5.16337913,\"1000\":4.9404635358,\"1001\":4.1689321065,\"1002\":4.3960499796,\"1003\":4.2879382368,\"1004\":4.585076144,\"1005\":3.7382366141,\"1006\":3.057312611,\"1007\":3.0121175896,\"1008\":3.1490422896,\"1009\":3.004378273,\"1010\":3.0873414006,\"1011\":3.2051854842,\"1012\":3.2208976017,\"1013\":3.3473046668,\"1014\":3.1768329023,\"1015\":3.3550204507,\"1016\":3.5351454066,\"1017\":3.5307533775,\"1018\":3.4813432333,\"1019\":3.7236560316,\"1020\":3.8536431576,\"1021\":3.8336248728,\"1022\":3.8495464189,\"1023\":3.8638169773,\"1024\":3.9028197241,\"1025\":4.04771025,\"1026\":4.031777951,\"1027\":4.1121261074,\"1028\":4.068932708,\"1029\":4.2054433734,\"1030\":4.163921894,\"1031\":4.2706604514,\"1032\":4.4269000231,\"1033\":4.4561199217,\"1034\":4.4993163285,\"1035\":4.5882292782,\"1036\":4.722389664,\"1037\":4.7378755599,\"1038\":4.6947850215,\"1039\":4.7294775499,\"1040\":4.7470850932,\"1041\":4.9311506178,\"1042\":4.8562147868,\"1043\":4.9161987331,\"1044\":4.9944371104,\"1045\":5.0073896649,\"1046\":4.9163422244,\"1047\":5.0604108592,\"1048\":4.9186400495,\"1049\":5.0390491729,\"1050\":5.1308339329,\"1051\":5.0159164309,\"1052\":5.1808052793,\"1053\":5.1766378918,\"1054\":5.2120340358,\"1055\":5.3457881953,\"1056\":5.3740618783,\"1057\":5.423409176,\"1058\":5.5216251025,\"1059\":5.5418631484,\"1060\":5.5638377299,\"1061\":5.7388378983,\"1062\":5.6898318005,\"1063\":5.7287384728,\"1064\":5.7784262016,\"1065\":5.8137225562,\"1066\":5.8763101433,\"1067\":6.0321415395,\"1068\":6.0146753206,\"1069\":5.9952355246,\"1070\":6.2103832165,\"1071\":6.2367790048,\"1072\":6.23383151,\"1073\":6.2075791436,\"1074\":6.3107004897,\"1075\":6.4317652106,\"1076\":6.5591598149,\"1077\":5.4651109045,\"1078\":5.3341280775,\"1079\":4.7590370045,\"1080\":4.7528340097,\"1081\":5.0151473644,\"1082\":5.0742316694,\"1083\":5.1487701625,\"1084\":5.0164042363,\"1085\":3.989345866,\"1086\":4.1139246882,\"1087\":4.0465779183,\"1088\":4.219946997,\"1089\":4.3415660226,\"1090\":3.4939265274,\"1091\":3.4594520012,\"1092\":3.5355750387,\"1093\":3.3733596313,\"1094\":3.5255563219,\"1095\":3.6120877614,\"1096\":3.6636590201,\"1097\":3.7270346194,\"1098\":3.6778330422,\"1099\":3.7684083732,\"1100\":3.8946662139,\"1101\":4.0100601722,\"1102\":3.9357047595,\"1103\":4.0053039148,\"1104\":4.342536864,\"1105\":4.3510160226,\"1106\":4.3093229975,\"1107\":4.3256367609,\"1108\":4.3450351183,\"1109\":4.4550167378,\"1110\":4.4641819122,\"1111\":4.5203871616,\"1112\":4.4696557094,\"1113\":4.7282410036,\"1114\":4.6205043397,\"1115\":4.7293120306,\"1116\":4.7694704776}"}
