{"label":"InfluxDB_r=2h_om=lbfgs_order=ArimaOrder(order=(0, 0, 0), seasonal_order=(0, 2, 1, 84))","mean_squared_error":2.5944484167,"runtimes":"Training: 87.94 seconds","length_train_dataset":917,"length_test_dataset":200,"parameters":"order=(0, 0, 0), seasonal_order=(0, 2, 1, 84)","prediction":"{\"917\":4.7009754621,\"918\":5.4477113937,\"919\":4.8782608625,\"920\":5.3635566748,\"921\":5.2067019265,\"922\":3.7156858048,\"923\":3.7075194859,\"924\":3.6603045617,\"925\":3.5992756303,\"926\":3.7456001135,\"927\":3.7808927202,\"928\":3.9397181391,\"929\":4.0264829962,\"930\":3.2911819194,\"931\":4.0117763108,\"932\":4.0647159043,\"933\":4.4051605193,\"934\":4.2161894326,\"935\":4.4551601045,\"936\":4.4198632518,\"937\":4.4213361587,\"938\":4.403689324,\"939\":4.3353058558,\"940\":4.1220715554,\"941\":4.6213362056,\"942\":4.5794242524,\"943\":4.5764824004,\"944\":4.4853084426,\"945\":4.7125117453,\"946\":4.7139827021,\"947\":5.1294271082,\"948\":4.7286854063,\"949\":4.7661854211,\"950\":4.8573621145,\"951\":5.0485400447,\"952\":5.2139811677,\"953\":5.0654514823,\"954\":5.1294225284,\"955\":5.1301576435,\"956\":5.2183921407,\"957\":5.2044208438,\"958\":5.1500083183,\"959\":5.3536883651,\"960\":5.3823639405,\"961\":5.3992773481,\"962\":5.9485147127,\"963\":6.4316065298,\"964\":5.7720424403,\"965\":5.9771891755,\"966\":6.2021906561,\"967\":5.9838068045,\"968\":6.2389556733,\"969\":6.1705717786,\"970\":6.2624824363,\"971\":6.3396891168,\"972\":6.3771879641,\"973\":6.400717708,\"974\":6.5058664643,\"975\":6.5279219752,\"976\":6.5426273852,\"977\":6.6198327357,\"978\":6.6455666643,\"979\":6.6257134222,\"980\":6.7595376637,\"981\":6.7190947211,\"982\":6.8051243895,\"983\":6.983799831,\"984\":6.9360060286,\"985\":6.9073314763,\"986\":7.2036518959,\"987\":7.4389488382,\"988\":7.185269819,\"989\":7.0830621918,\"990\":7.1514447246,\"991\":7.7845383086,\"992\":7.7021822659,\"993\":7.2500014027,\"994\":7.2720582323,\"995\":7.4875183508,\"996\":7.5147201373,\"997\":8.0353108516,\"998\":7.6264820923,\"999\":8.1595754229,\"1000\":7.7573676609,\"1001\":4.982833277,\"1002\":5.8218933756,\"1003\":5.212404078,\"1004\":5.7418192319,\"1005\":5.5604626765,\"1006\":3.9166657273,\"1007\":3.8635683835,\"1008\":3.6882561822,\"1009\":3.6323747901,\"1010\":3.7779649328,\"1011\":3.8191383816,\"1012\":3.9823774547,\"1013\":4.0676718747,\"1014\":3.2661873682,\"1015\":4.0529643864,\"1016\":4.1073729852,\"1017\":4.4720857444,\"1018\":4.255908277,\"1019\":4.5059084443,\"1020\":4.4647265036,\"1021\":4.4382605526,\"1022\":4.4103198245,\"1023\":4.3323764175,\"1024\":4.045613699,\"1025\":4.6397312348,\"1026\":4.585319093,\"1027\":4.579435389,\"1028\":4.4412051205,\"1029\":4.7191411376,\"1030\":4.7294359924,\"1031\":5.1779718635,\"1032\":4.7294296361,\"1033\":4.7676649599,\"1034\":4.8617830526,\"1035\":5.0603153836,\"1036\":5.2367858649,\"1037\":5.0500206117,\"1038\":5.1338450568,\"1039\":5.1279623458,\"1040\":5.2309019285,\"1041\":5.1956063935,\"1042\":5.1456048719,\"1043\":5.3397296714,\"1044\":5.3676690575,\"1045\":5.3647311668,\"1046\":6.3896764843,\"1047\":6.9146836478,\"1048\":6.1837907629,\"1049\":6.410260704,\"1050\":6.6543813122,\"1051\":6.4234959619,\"1052\":6.6837936996,\"1053\":6.620555322,\"1054\":6.7382001668,\"1055\":6.7970252924,\"1056\":6.8499641634,\"1057\":6.8602589454,\"1058\":6.9455564579,\"1059\":7.0117263033,\"1060\":7.0264312411,\"1061\":7.0999595891,\"1062\":7.1514274463,\"1063\":7.1190739032,\"1064\":7.2690753274,\"1065\":7.2323070893,\"1066\":7.3234840732,\"1067\":7.5190702502,\"1068\":7.4602473514,\"1069\":7.4028982467,\"1070\":7.7675979094,\"1071\":8.0176035588,\"1072\":7.7308337556,\"1073\":7.6293596777,\"1074\":7.6925953315,\"1075\":8.3852530878,\"1076\":8.2940704141,\"1077\":7.7132380995,\"1078\":7.7794105822,\"1079\":7.9970955251,\"1080\":8.0735579217,\"1081\":8.644151115,\"1082\":8.1794347728,\"1083\":8.7603273163,\"1084\":8.3235588512,\"1085\":5.264691092,\"1086\":6.1960753575,\"1087\":5.5465472935,\"1088\":6.1200817891,\"1089\":5.9142234265,\"1090\":4.1176456498,\"1091\":4.0196172812,\"1092\":3.7162078028,\"1093\":3.6654739499,\"1094\":3.8103297522,\"1095\":3.857384043,\"1096\":4.0250367703,\"1097\":4.1088607532,\"1098\":3.2411928171,\"1099\":4.094152462,\"1100\":4.150030066,\"1101\":4.5390109695,\"1102\":4.2956271213,\"1103\":4.556656784,\"1104\":4.5095897554,\"1105\":4.4551849466,\"1106\":4.416950325,\"1107\":4.3294469793,\"1108\":3.9691558426,\"1109\":4.658126264,\"1110\":4.5912139337,\"1111\":4.5823883776,\"1112\":4.3971017983,\"1113\":4.7257705299,\"1114\":4.7448892828,\"1115\":5.2265166187,\"1116\":4.7301738659}"}
