{
    "label": "Sawtooth_[1,10,10]_i=100",
    "error_metrics": {
        "mae": 2.4173391528,
        "median_ae": 2.258756876,
        "smape": 0.4970142586,
        "rsme": 2.8164583611,
        "mase": 1.213591442
    },
    "runtimes": "Training: 150.61 seconds",
    "length_train_dataset": 864,
    "length_validation_dataset": 36,
    "parameters": "Epochs: 50, hyperparameters: Hyperparamters(gradient_clip_val=5.567624753786564, hidden_continuous_size=41, dropout=0.15965296238642823, attention_head_size=1, learning_rate=0.0031622776601683794, accelerator='auto', hidden_size=104)",
    "prediction": [
        4.2883234024,
        4.4437351227,
        4.7141227722,
        5.0002193451,
        5.2131209373,
        5.3463664055,
        5.4213962555,
        5.4615216255,
        5.4829483032,
        5.4947061539,
        5.5013847351,
        5.5052847862,
        5.5075955391,
        5.5089588165,
        5.5097355843,
        5.510140419,
        5.5103058815,
        5.5103154182,
        5.5102229118,
        5.5100641251,
        5.5098638535,
        5.5096378326,
        5.5093951225,
        5.5091433525,
        5.5088882446,
        5.5086326599,
        5.5083799362,
        5.5081310272,
        5.5078878403,
        5.5076498985,
        5.5074191093,
        5.5071959496,
        5.5069794655,
        5.5067706108,
        5.5065689087,
        5.506374836
    ]
}