{"label":"InfluxDB_r=2h_om=lbfgs_order=ArimaOrder(order=(0, 0, 0), seasonal_order=(2, 1, 1, 84))","mean_squared_error":2.1363618044,"runtimes":"Training: 80.69 seconds","length_train_dataset":917,"length_test_dataset":200,"parameters":"order=(0, 0, 0), seasonal_order=(2, 1, 1, 84)","prediction":"{\"917\":4.1123498537,\"918\":4.2356780471,\"919\":4.1941932127,\"920\":4.4115948322,\"921\":3.9733799253,\"922\":3.3266060129,\"923\":3.2808192534,\"924\":3.4146614033,\"925\":3.2288759631,\"926\":3.3412386859,\"927\":3.4598735678,\"928\":3.4651583436,\"929\":3.5650085097,\"930\":3.5201003972,\"931\":3.5965334725,\"932\":3.7682638858,\"933\":3.7730506495,\"934\":3.7306738258,\"935\":3.8846503231,\"936\":4.1782399912,\"937\":4.1649737297,\"938\":4.1441857697,\"939\":4.1632482941,\"940\":4.2186652638,\"941\":4.3047616755,\"942\":4.2984191723,\"943\":4.3830943781,\"944\":4.3382546252,\"945\":4.5425909011,\"946\":4.4550979182,\"947\":4.5197123104,\"948\":4.6784071432,\"949\":4.7054738841,\"950\":4.7718016853,\"951\":4.842054544,\"952\":4.9393532169,\"953\":4.9741156948,\"954\":4.9513641693,\"955\":4.9935616395,\"956\":5.0526690824,\"957\":5.180363297,\"958\":5.170437291,\"959\":5.2006778978,\"960\":5.3005766588,\"961\":5.297569541,\"962\":5.3555621676,\"963\":5.454603956,\"964\":5.3840456728,\"965\":5.5428304375,\"966\":5.599604311,\"967\":5.5020762902,\"968\":5.6614168836,\"969\":5.6628115203,\"970\":5.7055625468,\"971\":5.8265842905,\"972\":5.8617880858,\"973\":5.9373275327,\"974\":6.0219076005,\"975\":6.0709354695,\"976\":6.0865213052,\"977\":6.2519469166,\"978\":6.2287992421,\"979\":6.2917742202,\"980\":6.3073377508,\"981\":6.3771606513,\"982\":6.4146290606,\"983\":6.5943459024,\"984\":6.6014765985,\"985\":6.581916963,\"986\":6.8002865826,\"987\":6.8046791636,\"988\":6.8335027666,\"989\":6.8289277057,\"990\":6.9456893248,\"991\":7.0285047395,\"992\":7.1888644884,\"993\":5.4430906056,\"994\":5.221103165,\"995\":4.3906651518,\"996\":4.425385537,\"997\":4.7081918355,\"998\":4.8431661218,\"999\":4.86835151,\"1000\":4.7264460695,\"1001\":4.120519679,\"1002\":4.3232356109,\"1003\":4.2136739167,\"1004\":4.4672420954,\"1005\":4.0541656328,\"1006\":3.2857320079,\"1007\":3.2480794726,\"1008\":3.3608217492,\"1009\":3.2053503826,\"1010\":3.3196613858,\"1011\":3.4233285239,\"1012\":3.4556598099,\"1013\":3.5561301102,\"1014\":3.4153055426,\"1015\":3.5772176821,\"1016\":3.7326867515,\"1017\":3.7849201322,\"1018\":3.7222504636,\"1019\":3.8932204271,\"1020\":4.1129266035,\"1021\":4.1053361359,\"1022\":4.0938127328,\"1023\":4.1043184364,\"1024\":4.1287448875,\"1025\":4.2688523619,\"1026\":4.2602367246,\"1027\":4.330392316,\"1028\":4.2832709056,\"1029\":4.4748619868,\"1030\":4.4055591632,\"1031\":4.5214808709,\"1032\":4.610350868,\"1033\":4.6404319087,\"1034\":4.7095065715,\"1035\":4.7977144673,\"1036\":4.9041700049,\"1037\":4.918757278,\"1038\":4.9028888204,\"1039\":4.9390059667,\"1040\":5.0004167849,\"1041\":5.1180177572,\"1042\":5.0926859781,\"1043\":5.1521338499,\"1044\":5.2380287304,\"1045\":5.2430579549,\"1046\":5.3037579067,\"1047\":5.4515111663,\"1048\":5.306415378,\"1049\":5.4664909369,\"1050\":5.54648618,\"1051\":5.433575824,\"1052\":5.6042023694,\"1053\":5.593214629,\"1054\":5.6385679873,\"1055\":5.7553190277,\"1056\":5.7886393782,\"1057\":5.8559466293,\"1058\":5.9495092047,\"1059\":5.9830035956,\"1060\":6.0035024469,\"1061\":6.1485394194,\"1062\":6.1338487325,\"1063\":6.1848942139,\"1064\":6.2146339822,\"1065\":6.2655830959,\"1066\":6.3096821166,\"1067\":6.4843949271,\"1068\":6.4792596466,\"1069\":6.46309783,\"1070\":6.6821164834,\"1071\":6.7163408814,\"1072\":6.7076481851,\"1073\":6.6892631823,\"1074\":6.7950005781,\"1075\":6.9476379831,\"1076\":7.0655407343,\"1077\":5.6451917922,\"1078\":5.4829021312,\"1079\":4.78177178,\"1080\":4.8108974152,\"1081\":5.0980899801,\"1082\":5.1661649417,\"1083\":5.2578625232,\"1084\":5.0810672344,\"1085\":4.1074446343,\"1086\":4.2810959189,\"1087\":4.1977581828,\"1088\":4.4388121865,\"1089\":4.0110249042,\"1090\":3.2822359592,\"1091\":3.2404800416,\"1092\":3.3574196723,\"1093\":3.1941772101,\"1094\":3.3069084722,\"1095\":3.415619186,\"1096\":3.4393206912,\"1097\":3.5401944555,\"1098\":3.4337880268,\"1099\":3.5641596086,\"1100\":3.7260411181,\"1101\":3.7611444419,\"1102\":3.7052495823,\"1103\":3.8715866687,\"1104\":4.1114923078,\"1105\":4.1016355486,\"1106\":4.0886618897,\"1107\":4.1031260102,\"1108\":4.138410598,\"1109\":4.2604641761,\"1110\":4.2529952416,\"1111\":4.3279683458,\"1112\":4.2810428763,\"1113\":4.4750043732,\"1114\":4.4007037554,\"1115\":4.498861052,\"1116\":4.6150755547}"}
