{"label":"InfluxDB_r=18h_chained_e=200_pl=14_hst=50","error_metrics":{"mae":2.9274606622,"median_ae":2.3622597159,"smape":0.6664502097,"rsme":3.2586955054,"mase":4.0124989333},"runtimes":"Training: 52.02 seconds","length_train_dataset":5090,"length_validation_dataset":14,"parameters":"Epochs: 200, hyperparameters: Hyperparamters(gradient_clip_val=8.745811071787596, hidden_continuous_size=31, dropout=0.10532904123513614, attention_head_size=1, learning_rate=0.0019952623149688802, accelerator='auto', hidden_size=127)","prediction":[3.5935766697,3.6597073078,3.6913404465,3.7049806118,3.7101790905,3.7118999958,3.7123281956,3.7123391628,3.7122609615,3.7122092247,3.7122144699,3.7122728825,3.7123787403,3.7125222683]}
