{"label":"Sawtooth_[1,10,10]_i=300","error_metrics":{"mae":0.0163385206,"median_ae":0.0166757107,"smape":0.0054605037,"rsme":0.0192136338,"mase":0.0081800113},"runtimes":"Training: 464.18 seconds","length_train_dataset":2664,"length_validation_dataset":36,"parameters":"Epochs: 100, hyperparameters: Hyperparamters(gradient_clip_val=5.567624753786564, hidden_continuous_size=41, dropout=0.15965296238642823, attention_head_size=1, learning_rate=0.0031622776601683794, accelerator='auto', hidden_size=104)","prediction":[0.9622073174,2.1139297485,3.2281558514,4.3405580521,5.5265798569,6.6081824303,7.7105870247,8.8610067368,10.0199117661,0.980992794,2.1206729412,3.2798383236,4.360306263,5.5088663101,6.6207075119,7.7506074905,8.8676300049,10.0211143494,0.981098175,2.1175942421,3.2736814022,4.3611793518,5.5081896782,6.6241798401,7.7665338516,8.8672361374,10.0199947357,0.981051445,2.1177017689,3.2816445827,4.3711118698,5.5190205574,6.6299905777,7.7754716873,8.8655662537,10.0183973312]}
