{"label":"","error_metrics":{"mae":2.1293646634,"median_ae":2.1270450127,"smape":0.6359479349,"rsme":2.5000583542,"mase":3.4151487089},"runtimes":"Training: 7.03 seconds","length_train_dataset":5032,"length_validation_dataset":14,"parameters":"Epochs: 1, hyperparameters: Hyperparamters(gradient_clip_val=6.9953515571, hidden_continuous_size=40, dropout=0.1558743686, attention_head_size=3, learning_rate=0.0039810717, accelerator='auto', hidden_size=0)","prediction":[2.0025930405,2.0022616386,1.995637536,1.9883676767,1.9829602242,1.9796729088,1.9780564308,1.9776051044,1.9779285192,1.9787544012,1.9799001217,1.9812538624,1.9827462435,1.9843316078]}
