{
    "label": "InfluxDB_i=2h-chained",
    "error_metrics": {
        "mae": 1.6824315963,
        "median_ae": 1.3361917127,
        "smape": 0.3738633095,
        "rsme": 2.1194120261,
        "mase": 8.7199958031
    },
    "runtimes": "Training: 262.50 seconds",
    "length_train_dataset": 5427,
    "length_validation_dataset": 20,
    "parameters": "order=(2, 0, 1), seasonal_order=(2, 0, 2, 43)",
    "prediction": [
        6.5474562078,
        6.539525811,
        6.4489733176,
        6.466860912,
        6.0040434919,
        5.9816438986,
        5.9264109323,
        5.8693612647,
        5.8227077975,
        5.8252417087,
        5.7313136271,
        5.7523729569,
        5.715684578,
        5.6470008288,
        5.6192516897,
        5.5570909011,
        5.5337028438,
        5.551795343,
        5.574354153,
        5.5427730022
    ]
}