{"label":"InfluxDB_r=2h_om=lbfgs_order=ArimaOrder(order=(0, 0, 0), seasonal_order=(1, 2, 1, 84))","mean_squared_error":3.0376904639,"runtimes":"Training: 222.60 seconds","length_train_dataset":917,"length_test_dataset":200,"parameters":"order=(0, 0, 0), seasonal_order=(1, 2, 1, 84)","prediction":"{\"917\":4.9703065434,\"918\":5.3599627061,\"919\":5.0521578482,\"920\":5.3579848538,\"921\":5.4412126775,\"922\":4.702446331,\"923\":4.6971066775,\"924\":4.8702361993,\"925\":4.5309326676,\"926\":4.6992381972,\"927\":4.8228218765,\"928\":4.7949456685,\"929\":4.8703421903,\"930\":4.5834984669,\"931\":4.938325907,\"932\":5.0579019825,\"933\":5.1180750508,\"934\":5.0780376744,\"935\":5.2070411593,\"936\":5.7845008381,\"937\":5.7547241805,\"938\":5.618323032,\"939\":5.5533880934,\"940\":5.5034085931,\"941\":5.6990835496,\"942\":5.6465921748,\"943\":5.7392533124,\"944\":5.6758017467,\"945\":6.0621679062,\"946\":5.9054317286,\"947\":6.0515914488,\"948\":5.9082939641,\"949\":5.9155858652,\"950\":5.9920434088,\"951\":6.0948206304,\"952\":6.2159159805,\"953\":6.1522596526,\"954\":6.2037400309,\"955\":6.2395356305,\"956\":6.3238662655,\"957\":6.276073611,\"958\":6.3738528772,\"959\":6.412535911,\"960\":6.5486903895,\"961\":6.4981449735,\"962\":7.0613602956,\"963\":7.3489015373,\"964\":6.9904530674,\"965\":7.222871719,\"966\":7.3344099129,\"967\":7.1578407327,\"968\":7.3997600428,\"969\":7.3876383022,\"970\":7.4863723148,\"971\":7.5910844331,\"972\":7.6346058246,\"973\":7.7194812784,\"974\":7.7559461557,\"975\":7.8911456876,\"976\":7.8407445023,\"977\":8.0991246624,\"978\":8.0275991552,\"979\":8.0857626506,\"980\":8.1569113899,\"981\":8.2266309041,\"982\":8.2818137438,\"983\":8.5139199971,\"984\":8.5795157261,\"985\":8.5161811022,\"986\":8.8433149526,\"987\":8.9614641481,\"988\":8.8842170635,\"989\":8.8337814474,\"990\":9.0028934623,\"991\":9.3541903096,\"992\":9.5548347906,\"993\":6.4251850484,\"994\":5.7786734904,\"995\":5.6123352992,\"996\":5.6352399459,\"997\":6.3947599213,\"998\":6.2374815477,\"999\":6.4905465163,\"1000\":6.2347509603,\"1001\":4.9360783066,\"1002\":5.5606888373,\"1003\":5.0913798237,\"1004\":5.5210976025,\"1005\":5.6390871642,\"1006\":4.4710358498,\"1007\":4.4459456223,\"1008\":4.4515430108,\"1009\":4.2300573516,\"1010\":4.3888105284,\"1011\":4.4745896173,\"1012\":4.5251633086,\"1013\":4.6179600071,\"1014\":4.053693691,\"1015\":4.6466567155,\"1016\":4.7396234667,\"1017\":4.9022242122,\"1018\":4.806077887,\"1019\":5.0174957371,\"1020\":5.3213901953,\"1021\":5.283367955,\"1022\":5.1918340766,\"1023\":5.1123210265,\"1024\":4.9482798175,\"1025\":5.3466301167,\"1026\":5.2833124152,\"1027\":5.3374602777,\"1028\":5.2337092143,\"1029\":5.5858060412,\"1030\":5.4956284755,\"1031\":5.7964501127,\"1032\":5.4938442489,\"1033\":5.5146373093,\"1034\":5.5933776285,\"1035\":5.7479240373,\"1036\":5.9002364519,\"1037\":5.7803817094,\"1038\":5.8392196214,\"1039\":5.8532232784,\"1040\":5.9543319519,\"1041\":5.9040939268,\"1042\":5.9347973989,\"1043\":6.0399439364,\"1044\":6.1324792792,\"1045\":6.0956307805,\"1046\":6.9041661188,\"1047\":7.3187318679,\"1048\":6.7557709938,\"1049\":6.9953698351,\"1050\":7.1758620452,\"1051\":6.9505828232,\"1052\":7.2199418165,\"1053\":7.1702613427,\"1054\":7.2881714269,\"1055\":7.3737407655,\"1056\":7.4195223956,\"1057\":7.4684092687,\"1058\":7.5297077661,\"1059\":7.6254654634,\"1060\":7.6108876754,\"1061\":7.7924747134,\"1062\":7.7693769138,\"1063\":7.7919090412,\"1064\":7.8958989512,\"1065\":7.9175196813,\"1066\":7.9918774572,\"1067\":8.2140384029,\"1068\":8.2222479959,\"1069\":8.1487228633,\"1070\":8.5184828506,\"1071\":8.7017888655,\"1072\":8.5200149087,\"1073\":8.4395560359,\"1074\":8.5637176391,\"1075\":9.0957440443,\"1076\":9.1673503732,\"1077\":7.1807683857,\"1078\":6.7722484617,\"1079\":6.7791975977,\"1080\":6.8231939879,\"1081\":7.5308665164,\"1082\":7.2155290776,\"1083\":7.6407305663,\"1084\":7.2695405567,\"1085\":5.2126561025,\"1086\":5.8069180838,\"1087\":5.3795038632,\"1088\":5.7954781962,\"1089\":6.0442288119,\"1090\":4.9930721766,\"1091\":4.936363442,\"1092\":4.9123491128,\"1093\":4.6011232672,\"1094\":4.7666757364,\"1095\":4.8847183823,\"1096\":4.8753126394,\"1097\":4.9694552393,\"1098\":4.4780083126,\"1099\":5.0236240032,\"1100\":5.1402668303,\"1101\":5.2149992477,\"1102\":5.1571597074,\"1103\":5.3547096137,\"1104\":5.8524748233,\"1105\":5.7791607439,\"1106\":5.6401600091,\"1107\":5.5505639367,\"1108\":5.3806549278,\"1109\":5.7632561828,\"1110\":5.6826067173,\"1111\":5.7678836102,\"1112\":5.6349639643,\"1113\":6.0824219747,\"1114\":5.9441565143,\"1115\":6.1921296833,\"1116\":5.9260971852}"}
