{"label":"InfluxDB_r=3h","mean_squared_error":0.5794612177,"runtimes":"Training: 0.02 seconds , order study: 33.88 seconds)","length_train_dataset":725,"length_test_dataset":20,"parameters":"order=(0, 1, 0), seasonal_order=(0, 0, 0, 56)","prediction":"{\"725\":3.1985294118,\"726\":3.1985294118,\"727\":3.1985294118,\"728\":3.1985294118,\"729\":3.1985294118,\"730\":3.1985294118,\"731\":3.1985294118,\"732\":3.1985294118,\"733\":3.1985294118,\"734\":3.1985294118,\"735\":3.1985294118,\"736\":3.1985294118,\"737\":3.1985294118,\"738\":3.1985294118,\"739\":3.1985294118,\"740\":3.1985294118,\"741\":3.1985294118,\"742\":3.1985294118,\"743\":3.1985294118,\"744\":3.1985294118}"}
