{
    "label": "Sawtooth [1,36] i=500",
    "error_metrics": {
        "mae": 0.0001238973,
        "median_ae": 0.0001129236,
        "smape": 0.000042747,
        "rsme": 0.0001499768,
        "mase": 0.0002066488
    },
    "runtimes": "Training: 140.93 seconds",
    "length_train_dataset": 14964,
    "length_validation_dataset": 36,
    "parameters": "order=(2, 0, 1), seasonal_order=(2, 0, 2, 30)",
    "prediction": [
        8.448263121,
        8.7585949696,
        9.0689270461,
        9.3792589052,
        9.6895909726,
        9.9999228413,
        1.0002876762,
        1.3106195538,
        1.6209516053,
        1.931283491,
        2.2416155356,
        2.5519474288,
        2.8622794672,
        3.1726113672,
        3.4829433999,
        3.7932753062,
        4.1036073339,
        4.4139392459,
        4.7242712689,
        5.0346031864,
        5.3449352051,
        5.6552671275,
        5.9655991424,
        6.2759310693,
        6.5862630808,
        6.8965950118,
        7.2069270203,
        7.5172589552,
        7.8275909608,
        8.1379228992,
        8.4482312041,
        8.758539005,
        9.068847289,
        9.3791551125,
        9.6894633774,
        9.9997712217
    ]
}