{"label":"InfluxDB_r=4h-1_season_chained_om=lbfgs","error_metrics":"RSME: 3.392034700914629, SMAPE: 0.5849706293895854, MASE: 5.7838059919620015","runtimes":"Training: 0.02 seconds","length_train_dataset":402,"length_test_dataset":200,"parameters":"order=(0, 1, 0), seasonal_order=(0, 0, 0, 43)","prediction":"{\"402\":4.2003338898,\"403\":4.2003338898,\"404\":4.2003338898,\"405\":4.2003338898,\"406\":4.2003338898,\"407\":4.2003338898,\"408\":4.2003338898,\"409\":4.2003338898,\"410\":4.2003338898,\"411\":4.2003338898,\"412\":4.2003338898,\"413\":4.2003338898,\"414\":4.2003338898,\"415\":4.2003338898,\"416\":4.2003338898,\"417\":4.2003338898,\"418\":4.2003338898,\"419\":4.2003338898,\"420\":4.2003338898,\"421\":4.2003338898,\"422\":4.2003338898,\"423\":4.2003338898,\"424\":4.2003338898,\"425\":4.2003338898,\"426\":4.2003338898,\"427\":4.2003338898,\"428\":4.2003338898,\"429\":4.2003338898,\"430\":4.2003338898,\"431\":4.2003338898,\"432\":4.2003338898,\"433\":4.2003338898,\"434\":4.2003338898,\"435\":4.2003338898,\"436\":4.2003338898,\"437\":4.2003338898,\"438\":4.2003338898,\"439\":4.2003338898,\"440\":4.2003338898,\"441\":4.2003338898,\"442\":4.2003338898,\"443\":4.2003338898,\"444\":4.2003338898,\"445\":4.2003338898,\"446\":4.2003338898,\"447\":4.2003338898,\"448\":4.2003338898,\"449\":4.2003338898,\"450\":4.2003338898,\"451\":4.2003338898,\"452\":4.2003338898,\"453\":4.2003338898,\"454\":4.2003338898,\"455\":4.2003338898,\"456\":4.2003338898,\"457\":4.2003338898,\"458\":4.2003338898,\"459\":4.2003338898,\"460\":4.2003338898,\"461\":4.2003338898,\"462\":4.2003338898,\"463\":4.2003338898,\"464\":4.2003338898,\"465\":4.2003338898,\"466\":4.2003338898,\"467\":4.2003338898,\"468\":4.2003338898,\"469\":4.2003338898,\"470\":4.2003338898,\"471\":4.2003338898,\"472\":4.2003338898,\"473\":4.2003338898,\"474\":4.2003338898,\"475\":4.2003338898,\"476\":4.2003338898,\"477\":4.2003338898,\"478\":4.2003338898,\"479\":4.2003338898,\"480\":4.2003338898,\"481\":4.2003338898,\"482\":4.2003338898,\"483\":4.2003338898,\"484\":4.2003338898,\"485\":4.2003338898,\"486\":4.2003338898,\"487\":4.2003338898,\"488\":4.2003338898,\"489\":4.2003338898,\"490\":4.2003338898,\"491\":4.2003338898,\"492\":4.2003338898,\"493\":4.2003338898,\"494\":4.2003338898,\"495\":4.2003338898,\"496\":4.2003338898,\"497\":4.2003338898,\"498\":4.2003338898,\"499\":4.2003338898,\"500\":4.2003338898,\"501\":4.2003338898,\"502\":4.2003338898,\"503\":4.2003338898,\"504\":4.2003338898,\"505\":4.2003338898,\"506\":4.2003338898,\"507\":4.2003338898,\"508\":4.2003338898,\"509\":4.2003338898,\"510\":4.2003338898,\"511\":4.2003338898,\"512\":4.2003338898,\"513\":4.2003338898,\"514\":4.2003338898,\"515\":4.2003338898,\"516\":4.2003338898,\"517\":4.2003338898,\"518\":4.2003338898,\"519\":4.2003338898,\"520\":4.2003338898,\"521\":4.2003338898,\"522\":4.2003338898,\"523\":4.2003338898,\"524\":4.2003338898,\"525\":4.2003338898,\"526\":4.2003338898,\"527\":4.2003338898,\"528\":4.2003338898,\"529\":4.2003338898,\"530\":4.2003338898,\"531\":4.2003338898,\"532\":4.2003338898,\"533\":4.2003338898,\"534\":4.2003338898,\"535\":4.2003338898,\"536\":4.2003338898,\"537\":4.2003338898,\"538\":4.2003338898,\"539\":4.2003338898,\"540\":4.2003338898,\"541\":4.2003338898,\"542\":4.2003338898,\"543\":4.2003338898,\"544\":4.2003338898,\"545\":4.2003338898,\"546\":4.2003338898,\"547\":4.2003338898,\"548\":4.2003338898,\"549\":4.2003338898,\"550\":4.2003338898,\"551\":4.2003338898,\"552\":4.2003338898,\"553\":4.2003338898,\"554\":4.2003338898,\"555\":4.2003338898,\"556\":4.2003338898,\"557\":4.2003338898,\"558\":4.2003338898,\"559\":4.2003338898,\"560\":4.2003338898,\"561\":4.2003338898,\"562\":4.2003338898,\"563\":4.2003338898,\"564\":4.2003338898,\"565\":4.2003338898,\"566\":4.2003338898,\"567\":4.2003338898,\"568\":4.2003338898,\"569\":4.2003338898,\"570\":4.2003338898,\"571\":4.2003338898,\"572\":4.2003338898,\"573\":4.2003338898,\"574\":4.2003338898,\"575\":4.2003338898,\"576\":4.2003338898,\"577\":4.2003338898,\"578\":4.2003338898,\"579\":4.2003338898,\"580\":4.2003338898,\"581\":4.2003338898,\"582\":4.2003338898,\"583\":4.2003338898,\"584\":4.2003338898,\"585\":4.2003338898,\"586\":4.2003338898,\"587\":4.2003338898,\"588\":4.2003338898,\"589\":4.2003338898,\"590\":4.2003338898,\"591\":4.2003338898,\"592\":4.2003338898,\"593\":4.2003338898,\"594\":4.2003338898,\"595\":4.2003338898,\"596\":4.2003338898,\"597\":4.2003338898,\"598\":4.2003338898,\"599\":4.2003338898,\"600\":4.2003338898,\"601\":4.2003338898}"}
