{"label":"Influx DB, 4h resolution, 1 season chained","error_metrics":{"mae":1.6717320398,"median_ae":1.9365654203,"smape":0.4318511391,"rsme":2.0149986237,"mase":8.5211040259},"runtimes":"Training: 560.62 seconds","length_train_dataset":1037,"length_validation_dataset":80,"parameters":"order=(0, 0, 2), seasonal_order=(2, 0, 2, 84)","prediction":[2.5321709306,3.6029692281,4.4327959215,4.4320363682,4.597248777,4.5769561365,4.6167391162,4.7614853133,4.7766883451,4.7124301275,4.7522161106,4.8038684435,4.8432234276,4.9849787131,4.8556006203,4.999403707,4.9676572374,5.1001637731,5.1520735356,5.1203644298,5.2301336884,5.3332270724,5.3600713855,5.4194264197,5.5752078232,5.4872436413,5.5600510739,5.6526903873,5.625741344,5.6784780794,5.784853443,5.8012354895,5.7800803055,5.9205163044,5.9622443101,5.9984605014,5.9923178945,6.0653649136,6.2081784697,6.2492988467,5.3864934939,5.3956615158,4.8113612158,4.749725235,4.8425035479,4.9388597974,4.9886655057,4.9628713983,4.9860154549,5.0648830632,5.1134567286,5.1410491114,3.782170296,3.3440503154,3.3723305389,3.4101201763,3.2844792086,3.4758072144,3.4397000504,3.5769793491,3.5803484594,3.5629255768,3.6279942759,3.7148323803,3.7535290077,3.2060730306,3.2337925062,3.449260021,3.444645549,3.4363950976,3.5700190168,3.6058938834,3.6947937281,3.5761269218,3.6639470601,3.5989305586,3.7335695805,3.724572579,3.7645196106,3.8615235858]}
