{"label":"Sawtooth[1,10,10], 5 intervals","error_metrics":{"mae":0.0003652545,"median_ae":0.0002189822,"smape":0.0000720541,"rsme":0.0005290106,"mase":0.0002050552},"runtimes":"Training: 2.18 seconds","length_train_dataset":25,"length_validation_dataset":20,"parameters":"order=(4, 0, 1), seasonal_order=(2, 0, 0, 9)","prediction":[8.8749798596,9.9999542615,1.0002085386,2.1251574197,3.2500903099,4.3750184121,5.4999349262,6.6248508805,7.7497607698,8.8746351866,9.9994983534,1.0002294258,2.1250561059,3.2498647917,4.3746715317,5.4994709895,6.6242777,7.7490876404,8.8738534647,9.9986147662]}
