{
    "label": "",
    "error_metrics": {
        "mae": 1.9849526722,
        "mase": 10.2863980224,
        "median_ae": 0.4494928192,
        "rsme": 2.9793959539,
        "smape": 0.4490860958
    },
    "runtimes": "Training: 15.30 seconds",
    "dataset_sizes": null,
    "parameters": "Epochs: 100, hyperparameters: Hyperparamters(gradient_clip_val=6.9953515571, hidden_continuous_size=40, dropout=0.1558743686, attention_head_size=3, learning_rate=0.0039810717, accelerator='auto', hidden_size=0)",
    "prediction": [
        6.7141976357,
        6.7301149368,
        6.7349529266,
        6.7357134819,
        6.7350268364,
        6.7338495255,
        6.732530117,
        6.7311935425,
        6.7298851013,
        6.7286205292,
        6.7274055481,
        6.7262468338,
        6.7251424789,
        6.7240920067
    ]
}