{"label":"InfluxDB_r=2h_om=lbfgs_order=ArimaOrder(order=(0, 0, 1), seasonal_order=(2, 0, 2, 84))","mean_squared_error":1.9412320822,"runtimes":"Training: 240.49 seconds","length_train_dataset":917,"length_test_dataset":200,"parameters":"order=(0, 0, 1), seasonal_order=(2, 0, 2, 84)","prediction":"{\"917\":4.4440149943,\"918\":3.9590418663,\"919\":3.8991075367,\"920\":4.0632267314,\"921\":4.1845018684,\"922\":3.3727332225,\"923\":3.3218569196,\"924\":3.4055234356,\"925\":3.2541897548,\"926\":3.4026890867,\"927\":3.4849269196,\"928\":3.5390369207,\"929\":3.5971804716,\"930\":3.557323611,\"931\":3.63816335,\"932\":3.7589824493,\"933\":3.8772919924,\"934\":3.8020141155,\"935\":3.866569454,\"936\":4.1873544289,\"937\":4.195960402,\"938\":4.1573705492,\"939\":4.1759945037,\"940\":4.194178245,\"941\":4.2997446877,\"942\":4.3115093366,\"943\":4.3636882842,\"944\":4.3140375935,\"945\":4.5632469917,\"946\":4.4607656161,\"947\":4.565526864,\"948\":4.6098697754,\"949\":4.6429289068,\"950\":4.7457441773,\"951\":4.8211644347,\"952\":4.8844636281,\"953\":4.9106407536,\"954\":4.9221697243,\"955\":4.961306019,\"956\":5.0836045895,\"957\":5.1197517672,\"958\":5.1596429434,\"959\":5.2056297446,\"960\":5.2989405648,\"961\":5.2949936555,\"962\":5.5583156052,\"963\":5.6735821579,\"964\":5.5821134132,\"965\":5.7832163338,\"966\":5.8314470257,\"967\":5.741753687,\"968\":5.8987738636,\"969\":5.8849620273,\"970\":5.9396149322,\"971\":6.0294050156,\"972\":6.0702647259,\"973\":6.1605671466,\"974\":6.2458374648,\"975\":6.2952056806,\"976\":6.3221068164,\"977\":6.4122387813,\"978\":6.4520754627,\"979\":6.5205387604,\"980\":6.5141941905,\"981\":6.5898171051,\"982\":6.6046114177,\"983\":6.7986288203,\"984\":6.8053585564,\"985\":6.7966106136,\"986\":7.0018892697,\"987\":7.0272883493,\"988\":7.0337426268,\"989\":7.0371201395,\"990\":7.1369194377,\"991\":7.2808737307,\"992\":7.3901917152,\"993\":5.5916820635,\"994\":5.4405455981,\"995\":4.4721867797,\"996\":4.5603406493,\"997\":4.8147595041,\"998\":4.9411557589,\"999\":5.0129877668,\"1000\":4.8019452179,\"1001\":4.184322238,\"1002\":4.2609117043,\"1003\":4.1657188247,\"1004\":4.4472277913,\"1005\":3.5690872863,\"1006\":2.9227767874,\"1007\":2.9116488362,\"1008\":3.0142457868,\"1009\":2.8763422944,\"1010\":2.9525860824,\"1011\":3.0676777468,\"1012\":3.0799661642,\"1013\":3.2018536496,\"1014\":3.0465940064,\"1015\":3.21018552,\"1016\":3.3832648146,\"1017\":3.3743965604,\"1018\":3.3307548717,\"1019\":3.5693053821,\"1020\":3.6874583736,\"1021\":3.6689609071,\"1022\":3.6880718206,\"1023\":3.7046106182,\"1024\":3.7488715674,\"1025\":3.8796952401,\"1026\":3.8679669878,\"1027\":3.9441015216,\"1028\":3.9070919406,\"1029\":4.0323120949,\"1030\":3.9926391807,\"1031\":4.0912019667,\"1032\":4.2534269969,\"1033\":4.282258213,\"1034\":4.3226817828,\"1035\":4.4083236861,\"1036\":4.5404486611,\"1037\":4.5579948758,\"1038\":4.5122553581,\"1039\":4.5479726292,\"1040\":4.5616076725,\"1041\":4.7424147863,\"1042\":4.6685775806,\"1043\":4.7254148308,\"1044\":4.8015040289,\"1045\":4.8155543869,\"1046\":4.6968984967,\"1047\":4.831067156,\"1048\":4.7052265314,\"1049\":4.8173023306,\"1050\":4.9042097757,\"1051\":4.7960372772,\"1052\":4.9521003947,\"1053\":4.9490520091,\"1054\":4.9817668026,\"1055\":5.1124691516,\"1056\":5.1395880346,\"1057\":5.1874343107,\"1058\":5.2835304605,\"1059\":5.2996654039,\"1060\":5.3223269138,\"1061\":5.4924366435,\"1062\":5.4428363929,\"1063\":5.4812657795,\"1064\":5.5292095148,\"1065\":5.561896426,\"1066\":5.6239036106,\"1067\":5.7721004041,\"1068\":5.7556256276,\"1069\":5.7380413446,\"1070\":5.9394821884,\"1071\":5.96261656,\"1072\":5.965890362,\"1073\":5.940996062,\"1074\":6.0392118128,\"1075\":6.1456966389,\"1076\":6.2727931074,\"1077\":5.2290754896,\"1078\":5.1050308107,\"1079\":4.5378406085,\"1080\":4.5291497498,\"1081\":4.770788785,\"1082\":4.8343931861,\"1083\":4.8995600696,\"1084\":4.776669723,\"1085\":3.9740446164,\"1086\":3.9012962768,\"1087\":3.8424041234,\"1088\":4.0035554279,\"1089\":4.1285830739,\"1090\":3.3274101503,\"1091\":3.2770370999,\"1092\":3.3594145731,\"1093\":3.210151527,\"1094\":3.3569423911,\"1095\":3.437835207,\"1096\":3.4914074881,\"1097\":3.5483783069,\"1098\":3.5097178653,\"1099\":3.5889592557,\"1100\":3.7077804744,\"1101\":3.825109933,\"1102\":3.7507254449,\"1103\":3.8134136938,\"1104\":4.1307628724,\"1105\":4.1393952765,\"1106\":4.1010363262,\"1107\":4.1194078238,\"1108\":4.137191185,\"1109\":4.2411236661,\"1110\":4.2528502287,\"1111\":4.3041587534,\"1112\":4.2551423348,\"1113\":4.5014995571,\"1114\":4.4001263631,\"1115\":4.5034372454,\"1116\":4.546506606}"}
