{
    "label": "Sawtooth_[1,6,36]_i=20",
    "error_metrics": {
        "mae": 2.4876917423,
        "median_ae": 2.534787992,
        "smape": 0.4577252417,
        "rsme": 2.8190291043,
        "mase": 4.2295681637
    },
    "runtimes": "Training: 120.40 seconds",
    "length_train_dataset": 564,
    "length_validation_dataset": 36,
    "parameters": "Epochs: 50, hyperparameters: Hyperparamters(gradient_clip_val=0.01565726380636608, hidden_continuous_size=10, dropout=0.21608714783830352, attention_head_size=1, learning_rate=0.005623413251903493, accelerator='auto', hidden_size=223)",
    "prediction": [
        6.5674166679,
        6.4110784531,
        6.278031826,
        6.1707429886,
        6.0870070457,
        6.0224890709,
        5.9726901054,
        5.9338746071,
        5.903195858,
        5.8785424232,
        5.8583607674,
        5.841530323,
        5.8272557259,
        5.8149223328,
        5.8040795326,
        5.7943949699,
        5.7856245041,
        5.7775864601,
        5.770149231,
        5.7632160187,
        5.7567110062,
        5.7505750656,
        5.7447633743,
        5.7392416,
        5.7339792252,
        5.7289528847,
        5.7241435051,
        5.719534874,
        5.7151122093,
        5.7108635902,
        5.7067785263,
        5.7028479576,
        5.6990633011,
        5.6954164505,
        5.691901207,
        5.6885104179
    ]
}