{
    "label": "InfluxDB_r=2h-chained_atDrop_e=200_pl=35_hst=50",
    "error_metrics": {
        "mae": 1.0892605677,
        "median_ae": 0.7189866234,
        "smape": 0.2316985406,
        "rsme": 1.4197433208,
        "mase": 5.6480893931
    },
    "runtimes": "Training: 168.32 seconds",
    "length_train_dataset": 5412,
    "length_validation_dataset": 35,
    "parameters": "Epochs: 200, hyperparameters: Hyperparamters(gradient_clip_val=6.9953515571, hidden_continuous_size=40, dropout=0.1558743686, attention_head_size=3, learning_rate=0.0039810717, accelerator='auto', hidden_size=70)",
    "prediction": [
        7.4757051468,
        7.5606431961,
        7.5866336823,
        7.5840549469,
        7.5691556931,
        7.5487575531,
        7.5254206657,
        7.4998788834,
        7.472073555,
        7.4415979385,
        7.4078674316,
        7.3701591492,
        7.3276004791,
        7.2791438103,
        7.2235212326,
        7.159198761,
        7.0843224525,
        6.9966564178,
        6.893635273,
        6.7725358009,
        6.6308269501,
        6.467338562,
        6.2835278511,
        6.0834937096,
        5.87444067,
        5.6655168533,
        5.4652795792,
        5.2808065414,
        5.1161670685,
        4.9725646973,
        4.8491697311,
        4.7442688942,
        4.655807972,
        4.5811376572,
        4.5178546906
    ]
}