{"label":"InfluxDB_r=2h_om=lbfgs_order=ArimaOrder(order=(0, 0, 0), seasonal_order=(0, 1, 2, 84))","mean_squared_error":2.1348712217,"runtimes":"Training: 50.07 seconds","length_train_dataset":917,"length_test_dataset":200,"parameters":"order=(0, 0, 0), seasonal_order=(0, 1, 2, 84)","prediction":"{\"917\":4.028988942,\"918\":4.1474141027,\"919\":4.1213861024,\"920\":4.3473157356,\"921\":3.9038258322,\"922\":3.2221011369,\"923\":3.1626504167,\"924\":3.2762527178,\"925\":3.105192653,\"926\":3.2121220135,\"927\":3.3318476414,\"928\":3.340665927,\"929\":3.4502275296,\"930\":3.4066687569,\"931\":3.4741905631,\"932\":3.6579741312,\"933\":3.650295273,\"934\":3.6059443626,\"935\":3.7702675489,\"936\":4.033351472,\"937\":4.0149591043,\"938\":4.004323867,\"939\":4.0280059872,\"940\":4.0809100415,\"941\":4.179907389,\"942\":4.170557173,\"943\":4.2586574627,\"944\":4.2034868835,\"945\":4.3987787153,\"946\":4.3195935933,\"947\":4.3855719234,\"948\":4.5646938315,\"949\":4.5933089113,\"950\":4.6574586909,\"951\":4.7275232858,\"952\":4.8221924553,\"953\":4.862871111,\"954\":4.8349257427,\"955\":4.8748152197,\"956\":4.9343298731,\"957\":5.08277165,\"958\":5.0577292941,\"959\":5.0863002942,\"960\":5.1824486926,\"961\":5.1797980666,\"962\":5.2593759348,\"963\":5.3487746388,\"964\":5.2865124222,\"965\":5.4450158567,\"966\":5.5019472699,\"967\":5.4026363116,\"968\":5.5610670937,\"969\":5.560422406,\"970\":5.6019414566,\"971\":5.7230318112,\"972\":5.7586536319,\"973\":5.83049772,\"974\":5.918993245,\"975\":5.9628725982,\"976\":5.9862937446,\"977\":6.1423073537,\"978\":6.1281260647,\"979\":6.1910988277,\"980\":6.2004260045,\"981\":6.2721792061,\"982\":6.3074944489,\"983\":6.4849949882,\"984\":6.4827857733,\"985\":6.4607562253,\"986\":6.6881474584,\"987\":6.6818336909,\"988\":6.711899249,\"989\":6.7107241425,\"990\":6.8231984656,\"991\":6.89414632,\"992\":7.0450922824,\"993\":5.4698089222,\"994\":5.2823692877,\"995\":4.370566403,\"996\":4.4127610439,\"997\":4.6592764813,\"998\":4.8159157458,\"999\":4.8284115298,\"1000\":4.6838162949,\"1001\":4.0850355584,\"1002\":4.2632636099,\"1003\":4.1790802002,\"1004\":4.4287711492,\"1005\":4.0281826361,\"1006\":3.2816178204,\"1007\":3.2345943586,\"1008\":3.3499228648,\"1009\":3.1855170102,\"1010\":3.29820124,\"1011\":3.4085535417,\"1012\":3.4317213853,\"1013\":3.5383372659,\"1014\":3.4257834906,\"1015\":3.5589448932,\"1016\":3.7281060782,\"1017\":3.7555091194,\"1018\":3.6988796514,\"1019\":3.867663259,\"1020\":4.10844149,\"1021\":4.0955811437,\"1022\":4.0825156475,\"1023\":4.0957297206,\"1024\":4.1277542285,\"1025\":4.2588178958,\"1026\":4.2461847547,\"1027\":4.3257119194,\"1028\":4.2723198282,\"1029\":4.4687307266,\"1030\":4.3952567899,\"1031\":4.4949023828,\"1032\":4.6121511535,\"1033\":4.6411942152,\"1034\":4.7080343873,\"1035\":4.7902537125,\"1036\":4.8908243462,\"1037\":4.9141151526,\"1038\":4.8957447534,\"1039\":4.9322600706,\"1040\":4.9930032226,\"1041\":5.1233848626,\"1042\":5.0974490342,\"1043\":5.1457675787,\"1044\":5.2357006745,\"1045\":5.2367071647,\"1046\":5.3153383998,\"1047\":5.4446875336,\"1048\":5.3224393061,\"1049\":5.4846450787,\"1050\":5.5578754995,\"1051\":5.4462680092,\"1052\":5.6160118331,\"1053\":5.6077431394,\"1054\":5.6522540067,\"1055\":5.7707629689,\"1056\":5.8047802348,\"1057\":5.8735372946,\"1058\":5.9649221088,\"1059\":6.0035108844,\"1060\":6.0239763573,\"1061\":6.1745556816,\"1062\":6.1600922568,\"1063\":6.2156307254,\"1064\":6.2374701901,\"1065\":6.2972407172,\"1066\":6.3373085994,\"1067\":6.5140704433,\"1068\":6.5102001239,\"1069\":6.490373608,\"1070\":6.7185200294,\"1071\":6.738261871,\"1072\":6.7402789017,\"1073\":6.727555341,\"1074\":6.8376649393,\"1075\":6.9657184703,\"1076\":7.0944692503,\"1077\":5.6160868972,\"1078\":5.4345336562,\"1079\":4.6614026764,\"1080\":4.6950369498,\"1081\":4.976045014,\"1082\":5.0735445476,\"1083\":5.1393343602,\"1084\":4.9709281754,\"1085\":4.0850355584,\"1086\":4.2632636099,\"1087\":4.1790802002,\"1088\":4.4287711492,\"1089\":4.0281826361,\"1090\":3.2816178204,\"1091\":3.2345943586,\"1092\":3.3499228648,\"1093\":3.1855170102,\"1094\":3.29820124,\"1095\":3.4085535417,\"1096\":3.4317213853,\"1097\":3.5383372659,\"1098\":3.4257834906,\"1099\":3.5589448932,\"1100\":3.7281060782,\"1101\":3.7555091194,\"1102\":3.6988796514,\"1103\":3.867663259,\"1104\":4.10844149,\"1105\":4.0955811437,\"1106\":4.0825156475,\"1107\":4.0957297206,\"1108\":4.1277542285,\"1109\":4.2588178958,\"1110\":4.2461847547,\"1111\":4.3257119194,\"1112\":4.2723198282,\"1113\":4.4687307266,\"1114\":4.3952567899,\"1115\":4.4949023828,\"1116\":4.6121511535}"}
