{"label":"InfluxDB_r=2h_om=lbfgs_order=ArimaOrder(order=(0, 0, 0), seasonal_order=(2, 1, 0, 84))","mean_squared_error":2.5052121794,"runtimes":"Training: 18.93 seconds","length_train_dataset":917,"length_test_dataset":200,"parameters":"order=(0, 0, 0), seasonal_order=(2, 1, 0, 84)","prediction":"{\"917\":4.1984149415,\"918\":4.4145346957,\"919\":4.239197276,\"920\":4.5687435674,\"921\":4.4137235187,\"922\":3.9632964117,\"923\":3.9709657959,\"924\":4.2378741675,\"925\":3.9385032741,\"926\":4.0886752414,\"927\":4.215677192,\"928\":4.1970764491,\"929\":4.3189842415,\"930\":4.1646859502,\"931\":4.3278148662,\"932\":4.5604258331,\"933\":4.5196784344,\"934\":4.4660269105,\"935\":4.5556545598,\"936\":5.0600214813,\"937\":5.0447553569,\"938\":4.965171779,\"939\":4.9359259661,\"940\":4.9610598763,\"941\":5.1069345177,\"942\":5.0165611265,\"943\":5.1667999898,\"944\":5.093026085,\"945\":5.3585551347,\"946\":5.2448952051,\"947\":5.3119675637,\"948\":5.347878254,\"949\":5.3747425926,\"950\":5.4243243584,\"951\":5.4857590887,\"952\":5.5343294111,\"953\":5.5390142403,\"954\":5.5838947501,\"955\":5.6148627396,\"956\":5.6477305028,\"957\":5.7760419075,\"958\":5.793667182,\"959\":5.8183690938,\"960\":5.9250710665,\"961\":5.9143252076,\"962\":5.997833528,\"963\":6.1467835282,\"964\":5.9408764968,\"965\":6.1174921006,\"966\":6.1958643904,\"967\":6.060905724,\"968\":6.2796003552,\"969\":6.2845447163,\"970\":6.3293161854,\"971\":6.460506498,\"972\":6.486581562,\"973\":6.5603955294,\"974\":6.6207766717,\"975\":6.7220714368,\"976\":6.6901698511,\"977\":6.9101902867,\"978\":6.8513938631,\"979\":6.898961339,\"980\":6.9413880028,\"981\":7.0353819562,\"982\":7.0503216526,\"983\":7.2632710031,\"984\":7.3042788999,\"985\":7.2720704345,\"986\":7.5532829171,\"987\":7.5867849543,\"988\":7.5556948908,\"989\":7.543214516,\"990\":7.7169648627,\"991\":7.8751161422,\"992\":8.0560459206,\"993\":5.6665866515,\"994\":5.1151075429,\"995\":4.9771965578,\"996\":4.9509812597,\"997\":5.5096463184,\"998\":5.5207583955,\"999\":5.6023809418,\"1000\":5.5011969506,\"1001\":4.4457743042,\"1002\":4.8193002583,\"1003\":4.5080427918,\"1004\":4.8436404238,\"1005\":4.7269063998,\"1006\":3.9516006729,\"1007\":3.9781807955,\"1008\":4.1989966011,\"1009\":3.963906334,\"1010\":4.118982346,\"1011\":4.2116500917,\"1012\":4.2473095768,\"1013\":4.3390187089,\"1014\":4.0122119417,\"1015\":4.3602614217,\"1016\":4.4959211146,\"1017\":4.6081862406,\"1018\":4.524444938,\"1019\":4.6582493573,\"1020\":5.0138078128,\"1021\":5.0206529844,\"1022\":4.9506080192,\"1023\":4.906294406,\"1024\":4.8797090271,\"1025\":5.0869391057,\"1026\":5.0361882142,\"1027\":5.1178734412,\"1028\":5.0744587918,\"1029\":5.3292102892,\"1030\":5.2361532393,\"1031\":5.4139313266,\"1032\":5.288547057,\"1033\":5.3121477784,\"1034\":5.3840817329,\"1035\":5.4931977432,\"1036\":5.5939346646,\"1037\":5.5515978323,\"1038\":5.5945970218,\"1039\":5.6226856443,\"1040\":5.6778252986,\"1041\":5.7192058276,\"1042\":5.7370202812,\"1043\":5.8316123045,\"1044\":5.9213306809,\"1045\":5.9220678147,\"1046\":5.993548297,\"1047\":6.261773176,\"1048\":5.9182081347,\"1049\":6.1050505538,\"1050\":6.2261197814,\"1051\":6.0672315584,\"1052\":6.2951894339,\"1053\":6.2726824905,\"1054\":6.3299808211,\"1055\":6.4463442261,\"1056\":6.4725798854,\"1057\":6.5430957598,\"1058\":6.6219230929,\"1059\":6.6832224543,\"1060\":6.6580604118,\"1061\":6.844452083,\"1062\":6.7947755463,\"1063\":6.8302004109,\"1064\":6.9021202945,\"1065\":6.9423702812,\"1066\":6.9890860057,\"1067\":7.1840078912,\"1068\":7.2118751299,\"1069\":7.1936733582,\"1070\":7.4416472183,\"1071\":7.5565681815,\"1072\":7.4632738829,\"1073\":7.4113946633,\"1074\":7.5518719117,\"1075\":7.8788606703,\"1076\":7.9858450903,\"1077\":6.0662939032,\"1078\":5.6704889233,\"1079\":5.6361140518,\"1080\":5.6126002878,\"1081\":6.180522699,\"1082\":6.0436868913,\"1083\":6.2879236347,\"1084\":6.0731259637,\"1085\":4.3265874107,\"1086\":4.6803919195,\"1087\":4.3907596692,\"1088\":4.7434583063,\"1089\":4.606111064,\"1090\":3.8746759141,\"1091\":3.8944471897,\"1092\":4.1101689336,\"1093\":3.8772390457,\"1094\":4.0285410345,\"1095\":4.1251359621,\"1096\":4.1581287765,\"1097\":4.2631209682,\"1098\":3.9514316857,\"1099\":4.2718614347,\"1100\":4.4364036781,\"1101\":4.5164711212,\"1102\":4.4319154865,\"1103\":4.5630688403,\"1104\":4.9147683216,\"1105\":4.9156605922,\"1106\":4.85302612,\"1107\":4.812932709,\"1108\":4.7889024561,\"1109\":5.0049694092,\"1110\":4.9399523621,\"1111\":5.0378855416,\"1112\":4.9803266849,\"1113\":5.2253021342,\"1114\":5.1388851674,\"1115\":5.3041165011,\"1116\":5.2102970579}"}
