{"label":"InfluxDB_r=12h_chained_e=200_pl=17_hst=50","error_metrics":{"mae":1.0292841522,"median_ae":0.7198601753,"smape":0.2683997309,"rsme":1.4186442908,"mase":1.6501177472},"runtimes":"Training: 204.79 seconds","length_train_dataset":5029,"length_validation_dataset":17,"parameters":"Epochs: 200, hyperparameters: Hyperparamters(gradient_clip_val=6.9953515571, hidden_continuous_size=40, dropout=0.1558743686, attention_head_size=3, learning_rate=0.0039810717, accelerator='auto', hidden_size=70)","prediction":[3.0690665245,3.4898343086,3.7217593193,3.8577599525,4.0177364349,4.2309641838,4.4553003311,4.6678748131,4.8769378662,5.0921502113,5.305891037,5.4950637817,5.6283159256,5.6666903496,5.552365303,5.2091121674,4.6064062119]}
