{"label":"InfluxDB_r=4h","mean_squared_error":2.0270055484,"runtimes":"Training: 0.01 seconds , order study: 15.92 seconds)","length_train_dataset":479,"length_test_dataset":80,"parameters":"order=(0, 1, 0), seasonal_order=(0, 0, 0, 43)","prediction":"{\"479\":4.6373056995,\"480\":4.6373056995,\"481\":4.6373056995,\"482\":4.6373056995,\"483\":4.6373056995,\"484\":4.6373056995,\"485\":4.6373056995,\"486\":4.6373056995,\"487\":4.6373056995,\"488\":4.6373056995,\"489\":4.6373056995,\"490\":4.6373056995,\"491\":4.6373056995,\"492\":4.6373056995,\"493\":4.6373056995,\"494\":4.6373056995,\"495\":4.6373056995,\"496\":4.6373056995,\"497\":4.6373056995,\"498\":4.6373056995,\"499\":4.6373056995,\"500\":4.6373056995,\"501\":4.6373056995,\"502\":4.6373056995,\"503\":4.6373056995,\"504\":4.6373056995,\"505\":4.6373056995,\"506\":4.6373056995,\"507\":4.6373056995,\"508\":4.6373056995,\"509\":4.6373056995,\"510\":4.6373056995,\"511\":4.6373056995,\"512\":4.6373056995,\"513\":4.6373056995,\"514\":4.6373056995,\"515\":4.6373056995,\"516\":4.6373056995,\"517\":4.6373056995,\"518\":4.6373056995,\"519\":4.6373056995,\"520\":4.6373056995,\"521\":4.6373056995,\"522\":4.6373056995,\"523\":4.6373056995,\"524\":4.6373056995,\"525\":4.6373056995,\"526\":4.6373056995,\"527\":4.6373056995,\"528\":4.6373056995,\"529\":4.6373056995,\"530\":4.6373056995,\"531\":4.6373056995,\"532\":4.6373056995,\"533\":4.6373056995,\"534\":4.6373056995,\"535\":4.6373056995,\"536\":4.6373056995,\"537\":4.6373056995,\"538\":4.6373056995,\"539\":4.6373056995,\"540\":4.6373056995,\"541\":4.6373056995,\"542\":4.6373056995,\"543\":4.6373056995,\"544\":4.6373056995,\"545\":4.6373056995,\"546\":4.6373056995,\"547\":4.6373056995,\"548\":4.6373056995,\"549\":4.6373056995,\"550\":4.6373056995,\"551\":4.6373056995,\"552\":4.6373056995,\"553\":4.6373056995,\"554\":4.6373056995,\"555\":4.6373056995,\"556\":4.6373056995,\"557\":4.6373056995,\"558\":4.6373056995}"}
