{
    "label": "Sawtooth 4 hour resolution, 1 season chained",
    "error_metrics": {
        "mae": 0.0000018499,
        "median_ae": 0.0000018056,
        "smape": 0.0000004267,
        "rsme": 0.0000022008,
        "mase": 0.000003577
    },
    "runtimes": "Training: 28.34 seconds",
    "length_train_dataset": 1786,
    "length_validation_dataset": 20,
    "parameters": "order=(2, 0, 1), seasonal_order=(1, 0, 0, 43)",
    "prediction": [
        6.64941585,
        6.9348914595,
        7.1752918093,
        7.5509175792,
        7.8213679919,
        8.2120187831,
        8.2120186993,
        8.1519186461,
        8.482469183,
        8.6026694595,
        8.8430698342,
        8.9933201614,
        9.0834702617,
        9.0834703048,
        9.9999969466,
        9.6093462587,
        9.68447134,
        9.8196966261,
        9.8497466275,
        1.0300552561
    ]
}