{"label":"Sawtooth_[1,10,10]_i=300","error_metrics":{"mae":0.0000069772,"median_ae":0.0000062532,"smape":0.0000014587,"rsme":0.0000086545,"mase":0.0000034932},"runtimes":"Training: 18.93 seconds","length_train_dataset":2664,"length_validation_dataset":36,"parameters":"order=(4, 0, 1), seasonal_order=(2, 0, 0, 9)","prediction":[1.0000072629,2.1250049798,3.2500030517,4.3750006125,5.4999985633,6.6249967552,7.7499949024,8.874993287,9.9999917962,1.0000001308,2.1249987875,3.2499975028,4.374996247,5.4999950437,6.6249938664,7.7499927059,8.8749915678,9.9999904409,1.0000063727,2.1250029826,3.2499999518,4.3749964143,5.49999327,6.6249903687,7.7499874244,8.8749847187,9.9999821383,0.9999991761,2.1249967422,3.2499943674,4.3749920213,5.4999897283,6.6249874617,7.7499852119,8.8749829848,9.9999807691]}
