{"label":"InfluxDB_r=4h_om=lbfgs_order=ArimaOrder(order=(0, 0, 2), seasonal_order=(2, 0, 2, 84))","mean_squared_error":2.8044491657,"runtimes":"Training: 145.32 seconds","length_train_dataset":359,"length_test_dataset":200,"parameters":"order=(0, 0, 2), seasonal_order=(2, 0, 2, 84)","prediction":"{\"359\":4.5285687837,\"360\":4.3969935753,\"361\":4.2835403508,\"362\":4.6484117293,\"363\":4.3518323913,\"364\":4.3906264088,\"365\":4.697203123,\"366\":4.5781167124,\"367\":4.5168898441,\"368\":4.6307360481,\"369\":4.4027742793,\"370\":3.1501877424,\"371\":2.6759996648,\"372\":2.7147193833,\"373\":2.8936675974,\"374\":3.0204349534,\"375\":3.1957820976,\"376\":3.0620524059,\"377\":1.0980942891,\"378\":0.911641961,\"379\":1.0604711388,\"380\":1.1547654128,\"381\":1.185352325,\"382\":1.5109871978,\"383\":1.5063348534,\"384\":1.649227692,\"385\":1.8267905604,\"386\":1.9887183038,\"387\":2.0077528209,\"388\":2.2028312016,\"389\":2.2534428864,\"390\":2.3584097806,\"391\":2.690815778,\"392\":2.9120736383,\"393\":2.9770945652,\"394\":3.103149023,\"395\":3.2650371007,\"396\":3.4206510498,\"397\":3.6708683352,\"398\":4.1255659956,\"399\":4.0420157916,\"400\":4.0608117173,\"401\":4.1158347863,\"402\":4.3360766457,\"403\":4.4217906549,\"404\":4.4164878202,\"405\":4.7895018585,\"406\":4.6646327091,\"407\":4.8536438386,\"408\":4.8175718615,\"409\":4.8865703562,\"410\":4.9871127222,\"411\":5.0286163109,\"412\":3.1095635333,\"413\":0.3607307953,\"414\":0.2083738809,\"415\":0.6370666437,\"416\":0.1466875701,\"417\":0.2368826888,\"418\":1.4834370973,\"419\":1.3170743317,\"420\":1.3081818112,\"421\":1.5510929107,\"422\":1.6672109827,\"423\":1.6751603427,\"424\":1.7145023074,\"425\":2.0287514357,\"426\":1.7088335676,\"427\":1.8202732906,\"428\":2.0700439706,\"429\":2.1845192505,\"430\":2.0300414953,\"431\":2.0091467126,\"432\":2.7557155564,\"433\":2.6647018688,\"434\":2.9948867924,\"435\":2.790484631,\"436\":3.1812111821,\"437\":2.7832931881,\"438\":2.7507162346,\"439\":3.4876328678,\"440\":3.5904454354,\"441\":3.6449929253,\"442\":3.7730068963,\"443\":4.0799742356,\"444\":3.9911087404,\"445\":4.054776861,\"446\":4.5361346381,\"447\":4.1754260575,\"448\":4.2443182773,\"449\":4.6100641051,\"450\":4.4114986006,\"451\":4.489811543,\"452\":4.5131114659,\"453\":4.6216115397,\"454\":4.5496912985,\"455\":4.3484077691,\"456\":4.509968942,\"457\":4.5910123424,\"458\":4.6760487435,\"459\":4.9150544857,\"460\":4.7547605747,\"461\":1.7478111734,\"462\":1.5203324659,\"463\":1.6496551493,\"464\":1.7586785663,\"465\":1.8138254676,\"466\":1.902145998,\"467\":2.0354729675,\"468\":2.1673654476,\"469\":2.2802095309,\"470\":2.320556329,\"471\":2.4470139214,\"472\":2.684020807,\"473\":2.6243566475,\"474\":2.7192703916,\"475\":3.0730790528,\"476\":3.1605037491,\"477\":3.2703286842,\"478\":3.423415065,\"479\":3.5507154678,\"480\":3.6372792445,\"481\":3.8841065886,\"482\":4.3724387416,\"483\":4.2002239742,\"484\":4.2505568934,\"485\":4.329583535,\"486\":4.5776518767,\"487\":4.5783093601,\"488\":4.59183855,\"489\":5.1026351705,\"490\":4.9551101162,\"491\":4.9767351894,\"492\":5.0216938949,\"493\":5.1511557227,\"494\":5.3043292068,\"495\":5.3688256521,\"496\":5.8860150109,\"497\":1.9621348104,\"498\":1.8887405879,\"499\":2.3991232776,\"500\":1.8872369098,\"501\":1.9913887313,\"502\":1.6558660613,\"503\":1.6955934334,\"504\":1.6459140609,\"505\":1.8311384698,\"506\":2.1267687214,\"507\":1.9607611,\"508\":2.1170098612,\"509\":2.1728528663,\"510\":2.2199905931,\"511\":2.3448964662,\"512\":2.6574985202,\"513\":2.7171450196,\"514\":2.4979671687,\"515\":2.5155876132,\"516\":3.0339644732,\"517\":2.9481593242,\"518\":2.967230892,\"519\":2.9400397183,\"520\":3.4737735747,\"521\":3.1773752111,\"522\":3.2254276854,\"523\":3.1146556632,\"524\":3.171393184,\"525\":3.1267560237,\"526\":3.3202318434,\"527\":3.5600965855,\"528\":3.4750658307,\"529\":3.3964718341,\"530\":3.6782044448,\"531\":3.4475000454,\"532\":3.4764673111,\"533\":3.7153454473,\"534\":3.6257045809,\"535\":3.5695620677,\"536\":3.6645398332,\"537\":3.4657120526,\"538\":2.4104449705,\"539\":2.0206565722,\"540\":2.0443961222,\"541\":2.1912104204,\"542\":2.293674355,\"543\":2.428639339,\"544\":2.3244820226,\"545\":0.8312121358,\"546\":0.6862133681,\"547\":0.8048660496,\"548\":0.8785315443,\"549\":0.9013243949,\"550\":1.1717816907,\"551\":1.1604163916,\"552\":1.2739056587,\"553\":1.4177760071,\"554\":1.5524648106,\"555\":1.5615136557,\"556\":1.7132761711,\"557\":1.7594023507,\"558\":1.8428797653}"}
