{"label":"InfluxDB_r=8h_om=lbfgs","mean_squared_error":0.8388099622,"runtimes":"Training: 0.22 seconds","length_train_dataset":100,"length_test_dataset":6,"parameters":"order=(1, 0, 1), seasonal_order=(0, 0, 1, 18)","prediction":"{\"100\":5.0024391078,\"101\":5.0989230691,\"102\":4.7757382783,\"103\":4.852834724,\"104\":4.8920055818,\"105\":5.1757031414}"}
