{"label":"InfluxDB_r=4h","mean_squared_error":0.4471061868,"runtimes":"Training: 0.39 seconds","length_train_dataset":539,"length_test_dataset":20,"parameters":"order=(1, 1, 0), seasonal_order=(1, 0, 0, 43)","prediction":"{\"539\":3.5054249832,\"540\":3.5007881126,\"541\":3.4808775739,\"542\":3.4860968438,\"543\":3.4899629696,\"544\":3.5029144911,\"545\":3.4934424828,\"546\":3.4967286897,\"547\":3.4949889331,\"548\":3.4975019149,\"549\":3.5071672294,\"550\":3.5038810225,\"551\":3.5021412659,\"552\":3.3581280793,\"553\":3.3554217912,\"554\":3.3623808177,\"555\":3.3710796007,\"556\":3.3658603309,\"557\":3.3587079981,\"558\":3.3656670246}"}
