{
    "label": "InfluxDB_r=6h",
    "mean_squared_error": 0.5283605828,
    "runtimes": "Training: 0.26 seconds , order study: 20.68 seconds)",
    "length_train_dataset": 121,
    "length_test_dataset": 20,
    "parameters": "order=(1, 1, 0), seasonal_order=(0, 0, 1, 24)",
    "prediction": "{\"121\":4.219334557,\"122\":4.3443846055,\"123\":4.3235239483,\"124\":4.5115545009,\"125\":4.5174382349,\"126\":4.5613089,\"127\":4.5379903519,\"128\":4.5837673479,\"129\":4.6208015548,\"130\":4.6591806143,\"131\":4.6775469996,\"132\":4.7285084869,\"133\":4.7871284152,\"134\":4.8144058989,\"135\":4.7933609533,\"136\":4.8345656059,\"137\":4.9545082622,\"138\":4.9670607533,\"139\":5.092820906,\"140\":5.1584182126}"
}