{"label":"Sawtooth_[1,6,36]_i=50","error_metrics":{"mae":0.1203138276,"median_ae":0.104284677,"smape":0.0238320084,"rsme":0.135975155,"mase":0.2020565555},"runtimes":"Training: 375.23 seconds","length_train_dataset":1464,"length_validation_dataset":36,"parameters":"Epochs: 100, hyperparameters: Hyperparamters(gradient_clip_val=0.01565726380636608, hidden_continuous_size=10, dropout=0.21608714783830352, attention_head_size=1, learning_rate=0.005623413251903493, accelerator='auto', hidden_size=223)","prediction":[8.4499530792,8.8085594177,9.0440263748,9.237154007,9.4994602203,9.9010505676,0.9253468513,1.2164068222,1.5685708523,1.9007120132,2.2127835751,2.4991950989,2.7617321014,3.0403683186,3.3535866737,3.6848709583,4.0104022026,4.323237896,4.6326532364,4.9472870827,5.2657923698,5.5762495995,5.8687143326,6.1442775726,6.4169960022,6.7042446136,7.0163106918,7.3467521667,7.6759128571,7.986207962,8.2884540558,8.6054773331,8.876291275,9.1373739243,9.4555263519,9.7348232269]}
