{"label":"InfluxDB_r=2h_om=lbfgs_order=ArimaOrder(order=(0, 1, 0), seasonal_order=(2, 0, 2, 84))","mean_squared_error":4.0412979495,"runtimes":"Training: 169.61 seconds","length_train_dataset":917,"length_test_dataset":200,"parameters":"order=(0, 1, 0), seasonal_order=(2, 0, 2, 84)","prediction":"{\"917\":7.2150714772,\"918\":7.2534117879,\"919\":7.2387087067,\"920\":7.3015282267,\"921\":7.2659416829,\"922\":6.963998922,\"923\":6.9513276791,\"924\":6.9817566997,\"925\":6.9276321269,\"926\":6.9812205853,\"927\":7.0146901382,\"928\":7.0345473845,\"929\":7.0576901109,\"930\":7.0491978376,\"931\":7.0740738513,\"932\":7.1218973676,\"933\":7.1634140943,\"934\":7.1364361727,\"935\":7.1703829392,\"936\":7.2807107818,\"937\":7.2829617036,\"938\":7.2733040277,\"939\":7.2841796203,\"940\":7.2954156921,\"941\":7.332097189,\"942\":7.3401196896,\"943\":7.3589955697,\"944\":7.3419425554,\"945\":7.4313593196,\"946\":7.3946581467,\"947\":7.4321976682,\"948\":7.4654234124,\"949\":7.4791465277,\"950\":7.5172782792,\"951\":7.5460382485,\"952\":7.5758360926,\"953\":7.5877083896,\"954\":7.5864652999,\"955\":7.6027313428,\"956\":7.6473404574,\"957\":7.6680064333,\"958\":7.6788215713,\"959\":7.6952943625,\"960\":7.7312526649,\"961\":7.731220984,\"962\":7.8198790204,\"963\":7.8600725731,\"964\":7.8347858078,\"965\":7.9072410669,\"966\":7.9252088242,\"967\":7.8938326296,\"968\":7.9507160419,\"969\":7.9473290967,\"970\":7.9678992652,\"971\":8.0046570452,\"972\":8.020923633,\"973\":8.0545320602,\"974\":8.088799251,\"975\":8.1061131456,\"976\":8.1192007054,\"977\":8.1556326062,\"978\":8.1688613856,\"979\":8.1946635643,\"980\":8.1940926386,\"981\":8.2216727276,\"982\":8.2302050263,\"983\":8.3043059289,\"984\":8.3046326054,\"985\":8.3013594132,\"986\":8.3772417957,\"987\":8.3844601121,\"988\":8.3925927433,\"989\":8.3946322741,\"990\":8.431157149,\"991\":8.4761397796,\"992\":8.522569746,\"993\":7.8467080982,\"994\":7.803167118,\"995\":7.4154934839,\"996\":7.4490624626,\"997\":7.5340599148,\"998\":7.5895160328,\"999\":7.610406273,\"1000\":7.5353807846,\"1001\":7.5419000309,\"1002\":7.6096474325,\"1003\":7.5848325678,\"1004\":7.6794281417,\"1005\":7.3284811208,\"1006\":7.1142084472,\"1007\":7.0965355625,\"1008\":7.1197129152,\"1009\":7.0748080338,\"1010\":7.0989153006,\"1011\":7.1407446505,\"1012\":7.1447540951,\"1013\":7.187276405,\"1014\":7.1407495206,\"1015\":7.1910629417,\"1016\":7.2521494816,\"1017\":7.2478559544,\"1018\":7.2338937175,\"1019\":7.3237588833,\"1020\":7.3546897918,\"1021\":7.3487308021,\"1022\":7.3601599299,\"1023\":7.3696500741,\"1024\":7.3905052618,\"1025\":7.4304482482,\"1026\":7.4304064443,\"1027\":7.4555320863,\"1028\":7.4459915678,\"1029\":7.4836342019,\"1030\":7.4714755678,\"1031\":7.5033646967,\"1032\":7.5739821739,\"1033\":7.5854181445,\"1034\":7.5990754303,\"1035\":7.6290610391,\"1036\":7.6796945062,\"1037\":7.6878636115,\"1038\":7.6673072233,\"1039\":7.6816567837,\"1040\":7.6840447383,\"1041\":7.7527858921,\"1042\":7.7237510507,\"1043\":7.7434785561,\"1044\":7.7702783333,\"1045\":7.777413086,\"1046\":7.7132024677,\"1047\":7.7562930511,\"1048\":7.7224009834,\"1049\":7.7574483969,\"1050\":7.7870583437,\"1051\":7.7526299533,\"1052\":7.8042064841,\"1053\":7.8048880591,\"1054\":7.8154067605,\"1055\":7.8635601041,\"1056\":7.8734047627,\"1057\":7.8900556134,\"1058\":7.9257167461,\"1059\":7.9290920681,\"1060\":7.9394924021,\"1061\":8.0000694962,\"1062\":7.9810275511,\"1063\":7.9943877332,\"1064\":8.0127299893,\"1065\":8.0227930947,\"1066\":8.0468316841,\"1067\":8.0983444164,\"1068\":8.0912728509,\"1069\":8.0864444224,\"1070\":8.15203745,\"1071\":8.1583260613,\"1072\":8.1651284787,\"1073\":8.1571735912,\"1074\":8.1901281465,\"1075\":8.2178963054,\"1076\":8.2663590105,\"1077\":7.9120166283,\"1078\":7.8816044232,\"1079\":7.6699626315,\"1080\":7.6657971867,\"1081\":7.7381565418,\"1082\":7.7672049076,\"1083\":7.7838620654,\"1084\":7.7467051417,\"1085\":7.766550307,\"1086\":7.7908186297,\"1087\":7.7813579078,\"1088\":7.8232899827,\"1089\":7.8388496809,\"1090\":7.6055192623,\"1091\":7.5968750656,\"1092\":7.6201801561,\"1093\":7.5792134224,\"1094\":7.6224652067,\"1095\":7.64593921,\"1096\":7.6626171292,\"1097\":7.6770504365,\"1098\":7.6758424446,\"1099\":7.6907477359,\"1100\":7.7241146973,\"1101\":7.760660143,\"1102\":7.7391274009,\"1103\":7.7566641652,\"1104\":7.8481833386,\"1105\":7.8509217896,\"1106\":7.841041548,\"1107\":7.8492114948,\"1108\":7.8561912624,\"1109\":7.8826980852,\"1110\":7.8896557963,\"1111\":7.9026915183,\"1112\":7.8891749663,\"1113\":7.9616855452,\"1114\":7.9314883194,\"1115\":7.9598034897,\"1116\":7.9792601513}"}
