{"label":"Sawtooth[1,10,10], 3 intervals","error_metrics":{"mae":13.3957481551,"median_ae":10.101172729,"smape":1.0668213289,"rsme":14.8522047387,"mase":11.9073316934},"runtimes":"Training: 0.91 seconds","length_train_dataset":7,"length_validation_dataset":20,"parameters":"order=(4, 0, 1), seasonal_order=(2, 0, 0, 9)","prediction":[8.8711652829,9.9909750661,11.1070096608,12.2203357972,13.3299499069,14.4372398385,15.5408317966,16.6420065401,17.7395008233,18.8309492474,19.9174871297,20.9979484514,22.0722749748,23.1405013865,24.2028107751,25.2589600817,26.3090189315,27.3528649179,28.3875240622,29.4148891301]}
