{
    "label": "Sawtooth_i=40_om=lbfgs",
    "error_metrics": "RSME: 5.105931572503283e-07, SMAPE: 7.491786816608198e-08, MASE: 2.3685761775063406e-07",
    "runtimes": "Training: 2.76 seconds",
    "length_train_dataset": 335,
    "length_validation_dataset": 25,
    "parameters": "order=(4, 0, 1), seasonal_order=(2, 0, 0, 9)",
    "prediction": "{\"335\":3.0000000345,\"336\":3.9999997766,\"337\":4.9999996894,\"338\":5.9999996884,\"339\":6.9999995655,\"340\":7.999999475,\"341\":8.9999994408,\"342\":0.9999999423,\"343\":1.9999998627,\"344\":2.99999981,\"345\":3.9999997459,\"346\":4.9999996745,\"347\":5.9999996138,\"348\":6.9999995515,\"349\":7.9999994845,\"350\":8.9999994209,\"351\":0.9999999362,\"352\":1.9999998711,\"353\":2.9999998413,\"354\":3.9999995199,\"355\":4.9999993682,\"356\":5.9999993028,\"357\":6.9999991159,\"358\":7.9999989612,\"359\":8.9999988627}"
}