{"label":"Sawtooth_[1,6,36]_i=30","error_metrics":{"mae":0.0001169148,"median_ae":0.0001073891,"smape":0.0000286299,"rsme":0.0001381406,"mase":0.0001973977},"runtimes":"Training: 22.48 seconds","length_train_dataset":864,"length_validation_dataset":36,"parameters":"order=(4, 0, 1), seasonal_order=(2, 0, 0, 30)","prediction":[8.4482542671,8.7585782428,9.068902882,9.3792279349,9.689553244,9.999878854,1.0001894622,1.3105156233,1.6208420463,1.931168723,2.2414956445,2.5518228024,2.8621501887,3.1724777955,3.4828056154,3.7931336411,4.1034618655,4.4137902818,4.7241188835,5.0344476642,5.3447766179,5.6551057386,5.9654350207,6.2757644585,6.5860940468,6.8964237805,7.2067536545,7.5170836641,7.8274138047,8.1377440717,8.448074327,8.7584047049,9.0687352008,9.3790658094,9.6893965258,9.9997273468]}
