{"label":"Sawtooth[1,6,36], 5 intervals","error_metrics":{"mae":0.0000310716,"median_ae":0.000029804,"smape":0.0000076621,"rsme":0.0000365613,"mase":0.0000576445},"runtimes":"Training: 12.46 seconds","length_train_dataset":115,"length_validation_dataset":35,"parameters":"order=(4, 0, 1), seasonal_order=(2, 0, 0, 30)","prediction":[8.758613099,9.0689513419,9.379290451,9.6896303626,9.999970196,1.0000497927,1.3103895865,1.6207294917,1.9310694949,2.2414095746,2.5517497201,2.8620899314,3.172430209,3.4827705508,3.793110954,4.103451416,4.4137919347,4.7241325081,5.0344731341,5.3448138108,5.6551545364,5.9654953091,6.2758361271,6.5861769887,6.8965178924,7.2068588366,7.5171998199,7.8275408407,8.1378818978,8.4482229897,8.7585640655,9.0689051802,9.3792463318,9.6895875187,9.999928734]}
