{"label":"Sawtooth","mean_squared_error":0.0000081799,"runtimes":"Training: 5.73 seconds","length_train_dataset":880,"length_test_dataset":20,"parameters":"order=(4, 0, 1), seasonal_order=(2, 0, 0, 9)","prediction":"{\"880\":7.9999968019,\"881\":8.9999939968,\"882\":1.0000056477,\"883\":2.0000029078,\"884\":3.0000004637,\"885\":3.9999982087,\"886\":4.9999959598,\"887\":5.99999385,\"888\":6.9999918313,\"889\":7.9999898581,\"890\":8.9999879562,\"891\":1.0000001254,\"892\":1.999998315,\"893\":2.9999965445,\"894\":3.9999948058,\"895\":4.9999930933,\"896\":5.9999914043,\"897\":6.9999897349,\"898\":7.999984888,\"899\":8.9999804479}"}
