{"label":"InfluxDB_r=4h-chained_e=100_pl=25_hst=50","error_metrics":{"mae":0.6553672283,"median_ae":0.5972567272,"smape":0.1392398103,"rsme":0.697710677,"mase":2.3245097288},"runtimes":"Training: 179.87 seconds","length_train_dataset":5222,"length_validation_dataset":25,"parameters":"Epochs: 100, hyperparameters: Hyperparamters(gradient_clip_val=6.9953515571, hidden_continuous_size=40, dropout=0.1558743686, attention_head_size=3, learning_rate=0.0039810717, accelerator='auto', hidden_size=70)","prediction":[3.2794137001,3.4517867565,3.5932681561,3.7386045456,3.863597393,3.965013504,4.0555930138,4.1455903053,4.2393898964,4.3374419212,4.4380669594,4.5385341644,4.6357946396,4.726770401,4.8092107773,4.8821234703,4.9457149506,5.0010557175,5.0497198105,5.0935006142,5.1342487335,5.1737518311,5.2133665085,5.2531147003,5.2894887924]}
