{"label":"Sawtooth_[1,6,36]_i=50","error_metrics":{"mae":0.0001698062,"median_ae":0.0001562072,"smape":0.000041511,"rsme":0.0002006578,"mase":0.0002851747},"runtimes":"Training: 30.29 seconds","length_train_dataset":1464,"length_validation_dataset":36,"parameters":"order=(4, 0, 1), seasonal_order=(2, 0, 0, 30)","prediction":[8.4482445079,8.7585590193,9.0688745261,9.3791906204,9.6895070945,9.9998240071,1.0002744223,1.3105921411,1.6209102428,1.9312287152,2.2415475452,2.5518667208,2.8621862299,3.1725060611,3.4828262034,3.7931466462,4.1034673791,4.4137883921,4.7241096756,5.0344312204,5.3447530175,5.6550750583,5.9653973343,6.2757198375,6.5860425601,6.8963654945,7.2066886336,7.5170119703,7.8273354977,8.1376592094,8.4479828697,8.7583067095,9.0686307224,9.3789548999,9.6892792348,9.9996037225]}
