{"label":"InfluxDB_r=2h_om=lbfgs_order=ArimaOrder(order=(1, 1, 1), seasonal_order=(2, 0, 2, 84))","mean_squared_error":4.0534583795,"runtimes":"Training: 289.32 seconds","length_train_dataset":917,"length_test_dataset":200,"parameters":"order=(1, 1, 1), seasonal_order=(2, 0, 2, 84)","prediction":"{\"917\":7.2305151471,\"918\":7.273199471,\"919\":7.2608679705,\"920\":7.3271258475,\"921\":7.2455537847,\"922\":6.9379663048,\"923\":6.9242907621,\"924\":6.9534304919,\"925\":6.8982269936,\"926\":6.9516602247,\"927\":6.9877876417,\"928\":7.0074116668,\"929\":7.0325041143,\"930\":7.0246096539,\"931\":7.0493617089,\"932\":7.1000523629,\"933\":7.1407782265,\"934\":7.1140056622,\"935\":7.1547979821,\"936\":7.2623386106,\"937\":7.264905427,\"938\":7.2578086159,\"939\":7.2705313704,\"940\":7.2854826963,\"941\":7.3209820053,\"942\":7.3307266063,\"943\":7.3501207366,\"944\":7.3346992312,\"945\":7.4228248968,\"946\":7.3860869469,\"947\":7.4240473154,\"948\":7.4656497764,\"949\":7.4805386429,\"950\":7.518997311,\"951\":7.5493907479,\"952\":7.5833170897,\"953\":7.5963748275,\"954\":7.5924186161,\"955\":7.6104045815,\"956\":7.6535156046,\"957\":7.6795668272,\"958\":7.6877970448,\"959\":7.7054368076,\"960\":7.7427456265,\"961\":7.7442219518,\"962\":7.8149499817,\"963\":7.8558872609,\"964\":7.8329258466,\"965\":7.9051017209,\"966\":7.9242599263,\"967\":7.8925349768,\"968\":7.9507996998,\"969\":7.9480453091,\"970\":7.9685029624,\"971\":8.0086992067,\"972\":8.0254182735,\"973\":8.0599017882,\"974\":8.0968470834,\"975\":8.1128960795,\"976\":8.1273389454,\"977\":8.1672349956,\"978\":8.1784893289,\"979\":8.2049575021,\"980\":8.2060168634,\"981\":8.2332650559,\"982\":8.2439547884,\"983\":8.3200355166,\"984\":8.3198847506,\"985\":8.3171936668,\"986\":8.3934577276,\"987\":8.4005407046,\"988\":8.4113159458,\"989\":8.4130846286,\"990\":8.4506917737,\"991\":8.4932517817,\"992\":8.5436763978,\"993\":7.8571484775,\"994\":7.8156437972,\"995\":7.4160997981,\"996\":7.4480857703,\"997\":7.531860433,\"998\":7.5907923826,\"999\":7.6103004251,\"1000\":7.5360490641,\"1001\":7.5464858211,\"1002\":7.6129329343,\"1003\":7.5898630858,\"1004\":7.6850822204,\"1005\":7.3306337529,\"1006\":7.1027789517,\"1007\":7.0854248911,\"1008\":7.1081203124,\"1009\":7.0619368622,\"1010\":7.0892699895,\"1011\":7.1323320965,\"1012\":7.1385604716,\"1013\":7.1806727901,\"1014\":7.1377007171,\"1015\":7.1859990022,\"1016\":7.2484204745,\"1017\":7.2491292145,\"1018\":7.2330312215,\"1019\":7.3229037331,\"1020\":7.3588021126,\"1021\":7.3537113029,\"1022\":7.3651601416,\"1023\":7.3763618999,\"1024\":7.3984572614,\"1025\":7.4384198715,\"1026\":7.4404252733,\"1027\":7.4653921725,\"1028\":7.4557373041,\"1029\":7.4977462895,\"1030\":7.4836129603,\"1031\":7.5169442261,\"1032\":7.590747621,\"1033\":7.6034247841,\"1034\":7.6199595299,\"1035\":7.6510369667,\"1036\":7.7031560074,\"1037\":7.712323058,\"1038\":7.6916297257,\"1039\":7.7072219751,\"1040\":7.7129425609,\"1041\":7.7817691726,\"1042\":7.7541515935,\"1043\":7.7747008015,\"1044\":7.8032404719,\"1045\":7.8109293181,\"1046\":7.7518722839,\"1047\":7.7955888468,\"1048\":7.7637784999,\"1049\":7.8023340226,\"1050\":7.8319854466,\"1051\":7.797763112,\"1052\":7.8509363961,\"1053\":7.8519623242,\"1054\":7.8635403842,\"1055\":7.9133400137,\"1056\":7.9243116178,\"1057\":7.9431414198,\"1058\":7.9807898378,\"1059\":7.9851158051,\"1060\":7.99699371,\"1061\":8.0577877075,\"1062\":8.0406437286,\"1063\":8.0553683166,\"1064\":8.0735579383,\"1065\":8.0851532447,\"1066\":8.1094591642,\"1067\":8.1652279875,\"1068\":8.1579849671,\"1069\":8.1537422309,\"1070\":8.22125039,\"1071\":8.2276805013,\"1072\":8.2362691222,\"1073\":8.2291881776,\"1074\":8.263325652,\"1075\":8.2914282144,\"1076\":8.3425018259,\"1077\":7.9483674826,\"1078\":7.9216121524,\"1079\":7.6838949819,\"1080\":7.6828150472,\"1081\":7.7556376531,\"1082\":7.7898250724,\"1083\":7.8061006197,\"1084\":7.7661365933,\"1085\":7.7877477855,\"1086\":7.8152033193,\"1087\":7.8064376452,\"1088\":7.8537138064,\"1089\":7.8217117579,\"1090\":7.5778901313,\"1091\":7.5678516913,\"1092\":7.590826409,\"1093\":7.5476560436,\"1094\":7.5913726998,\"1095\":7.6181980818,\"1096\":7.6346770961,\"1097\":7.6519522745,\"1098\":7.6498211912,\"1099\":7.6661108991,\"1100\":7.7035274059,\"1101\":7.7390844356,\"1102\":7.7174474192,\"1103\":7.7431513077,\"1104\":7.8332607547,\"1105\":7.8360726476,\"1106\":7.828590186,\"1107\":7.8384776408,\"1108\":7.8491042187,\"1109\":7.875724533,\"1110\":7.8840283049,\"1111\":7.8982232158,\"1112\":7.8858023591,\"1113\":7.9582441443,\"1114\":7.92766886,\"1115\":7.9571797714,\"1116\":7.9853787623}"}
