{"label":"Sawtooth_[1,10,10]_i=30","error_metrics":{"mae":0.0000030996,"median_ae":0.0000024375,"smape":0.0000007239,"rsme":0.0000039729,"mase":0.0000015734},"runtimes":"Training: 2.25 seconds","length_train_dataset":234,"length_validation_dataset":36,"parameters":"order=(4, 0, 1), seasonal_order=(2, 0, 0, 9)","prediction":[1.0000036166,2.1250024601,3.2500018506,4.3750009707,5.499999962,6.6249991035,7.7499983058,8.8749974767,9.9999966571,1.0000013824,2.1250006128,3.2499998502,4.3749991004,5.4999983645,6.6249976385,7.7499969213,8.8749962132,9.9999955133,1.0000039454,2.1250021039,3.2500008152,4.3749992619,5.4999975851,6.6249960631,7.7499946063,8.874993122,9.9999916509,1.0000012376,2.124999822,3.2499984165,4.3749970263,5.4999956521,6.6249942902,7.7499929391,8.8749915988,9.9999902684]}
