{
    "label": "Sawtooth_[1,10,10]_i=400",
    "error_metrics": {
        "mae": 0.0139343341,
        "median_ae": 0.0114357471,
        "smape": 0.003387624,
        "rsme": 0.017567077,
        "mase": 0.0069740178
    },
    "runtimes": "Training: 473.71 seconds",
    "length_train_dataset": 3564,
    "length_validation_dataset": 36,
    "parameters": "Epochs: 100, hyperparameters: Hyperparamters(gradient_clip_val=5.567624753786564, hidden_continuous_size=41, dropout=0.15965296238642823, attention_head_size=1, learning_rate=0.0031622776601683794, accelerator='auto', hidden_size=104)",
    "prediction": [
        0.9870033264,
        2.1107878685,
        3.2431094646,
        4.3625745773,
        5.4881176949,
        6.5704679489,
        7.7367486954,
        8.8785400391,
        10.0221614838,
        0.9905366898,
        2.125749588,
        3.2599434853,
        4.3636841774,
        5.4885468483,
        6.598739624,
        7.722826004,
        8.8742771149,
        10.0222702026,
        0.989906311,
        2.1247103214,
        3.2614183426,
        4.3665866852,
        5.4906611443,
        6.5995459557,
        7.7236413956,
        8.8724708557,
        10.0217914581,
        0.9891662598,
        2.1236414909,
        3.2634749413,
        4.3701534271,
        5.4924616814,
        6.5994019508,
        7.724272728,
        8.8706045151,
        10.0209312439
    ]
}