{"label":"Sawtooth[1,10,10], 20 intervals","error_metrics":{"mae":0.0000044164,"median_ae":0.000003792,"smape":0.0000007857,"rsme":0.0000055364,"mase":0.0000022452},"runtimes":"Training: 2.61 seconds","length_train_dataset":160,"length_validation_dataset":20,"parameters":"order=(4, 0, 1), seasonal_order=(2, 0, 0, 9)","prediction":[8.8749974312,9.9999954141,1.0000033393,2.125001616,3.2499999876,4.3749985889,5.4999971775,6.6249958006,7.7499945066,8.8749932398,9.9999919993,1.0000000959,2.1249989165,3.2499977561,4.3749966154,5.4999954905,6.6249943782,7.7499932777,8.8749896208,9.9999865233]}
