{
    "label": "InfluxDB_r=2h_om=lbfgs_order=ArimaOrder(order=(0, 0, 0), seasonal_order=(1, 0, 2, 84))",
    "mean_squared_error": 2.0772507796,
    "runtimes": "Training: 60.42 seconds",
    "length_train_dataset": 917,
    "length_test_dataset": 200,
    "parameters": "order=(0, 0, 0), seasonal_order=(1, 0, 2, 84)",
    "prediction": "{\"917\":3.9359085528,\"918\":4.052915994,\"919\":4.0259787927,\"920\":4.2458978973,\"921\":3.806724645,\"922\":3.1407891131,\"923\":3.083863514,\"924\":3.1943688751,\"925\":3.0291755603,\"926\":3.1334624399,\"927\":3.2494626694,\"928\":3.2592096329,\"929\":3.365067739,\"930\":3.3208852322,\"931\":3.3887217637,\"932\":3.5661837602,\"933\":3.5617012031,\"934\":3.5179035296,\"935\":3.6787285246,\"936\":3.9318356233,\"937\":3.9145937852,\"938\":3.9048933379,\"939\":3.9282091437,\"940\":3.9794980848,\"941\":4.0762136171,\"942\":4.0682023858,\"943\":4.1526911834,\"944\":4.0999959721,\"945\":4.2893664284,\"946\":4.212737171,\"947\":4.278566074,\"948\":4.451564493,\"949\":4.4797653459,\"950\":4.5426618876,\"951\":4.6115760009,\"952\":4.7049608644,\"953\":4.7439382723,\"954\":4.7164598984,\"955\":4.7555169287,\"956\":4.8137348843,\"957\":4.9572079696,\"958\":4.9327861536,\"959\":4.9617644416,\"960\":5.0550980876,\"961\":5.0531770883,\"962\":5.1276144444,\"963\":5.216202035,\"964\":5.1544818553,\"965\":5.3084212916,\"966\":5.3644200953,\"967\":5.2680346292,\"968\":5.4220747088,\"969\":5.4213464219,\"970\":5.4619038645,\"971\":5.579891722,\"972\":5.6146470501,\"973\":5.6845817814,\"974\":5.7713047966,\"975\":5.8133175285,\"976\":5.8365505903,\"977\":5.9878400078,\"978\":5.974074217,\"979\":6.0350057332,\"980\":6.045033033,\"981\":6.1139121341,\"982\":6.1489769046,\"983\":6.3218865573,\"984\":6.3194033369,\"985\":6.2984993127,\"986\":6.5184901962,\"987\":6.5137038867,\"988\":6.5426072296,\"989\":6.541031213,\"990\":6.6499135684,\"991\":6.7206040838,\"992\":6.8670023441,\"993\":5.3370283899,\"994\":5.1584378592,\"995\":4.2744474323,\"996\":4.3153329469,\"997\":4.5545417711,\"998\":4.7050582349,\"999\":4.7193268996,\"1000\":4.5779382634,\"1001\":3.9693468856,\"1002\":4.1413515855,\"1003\":4.0606969247,\"1004\":4.3017980502,\"1005\":3.9047251493,\"1006\":3.180847477,\"1007\":3.1355087471,\"1008\":3.2467971584,\"1009\":3.0886784468,\"1010\":3.1977823061,\"1011\":3.3045834027,\"1012\":3.3276428372,\"1013\":3.4304261809,\"1014\":3.3223490307,\"1015\":3.4507804781,\"1016\":3.6139988781,\"1017\":3.6419615973,\"1018\":3.5869397413,\"1019\":3.7513415448,\"1020\":3.9822705948,\"1021\":3.9701648732,\"1022\":3.9583479822,\"1023\":3.9718745848,\"1024\":4.0034975797,\"1025\":4.1297322319,\"1026\":4.1186720976,\"1027\":4.1948609219,\"1028\":4.1439098657,\"1029\":4.3334131073,\"1030\":4.2625148352,\"1031\":4.3593470942,\"1032\":4.4743328909,\"1033\":4.5027979059,\"1034\":4.5678953543,\"1035\":4.6478005614,\"1036\":4.7462308292,\"1037\":4.7689608994,\"1038\":4.7504229725,\"1039\":4.7861354636,\"1040\":4.8452603395,\"1041\":4.9715469707,\"1042\":4.9462264214,\"1043\":4.9933990045,\"1044\":5.0805124331,\"1045\":5.0819718877,\"1046\":5.1555983636,\"1047\":5.2808022245,\"1048\":5.1637089813,\"1049\":5.3204402381,\"1050\":5.3913331317,\"1051\":5.2838989792,\"1052\":5.4477664888,\"1053\":5.4399185915,\"1054\":5.4830670697,\"1055\":5.5981244091,\"1056\":5.6312407035,\"1057\":5.697960745,\"1058\":5.7870247652,\"1059\":5.8238739786,\"1060\":5.8443377301,\"1061\":5.9898172087,\"1062\":5.9759563327,\"1063\":6.0297339498,\"1064\":6.0512330183,\"1065\":6.108704059,\"1066\":6.1480069508,\"1067\":6.3194207609,\"1068\":6.315295184,\"1069\":6.2964875077,\"1070\":6.5163546165,\"1071\":6.5356564791,\"1072\":6.5383792124,\"1073\":6.5261099212,\"1074\":6.6322649208,\"1075\":6.7555975509,\"1076\":6.8805979504,\"1077\":5.4495579665,\"1078\":5.2776283554,\"1079\":4.5250190953,\"1080\":4.5578910533,\"1081\":4.8276722649,\"1082\":4.9228658453,\"1083\":4.9864388871,\"1084\":4.8234374762,\"1085\":3.9432602933,\"1086\":4.1141345764,\"1087\":4.0340099789,\"1088\":4.2735265851,\"1089\":3.8790632518,\"1090\":3.1599429117,\"1091\":3.1149021485,\"1092\":3.2254591711,\"1093\":3.0683796174,\"1094\":3.1767664449,\"1095\":3.2828656435,\"1096\":3.3057735312,\"1097\":3.4078813816,\"1098\":3.3005145157,\"1099\":3.4281019101,\"1100\":3.590247637,\"1101\":3.6180265848,\"1102\":3.5633663331,\"1103\":3.7266876861,\"1104\":3.9560990678,\"1105\":3.9440729051,\"1106\":3.9323336749,\"1107\":3.9457713805,\"1108\":3.9771865487,\"1109\":4.1025915854,\"1110\":4.0916041384,\"1111\":4.1672922489,\"1112\":4.1166760436,\"1113\":4.3049338677,\"1114\":4.2345015399,\"1115\":4.3306974162,\"1116\":4.444927525}"
}