{"label":"InfluxDB_r=2h_om=lbfgs_order=ArimaOrder(order=(1, 2, 1), seasonal_order=(2, 0, 2, 84))","mean_squared_error":4.2956806459,"runtimes":"Training: 295.43 seconds","length_train_dataset":917,"length_test_dataset":200,"parameters":"order=(1, 2, 1), seasonal_order=(2, 0, 2, 84)","prediction":"{\"917\":7.2406256834,\"918\":7.280383374,\"919\":7.2704212543,\"920\":7.3386295219,\"921\":7.2532844313,\"922\":6.9500312688,\"923\":6.9389746138,\"924\":6.9696673628,\"925\":6.9174561379,\"926\":6.9729772254,\"927\":7.0115032828,\"928\":7.033660649,\"929\":7.0609536661,\"930\":7.056105036,\"931\":7.0826182099,\"932\":7.1355852783,\"933\":7.1789199759,\"934\":7.1544834022,\"935\":7.1980744597,\"936\":7.306508492,\"937\":7.3115792645,\"938\":7.3073953176,\"939\":7.3228763603,\"940\":7.3406103299,\"941\":7.3779642265,\"942\":7.3905156674,\"943\":7.4120383876,\"944\":7.3993792511,\"945\":7.4890126232,\"946\":7.4550128791,\"947\":7.4951445534,\"948\":7.5402812154,\"949\":7.5577148356,\"950\":7.5984843356,\"951\":7.6311899484,\"952\":7.6678771559,\"953\":7.6833907293,\"954\":7.6814685307,\"955\":7.7019658812,\"956\":7.7471254815,\"957\":7.7760688539,\"958\":7.7863070382,\"959\":7.8064005739,\"960\":7.8459381117,\"961\":7.8501134166,\"962\":7.9208693017,\"963\":7.9638136705,\"964\":7.9441848368,\"965\":8.0181016482,\"966\":8.0395734268,\"967\":8.0107588149,\"968\":8.0709334412,\"969\":8.0708039335,\"970\":8.0934988223,\"971\":8.136231836,\"972\":8.1553408279,\"973\":8.1921045635,\"974\":8.2315701943,\"975\":8.2498006187,\"976\":8.2668680471,\"977\":8.30904381,\"978\":8.3225504613,\"979\":8.3512281133,\"980\":8.3549643967,\"981\":8.3843585325,\"982\":8.3976544561,\"983\":8.4759577855,\"984\":8.4780092246,\"985\":8.4779270854,\"986\":8.5558040262,\"987\":8.5651987855,\"988\":8.5788013623,\"989\":8.5830417846,\"990\":8.6227760481,\"991\":8.6668190476,\"992\":8.7197903125,\"993\":8.0387694782,\"994\":8.0017791393,\"995\":7.6052822048,\"996\":7.6394877027,\"997\":7.72421869,\"998\":7.7858803176,\"999\":7.8072523228,\"1000\":7.7363127115,\"1001\":7.7501098058,\"1002\":7.8177989872,\"1003\":7.7981124444,\"1004\":7.8950980563,\"1005\":7.5403262429,\"1006\":7.315031901,\"1007\":7.3002499167,\"1008\":7.3250658535,\"1009\":7.2815561858,\"1010\":7.3114692949,\"1011\":7.3570764879,\"1012\":7.3659337219,\"1013\":7.4102434159,\"1014\":7.371036183,\"1015\":7.4208429835,\"1016\":7.4855451728,\"1017\":7.4892816538,\"1018\":7.4757378546,\"1019\":7.5679464314,\"1020\":7.6063575381,\"1021\":7.6040647604,\"1022\":7.6182444379,\"1023\":7.6323281954,\"1024\":7.6574949184,\"1025\":7.6991095789,\"1026\":7.7041835504,\"1027\":7.7313878265,\"1028\":7.7246956042,\"1029\":7.7691197989,\"1030\":7.7573022275,\"1031\":7.7929371464,\"1032\":7.869952081,\"1033\":7.8853319956,\"1034\":7.9046332649,\"1035\":7.938250193,\"1036\":7.9930045357,\"1037\":8.0049289534,\"1038\":7.9865953223,\"1039\":8.0049912669,\"1040\":8.0133851382,\"1041\":8.0845591602,\"1042\":8.0597185526,\"1043\":8.0827998747,\"1044\":8.1139825119,\"1045\":8.1243912287,\"1046\":8.066074319,\"1047\":8.1119236532,\"1048\":8.0837533494,\"1049\":8.1248219285,\"1050\":8.156760519,\"1051\":8.125442055,\"1052\":8.1809076107,\"1053\":8.1845434623,\"1054\":8.1986068175,\"1055\":8.2510350035,\"1056\":8.2645969259,\"1057\":8.2861924689,\"1058\":8.3265725048,\"1059\":8.3332325989,\"1060\":8.3478718865,\"1061\":8.4109607804,\"1062\":8.3965098389,\"1063\":8.4139185382,\"1064\":8.4345529863,\"1065\":8.4486861877,\"1066\":8.4755381445,\"1067\":8.5339847143,\"1068\":8.5293337533,\"1069\":8.5278474125,\"1070\":8.5972582475,\"1071\":8.6061160024,\"1072\":8.6178184027,\"1073\":8.613416723,\"1074\":8.649979618,\"1075\":8.6798810555,\"1076\":8.7338420061,\"1077\":8.3395462559,\"1078\":8.31601558,\"1079\":8.0781532855,\"1080\":8.0797384459,\"1081\":8.1540383816,\"1082\":8.1915979117,\"1083\":8.2099004321,\"1084\":8.1726010339,\"1085\":8.197928539,\"1086\":8.22749094,\"1087\":8.2217530838,\"1088\":8.2720059506,\"1089\":8.2369111987,\"1090\":7.9959040715,\"1091\":7.9887343428,\"1092\":8.0139279451,\"1093\":7.9737217921,\"1094\":8.0201924814,\"1095\":8.0499878426,\"1096\":8.0694303375,\"1097\":8.089488346,\"1098\":8.0904669967,\"1099\":8.1092341192,\"1100\":8.1496297937,\"1101\":8.1882625926,\"1102\":8.1691881452,\"1103\":8.1983099195,\"1104\":8.2903855551,\"1105\":8.296026426,\"1106\":8.2917143834,\"1107\":8.3047094562,\"1108\":8.318466416,\"1109\":8.3476701753,\"1110\":8.3590800271,\"1111\":8.3759451881,\"1112\":8.3664756879,\"1113\":8.4413532441,\"1114\":8.41367743,\"1115\":8.4459824955,\"1116\":8.4781358102}"}
